prompt_id,task_category,character_length,token_count,word_count,fragmentation_ratio,structural_complexity,morphological_density,has_length_instruction,cat_instruction,cat_summarisation,cat_qa,cat_creative
exam-inst-001,instruction,56,41,8,5.125,0,2.0,0,1,0,0,0
exam-inst-002,instruction,104,79,18,4.3889,1,1.8889,0,1,0,0,0
exam-inst-003,instruction,55,37,9,4.1111,1,1.6667,0,1,0,0,0
exam-inst-004,instruction,370,254,61,4.1639,3,1.7895,0,1,0,0,0
exam-inst-005,instruction,220,144,40,3.6,6,1.65,0,1,0,0,0
exam-inst-006,instruction,73,49,14,3.5,0,1.6667,0,1,0,0,0
exam-inst-007,instruction,684,471,124,3.7984,5,1.6777,0,1,0,0,0
exam-inst-008,instruction,719,494,111,4.4505,4,1.9636,0,1,0,0,0
exam-inst-009,instruction,171,121,36,3.3611,0,1.3333,0,1,0,0,0
exam-inst-010,instruction,103,73,21,3.4762,0,1.5556,0,1,0,0,0
exam-inst-011,instruction,135,97,23,4.2174,1,1.9091,0,1,0,0,0
exam-inst-012,instruction,59,37,9,4.1111,0,1.875,0,1,0,0,0
exam-inst-013,instruction,325,242,58,4.1724,1,1.8421,0,1,0,0,0
exam-inst-014,instruction,95,72,18,4.0,1,1.2353,0,1,0,0,0
exam-inst-015,instruction,56,35,10,3.5,0,1.8,0,1,0,0,0
exam-inst-016,instruction,68,53,14,3.7857,1,1.5833,0,1,0,0,0
exam-inst-017,instruction,57,42,9,4.6667,1,1.6667,0,1,0,0,0
exam-inst-018,instruction,82,58,14,4.1429,1,1.6429,0,1,0,0,0
exam-inst-019,instruction,155,110,33,3.3333,0,1.5152,0,1,0,0,0
exam-inst-020,instruction,43,31,8,3.875,0,1.75,0,1,0,0,0
exam-inst-021,instruction,39,30,6,5.0,0,1.5,0,1,0,0,0
exam-inst-022,instruction,148,111,24,4.625,0,2.087,0,1,0,0,0
exam-inst-023,instruction,171,117,34,3.4412,1,1.7879,0,1,0,0,0
exam-inst-024,instruction,162,114,26,4.3846,1,1.72,0,1,0,0,0
exam-inst-025,instruction,186,133,29,4.5862,0,1.9655,0,1,0,0,0
exam-inst-026,instruction,128,92,21,4.381,1,1.8,1,1,0,0,0
exam-inst-027,instruction,501,360,87,4.1379,1,1.6163,0,1,0,0,0
exam-inst-028,instruction,610,424,114,3.7193,2,1.6195,0,1,0,0,0
exam-inst-029,instruction,267,178,44,4.0455,7,1.8864,0,1,0,0,0
exam-inst-030,instruction,73,53,15,3.5333,0,1.5385,0,1,0,0,0
exam-inst-031,instruction,422,284,71,4.0,1,1.8028,0,1,0,0,0
exam-inst-032,instruction,43,30,10,3.0,0,1.625,0,1,0,0,0
exam-inst-033,instruction,51,34,11,3.0909,1,1.5556,0,1,0,0,0
exam-inst-034,instruction,41,31,8,3.875,0,1.5,0,1,0,0,0
exam-inst-035,instruction,278,198,47,4.2128,5,1.7447,1,1,0,0,0
exam-inst-036,instruction,151,106,25,4.24,1,1.75,0,1,0,0,0
exam-inst-037,instruction,132,92,21,4.381,0,2.0,0,1,0,0,0
exam-inst-038,instruction,46,36,9,4.0,0,1.4444,0,1,0,0,0
exam-inst-039,instruction,271,195,39,5.0,2,2.0488,0,1,0,0,0
exam-inst-040,instruction,58,42,12,3.5,0,2.1429,0,1,0,0,0
exam-inst-041,instruction,525,375,87,4.3103,4,1.8571,0,1,0,0,0
exam-inst-042,instruction,123,97,19,5.1053,3,1.5,0,1,0,0,0
exam-inst-043,instruction,53,39,11,3.5455,1,1.2727,0,1,0,0,0
exam-inst-044,instruction,180,125,27,4.6296,3,1.8148,0,1,0,0,0
exam-inst-045,instruction,119,83,23,3.6087,0,1.7143,1,1,0,0,0
exam-inst-046,instruction,55,41,8,5.125,0,2.125,0,1,0,0,0
exam-inst-047,instruction,430,291,79,3.6835,1,1.6029,0,1,0,0,0
exam-inst-048,instruction,151,109,25,4.36,2,1.72,0,1,0,0,0
exam-inst-049,instruction,127,94,23,4.087,0,1.6957,0,1,0,0,0
exam-inst-050,instruction,83,58,15,3.8667,0,1.7333,0,1,0,0,0
exam-inst-051,instruction,46,33,9,3.6667,1,1.4444,0,1,0,0,0
exam-inst-052,instruction,224,151,31,4.871,5,2.3226,0,1,0,0,0
exam-inst-053,instruction,173,119,30,3.9667,0,1.7692,0,1,0,0,0
exam-inst-054,instruction,227,168,38,4.4211,0,1.85,0,1,0,0,0
exam-inst-055,instruction,161,115,26,4.4231,0,2.0833,0,1,0,0,0
exam-inst-056,instruction,163,101,29,3.4828,1,1.6,0,1,0,0,0
exam-inst-057,instruction,60,42,9,4.6667,1,1.6667,0,1,0,0,0
exam-inst-058,instruction,757,509,131,3.8855,1,1.6281,0,1,0,0,0
exam-inst-059,instruction,77,51,12,4.25,0,2.1667,0,1,0,0,0
exam-inst-060,instruction,67,45,10,4.5,1,2.1,0,1,0,0,0
exam-inst-061,instruction,160,113,26,4.3462,3,1.9231,0,1,0,0,0
exam-inst-062,instruction,66,44,15,2.9333,0,1.3333,0,1,0,0,0
exam-inst-063,instruction,74,55,14,3.9286,1,1.5,0,1,0,0,0
exam-inst-064,instruction,34,30,6,5.0,0,1.5,0,1,0,0,0
exam-inst-065,instruction,59,39,11,3.5455,2,1.8182,0,1,0,0,0
exam-inst-066,instruction,374,260,67,3.8806,1,1.5781,0,1,0,0,0
exam-inst-067,instruction,53,41,10,4.1,0,1.5,0,1,0,0,0
exam-inst-068,instruction,167,129,25,5.16,3,1.5385,1,1,0,0,0
exam-inst-069,instruction,65,54,12,4.5,1,1.6364,0,1,0,0,0
exam-inst-070,instruction,364,261,73,3.5753,2,1.4706,0,1,0,0,0
exam-inst-071,instruction,232,164,38,4.3158,0,1.6842,0,1,0,0,0
exam-inst-072,instruction,617,447,109,4.1009,1,1.6055,0,1,0,0,0
exam-inst-073,instruction,143,97,28,3.4643,5,1.4783,0,1,0,0,0
exam-inst-074,instruction,195,135,37,3.6486,1,1.4595,0,1,0,0,0
exam-inst-075,instruction,469,319,83,3.8434,3,1.6173,0,1,0,0,0
exam-inst-076,instruction,81,65,13,5.0,0,1.8462,0,1,0,0,0
exam-inst-077,instruction,548,382,77,4.961,2,1.8816,0,1,0,0,0
exam-inst-078,instruction,70,52,13,4.0,1,1.3846,0,1,0,0,0
exam-inst-079,instruction,61,44,12,3.6667,2,1.6364,0,1,0,0,0
exam-inst-080,instruction,70,52,11,4.7273,0,1.7273,0,1,0,0,0
exam-inst-081,instruction,376,268,60,4.4667,1,2.1897,0,1,0,0,0
exam-inst-082,instruction,48,36,9,4.0,1,1.3333,0,1,0,0,0
exam-inst-083,instruction,337,238,63,3.7778,1,1.5873,0,1,0,0,0
exam-inst-084,instruction,342,232,58,4.0,0,1.7586,1,1,0,0,0
exam-inst-085,instruction,211,150,36,4.1667,0,1.8649,0,1,0,0,0
exam-inst-086,instruction,42,30,7,4.2857,0,1.7143,0,1,0,0,0
exam-inst-087,instruction,453,309,75,4.12,3,1.8933,0,1,0,0,0
exam-inst-088,instruction,149,111,25,4.44,2,1.9615,1,1,0,0,0
exam-inst-089,instruction,51,38,9,4.2222,0,1.875,0,1,0,0,0
exam-inst-090,instruction,44,30,7,4.2857,0,2.4286,0,1,0,0,0
exam-inst-091,instruction,129,99,26,3.8077,3,1.3846,1,1,0,0,0
exam-inst-092,instruction,46,35,8,4.375,0,2.0,0,1,0,0,0
exam-inst-093,instruction,37,32,6,5.3333,0,1.8333,0,1,0,0,0
exam-inst-094,instruction,71,54,13,4.1538,0,1.4545,0,1,0,0,0
exam-inst-095,instruction,42,30,8,3.75,0,1.625,0,1,0,0,0
exam-inst-096,instruction,90,66,17,3.8824,1,1.7333,0,1,0,0,0
exam-inst-097,instruction,76,50,13,3.8462,1,1.4615,0,1,0,0,0
exam-inst-098,instruction,57,44,10,4.4,0,1.7,0,1,0,0,0
exam-inst-099,instruction,161,112,31,3.6129,4,1.5161,0,1,0,0,0
exam-inst-100,instruction,222,153,36,4.25,0,1.75,0,1,0,0,0
exam-inst-101,instruction,49,35,8,4.375,0,1.625,0,1,0,0,0
exam-inst-102,instruction,48,34,7,4.8571,1,1.7143,0,1,0,0,0
exam-inst-103,instruction,187,146,35,4.1714,0,1.5455,0,1,0,0,0
exam-inst-104,instruction,249,177,37,4.7838,1,1.8049,0,1,0,0,0
exam-inst-105,instruction,41,31,8,3.875,0,1.5,0,1,0,0,0
exam-inst-106,instruction,140,96,22,4.3636,0,1.7273,0,1,0,0,0
exam-inst-107,instruction,47,34,10,3.4,0,1.625,0,1,0,0,0
exam-inst-108,instruction,68,45,11,4.0909,0,1.6364,0,1,0,0,0
exam-inst-109,instruction,70,49,11,4.4545,1,1.6364,0,1,0,0,0
exam-inst-110,instruction,69,56,13,4.3077,0,1.4615,0,1,0,0,0
exam-inst-111,instruction,45,33,7,4.7143,3,2.1429,0,1,0,0,0
exam-inst-112,instruction,149,107,31,3.4516,1,1.5172,0,1,0,0,0
exam-inst-113,instruction,83,60,14,4.2857,0,1.8571,0,1,0,0,0
exam-inst-114,instruction,57,44,10,4.4,0,1.7,0,1,0,0,0
exam-inst-115,instruction,589,415,101,4.1089,3,1.697,0,1,0,0,0
exam-inst-116,instruction,166,122,30,4.0667,0,1.7333,0,1,0,0,0
exam-inst-117,instruction,106,82,18,4.5556,0,1.8235,0,1,0,0,0
exam-inst-118,instruction,129,93,36,2.5833,4,1.7857,0,1,0,0,0
exam-inst-119,instruction,134,101,22,4.5909,0,1.7,0,1,0,0,0
exam-inst-120,instruction,194,130,27,4.8148,4,2.2308,0,1,0,0,0
exam-inst-121,instruction,50,36,8,4.5,0,1.75,0,1,0,0,0
exam-inst-122,instruction,45,32,9,3.5556,0,1.375,0,1,0,0,0
exam-inst-123,instruction,595,400,104,3.8462,3,1.5455,0,1,0,0,0
exam-inst-124,instruction,65,44,10,4.4,2,1.7,0,1,0,0,0
exam-inst-125,instruction,132,94,21,4.4762,1,1.7143,0,1,0,0,0
exam-inst-126,instruction,436,293,76,3.8553,2,1.7,0,1,0,0,0
exam-inst-127,instruction,127,97,21,4.619,0,1.8571,0,1,0,0,0
exam-inst-128,instruction,351,245,62,3.9516,7,1.8276,0,1,0,0,0
exam-inst-129,instruction,616,449,106,4.2358,2,1.5049,0,1,0,0,0
exam-inst-130,instruction,44,33,7,4.7143,0,1.8571,0,1,0,0,0
exam-inst-131,instruction,40,30,7,4.2857,0,1.4286,0,1,0,0,0
exam-inst-132,instruction,63,45,9,5.0,1,2.1111,0,1,0,0,0
exam-inst-133,instruction,47,34,10,3.4,0,1.4444,0,1,0,0,0
exam-inst-134,instruction,288,196,46,4.2609,1,1.8478,0,1,0,0,0
exam-inst-135,instruction,44,34,8,4.25,1,1.75,0,1,0,0,0
exam-inst-136,instruction,141,104,22,4.7273,3,1.7727,0,1,0,0,0
exam-inst-137,instruction,164,120,28,4.2857,1,1.8929,0,1,0,0,0
exam-inst-138,instruction,52,41,9,4.5556,0,2.0,0,1,0,0,0
exam-inst-139,instruction,604,402,102,3.9412,3,1.62,0,1,0,0,0
exam-inst-140,instruction,54,41,9,4.5556,0,1.7778,0,1,0,0,0
exam-summ-001,summarisation,105,75,17,4.4118,3,1.5882,1,0,1,0,0
exam-summ-002,summarisation,693,474,116,4.0862,3,1.7845,1,0,1,0,0
exam-summ-003,summarisation,896,625,158,3.9557,3,1.5817,1,0,1,0,0
exam-summ-004,summarisation,921,628,156,4.0256,3,1.7756,0,0,1,0,0
exam-summ-005,summarisation,286,205,49,4.1837,3,1.8367,1,0,1,0,0
exam-summ-006,summarisation,903,622,147,4.2313,3,1.7808,1,0,1,0,0
exam-summ-007,summarisation,113,78,22,3.5455,3,1.4545,0,0,1,0,0
exam-summ-008,summarisation,109,81,18,4.5,3,1.6667,1,0,1,0,0
exam-summ-009,summarisation,336,236,60,3.9333,6,1.55,1,0,1,0,0
exam-summ-010,summarisation,307,199,45,4.4222,5,2.2,1,0,1,0,0
exam-summ-011,summarisation,339,242,51,4.7451,5,2.06,1,0,1,0,0
exam-summ-012,summarisation,852,585,139,4.2086,3,1.8188,1,0,1,0,0
exam-summ-013,summarisation,355,250,62,4.0323,3,1.7419,1,0,1,0,0
exam-summ-014,summarisation,242,170,45,3.7778,3,1.4318,0,0,1,0,0
exam-summ-015,summarisation,282,192,45,4.2667,3,1.8889,1,0,1,0,0
exam-summ-016,summarisation,949,649,163,3.9816,3,1.6788,1,0,1,0,0
exam-summ-017,summarisation,123,86,23,3.7391,3,1.4783,1,0,1,0,0
exam-summ-018,summarisation,194,128,35,3.6571,5,1.6176,0,0,1,0,0
exam-summ-019,summarisation,571,397,102,3.8922,3,1.6907,1,0,1,0,0
exam-summ-020,summarisation,350,248,56,4.4286,3,1.8596,1,0,1,0,0
exam-summ-021,summarisation,316,221,58,3.8103,3,1.569,1,0,1,0,0
exam-summ-022,summarisation,762,517,125,4.136,6,1.6452,1,0,1,0,0
exam-summ-023,summarisation,358,250,59,4.2373,3,1.8644,1,0,1,0,0
exam-summ-024,summarisation,352,241,62,3.8871,3,1.623,1,0,1,0,0
exam-summ-025,summarisation,911,631,150,4.2067,3,1.7755,1,0,1,0,0
exam-summ-026,summarisation,886,634,150,4.2267,4,1.5772,1,0,1,0,0
exam-summ-027,summarisation,823,563,150,3.7533,4,1.5172,1,0,1,0,0
exam-summ-028,summarisation,353,240,61,3.9344,3,1.541,1,0,1,0,0
exam-summ-029,summarisation,896,633,148,4.277,3,1.7877,1,0,1,0,0
exam-summ-030,summarisation,279,191,49,3.898,3,1.8085,1,0,1,0,0
exam-summ-031,summarisation,919,627,156,4.0192,4,1.755,1,0,1,0,0
exam-summ-032,summarisation,299,210,50,4.2,3,1.66,1,0,1,0,0
exam-summ-033,summarisation,901,645,159,4.0566,3,1.5346,1,0,1,0,0
exam-summ-034,summarisation,328,232,57,4.0702,3,1.7368,1,0,1,0,0
exam-summ-035,summarisation,230,155,36,4.3056,5,1.9167,1,0,1,0,0
exam-summ-036,summarisation,126,86,21,4.0952,3,1.95,1,0,1,0,0
exam-summ-037,summarisation,936,636,152,4.1842,4,1.9262,1,0,1,0,0
exam-summ-038,summarisation,855,587,148,3.9662,3,1.7297,1,0,1,0,0
exam-summ-039,summarisation,336,224,58,3.8621,6,1.7321,0,0,1,0,0
exam-summ-040,summarisation,889,605,159,3.805,3,1.6065,1,0,1,0,0
exam-summ-041,summarisation,921,637,152,4.1908,4,1.7152,1,0,1,0,0
exam-summ-042,summarisation,126,85,25,3.4,3,1.48,1,0,1,0,0
exam-summ-043,summarisation,102,67,17,3.9412,3,1.5882,1,0,1,0,0
exam-summ-044,summarisation,697,475,103,4.6117,11,2.0971,0,0,1,0,0
exam-summ-045,summarisation,832,572,133,4.3008,12,1.9688,0,0,1,0,0
exam-summ-046,summarisation,318,227,54,4.2037,3,1.7963,1,0,1,0,0
exam-summ-047,summarisation,339,245,61,4.0164,5,1.7,1,0,1,0,0
exam-summ-048,summarisation,277,200,45,4.4444,3,1.7778,1,0,1,0,0
exam-summ-049,summarisation,209,140,39,3.5897,3,1.8056,1,0,1,0,0
exam-summ-050,summarisation,258,180,38,4.7368,3,2.1053,1,0,1,0,0
exam-summ-051,summarisation,248,180,43,4.186,4,1.4524,1,0,1,0,0
exam-summ-052,summarisation,859,610,152,4.0132,3,1.6533,1,0,1,0,0
exam-summ-053,summarisation,229,158,38,4.1579,3,1.6486,1,0,1,0,0
exam-summ-054,summarisation,755,528,119,4.437,4,1.6838,0,0,1,0,0
exam-summ-055,summarisation,95,62,17,3.6471,3,1.3529,1,0,1,0,0
exam-summ-056,summarisation,103,73,19,3.8421,3,1.3684,1,0,1,0,0
exam-summ-057,summarisation,117,82,22,3.7273,3,1.5909,1,0,1,0,0
exam-summ-058,summarisation,332,241,52,4.6346,3,2.0192,1,0,1,0,0
exam-summ-059,summarisation,747,523,125,4.184,3,1.72,1,0,1,0,0
exam-summ-060,summarisation,789,568,130,4.3692,5,1.6299,1,0,1,0,0
exam-summ-061,summarisation,596,427,97,4.4021,3,1.8351,1,0,1,0,0
exam-summ-062,summarisation,377,253,60,4.2167,3,1.7797,1,0,1,0,0
exam-summ-063,summarisation,98,67,19,3.5263,3,1.5882,1,0,1,0,0
exam-summ-064,summarisation,362,238,61,3.9016,7,1.7705,1,0,1,0,0
exam-summ-065,summarisation,77,54,15,3.6,3,1.3571,1,0,1,0,0
exam-summ-066,summarisation,85,65,14,4.6429,3,1.7857,1,0,1,0,0
exam-summ-067,summarisation,221,168,36,4.6667,3,1.7778,1,0,1,0,0
exam-summ-068,summarisation,102,71,19,3.7368,3,1.5,1,0,1,0,0
exam-summ-069,summarisation,907,645,152,4.2434,3,1.6447,0,0,1,0,0
exam-summ-070,summarisation,316,219,54,4.0556,6,1.7963,1,0,1,0,0
exam-summ-071,summarisation,910,630,161,3.913,3,1.6875,0,0,1,0,0
exam-summ-072,summarisation,850,614,136,4.5147,19,1.9412,1,0,1,0,0
exam-summ-073,summarisation,94,66,17,3.8824,3,1.5882,1,0,1,0,0
exam-summ-074,summarisation,118,84,22,3.8182,3,1.5,1,0,1,0,0
exam-summ-075,summarisation,356,242,65,3.7231,3,1.6032,1,0,1,0,0
exam-summ-076,summarisation,737,536,125,4.288,9,1.7377,0,0,1,0,0
exam-summ-077,summarisation,121,81,22,3.6818,3,1.5455,1,0,1,0,0
exam-summ-078,summarisation,236,161,43,3.7442,3,1.6279,0,0,1,0,0
exam-summ-079,summarisation,846,597,143,4.1748,6,1.7589,1,0,1,0,0
exam-summ-080,summarisation,240,164,37,4.4324,5,1.8378,1,0,1,0,0
exam-summ-081,summarisation,342,246,51,4.8235,6,1.8542,1,0,1,0,0
exam-summ-082,summarisation,898,615,147,4.1837,3,1.8776,1,0,1,0,0
exam-summ-083,summarisation,107,71,18,3.9444,3,1.8824,1,0,1,0,0
exam-summ-084,summarisation,842,583,138,4.2246,3,1.8102,1,0,1,0,0
exam-summ-085,summarisation,330,237,61,3.8852,3,1.6721,1,0,1,0,0
exam-summ-086,summarisation,89,58,16,3.625,3,1.6875,1,0,1,0,0
exam-summ-087,summarisation,291,208,47,4.4255,3,1.7708,0,0,1,0,0
exam-summ-088,summarisation,312,204,50,4.08,3,1.76,0,0,1,0,0
exam-summ-089,summarisation,853,585,138,4.2391,4,1.7174,1,0,1,0,0
exam-summ-090,summarisation,326,217,57,3.807,5,1.7647,1,0,1,0,0
exam-summ-091,summarisation,115,80,20,4.0,3,1.6,1,0,1,0,0
exam-summ-092,summarisation,320,222,61,3.6393,3,1.5424,1,0,1,0,0
exam-summ-093,summarisation,850,601,142,4.2324,5,1.8529,1,0,1,0,0
exam-summ-094,summarisation,788,537,134,4.0075,5,1.7727,1,0,1,0,0
exam-summ-095,summarisation,215,146,35,4.1714,3,2.0,1,0,1,0,0
exam-summ-096,summarisation,338,230,52,4.4231,3,2.0755,0,0,1,0,0
exam-summ-097,summarisation,100,68,15,4.5333,3,1.8667,1,0,1,0,0
exam-summ-098,summarisation,86,62,16,3.875,3,1.1875,1,0,1,0,0
exam-summ-099,summarisation,160,119,29,4.1034,4,1.6897,1,0,1,0,0
exam-summ-100,summarisation,98,74,16,4.625,3,1.8125,1,0,1,0,0
exam-qa-001,qa,405,325,63,5.1587,14,1.7627,0,0,0,1,0
exam-qa-002,qa,127,89,24,3.7083,6,1.2857,0,0,0,1,0
exam-qa-003,qa,354,242,62,3.9032,8,1.6491,1,0,0,1,0
exam-qa-004,qa,239,163,38,4.2895,10,1.7879,1,0,0,1,0
exam-qa-005,qa,760,518,126,4.1111,6,1.7317,1,0,0,1,0
exam-qa-006,qa,111,74,20,3.7,6,1.5,0,0,0,1,0
exam-qa-007,qa,433,291,70,4.1571,11,1.6154,0,0,0,1,0
exam-qa-008,qa,351,244,59,4.1356,6,1.6842,0,0,0,1,0
exam-qa-009,qa,785,549,138,3.9783,7,1.8134,0,0,0,1,0
exam-qa-010,qa,368,257,55,4.6727,4,1.9245,0,0,0,1,0
exam-qa-011,qa,322,225,54,4.1667,14,1.6226,1,0,0,1,0
exam-qa-012,qa,793,565,147,3.8435,6,1.6301,0,0,0,1,0
exam-qa-013,qa,342,236,61,3.8689,6,1.55,0,0,0,1,0
exam-qa-014,qa,218,148,40,3.7,6,1.6667,0,0,0,1,0
exam-qa-015,qa,331,219,50,4.38,9,1.7347,1,0,0,1,0
exam-qa-016,qa,324,217,63,3.4444,6,1.5536,1,0,0,1,0
exam-qa-017,qa,523,337,90,3.7444,7,1.814,1,0,0,1,0
exam-qa-018,qa,186,132,32,4.125,8,1.6897,1,0,0,1,0
exam-qa-019,qa,92,65,17,3.8235,7,1.8,1,0,0,1,0
exam-qa-020,qa,252,181,37,4.8919,7,1.5526,0,0,0,1,0
exam-qa-021,qa,567,387,95,4.0737,10,1.5667,0,0,0,1,0
exam-qa-022,qa,163,113,29,3.8966,4,1.6786,0,0,0,1,0
exam-qa-023,qa,121,80,20,4.0,12,1.5,1,0,0,1,0
exam-qa-024,qa,121,86,20,4.3,6,1.5263,0,0,0,1,0
exam-qa-025,qa,94,63,16,3.9375,6,1.625,0,0,0,1,0
exam-qa-026,qa,129,88,21,4.1905,10,1.6842,0,0,0,1,0
exam-qa-027,qa,369,258,65,3.9692,4,1.75,0,0,0,1,0
exam-qa-028,qa,280,191,49,3.898,6,1.5455,0,0,0,1,0
exam-qa-029,qa,209,139,35,3.9714,14,1.6061,0,0,0,1,0
exam-qa-030,qa,743,514,120,4.2833,11,1.8898,1,0,0,1,0
exam-qa-031,qa,232,155,43,3.6047,6,1.4634,1,0,0,1,0
exam-qa-032,qa,114,78,21,3.7143,6,1.55,0,0,0,1,0
exam-qa-033,qa,142,88,27,3.2593,8,1.4286,1,0,0,1,0
exam-qa-034,qa,193,131,35,3.7429,8,1.3871,1,0,0,1,0
exam-qa-035,qa,605,422,111,3.8018,6,1.6577,0,0,0,1,0
exam-qa-036,qa,246,161,42,3.8333,6,1.7619,1,0,0,1,0
exam-qa-037,qa,125,87,23,3.7826,10,1.5556,1,0,0,1,0
exam-qa-038,qa,94,67,17,3.9412,8,1.5714,0,0,0,1,0
exam-qa-039,qa,271,186,47,3.9574,4,1.7381,0,0,0,1,0
exam-qa-040,qa,793,548,135,4.0593,4,1.8244,0,0,0,1,0
exam-qa-041,qa,507,352,85,4.1412,9,1.679,0,0,0,1,0
exam-qa-042,qa,612,414,101,4.099,6,1.81,0,0,0,1,0
exam-qa-043,qa,103,76,17,4.4706,7,1.5,1,0,0,1,0
exam-qa-044,qa,163,109,27,4.037,6,1.5769,1,0,0,1,0
exam-qa-045,qa,264,181,55,3.2909,6,1.3571,0,0,0,1,0
exam-qa-046,qa,128,90,24,3.75,6,1.3333,0,0,0,1,0
exam-qa-047,qa,286,198,52,3.8077,8,1.6471,0,0,0,1,0
exam-qa-048,qa,808,574,136,4.2206,18,1.6222,0,0,0,1,0
exam-qa-049,qa,394,252,60,4.2,12,1.7115,1,0,0,1,0
exam-qa-050,qa,127,88,24,3.6667,8,1.7273,0,0,0,1,0
exam-qa-051,qa,247,172,47,3.6596,8,1.5652,0,0,0,1,0
exam-qa-052,qa,209,138,36,3.8333,8,1.7059,1,0,0,1,0
exam-qa-053,qa,339,239,57,4.193,11,1.5094,1,0,0,1,0
exam-qa-054,qa,443,326,76,4.2895,6,1.72,1,0,0,1,0
exam-qa-055,qa,514,366,97,3.7732,8,1.4222,1,0,0,1,0
exam-qa-056,qa,810,548,131,4.1832,8,1.7769,1,0,0,1,0
exam-qa-057,qa,323,227,56,4.0536,7,1.5962,0,0,0,1,0
exam-qa-058,qa,354,257,52,4.9423,12,2.0851,0,0,0,1,0
exam-qa-059,qa,148,104,27,3.8519,6,1.7083,1,0,0,1,0
exam-qa-060,qa,502,357,89,4.0112,8,1.6437,1,0,0,1,0
exam-qa-061,qa,334,229,68,3.3676,14,1.4259,0,0,0,1,0
exam-qa-062,qa,103,71,18,3.9444,10,1.3333,0,0,0,1,0
exam-qa-063,qa,155,109,27,4.037,4,1.4231,0,0,0,1,0
exam-qa-064,qa,357,271,55,4.9273,14,1.7679,0,0,0,1,0
exam-qa-065,qa,537,364,95,3.8316,10,1.6129,0,0,0,1,0
exam-qa-066,qa,131,90,23,3.913,10,1.65,0,0,0,1,0
exam-qa-067,qa,286,196,53,3.6981,6,1.5682,0,0,0,1,0
exam-qa-068,qa,120,86,22,3.9091,6,1.8,0,0,0,1,0
exam-qa-069,qa,373,272,68,4.0,6,1.5806,0,0,0,1,0
exam-qa-070,qa,712,498,114,4.3684,6,1.7857,1,0,0,1,0
exam-qa-071,qa,900,623,153,4.0719,9,1.6892,0,0,0,1,0
exam-qa-072,qa,804,559,136,4.1103,11,1.7603,0,0,0,1,0
exam-qa-073,qa,290,197,46,4.2826,11,1.7111,1,0,0,1,0
exam-qa-074,qa,163,121,26,4.6538,7,1.4231,0,0,0,1,0
exam-qa-075,qa,443,301,77,3.9091,7,1.6316,0,0,0,1,0
exam-qa-076,qa,669,466,112,4.1607,8,1.7857,0,0,0,1,0
exam-qa-077,qa,674,486,121,4.0165,6,1.6833,0,0,0,1,0
exam-qa-078,qa,531,359,90,3.9889,14,1.6375,1,0,0,1,0
exam-qa-079,qa,113,82,19,4.3158,7,1.5263,0,0,0,1,0
exam-qa-080,qa,597,429,90,4.7667,9,2.119,0,0,0,1,0
exam-qa-081,qa,126,89,23,3.8696,4,1.6364,0,0,0,1,0
exam-qa-082,qa,115,79,21,3.7619,8,1.4,0,0,0,1,0
exam-qa-083,qa,266,186,42,4.4286,6,1.5854,1,0,0,1,0
exam-qa-084,qa,590,412,102,4.0392,6,1.7282,1,0,0,1,0
exam-qa-085,qa,186,128,30,4.2667,12,1.6667,0,0,0,1,0
exam-qa-086,qa,314,213,47,4.5319,6,1.8511,0,0,0,1,0
exam-qa-087,qa,725,482,130,3.7077,8,1.6721,0,0,0,1,0
exam-qa-088,qa,764,533,135,3.9481,6,1.75,0,0,0,1,0
exam-qa-089,qa,685,483,124,3.8952,8,1.632,0,0,0,1,0
exam-qa-090,qa,118,84,19,4.4211,7,1.8333,1,0,0,1,0
exam-qa-091,qa,186,134,32,4.1875,6,1.6129,0,0,0,1,0
exam-qa-092,qa,307,209,52,4.0192,8,1.8039,0,0,0,1,0
exam-qa-093,qa,586,408,108,3.7778,15,1.4554,0,0,0,1,0
exam-qa-094,qa,121,83,20,4.15,7,1.45,1,0,0,1,0
exam-qa-095,qa,321,231,54,4.2778,8,1.6226,0,0,0,1,0
exam-qa-096,qa,265,183,40,4.575,8,1.6316,1,0,0,1,0
exam-qa-097,qa,472,315,81,3.8889,4,1.6375,0,0,0,1,0
exam-qa-098,qa,659,453,108,4.1944,6,1.7143,1,0,0,1,0
exam-qa-099,qa,558,378,89,4.2472,8,1.7955,1,0,0,1,0
exam-qa-100,qa,305,196,47,4.1702,11,1.9091,1,0,0,1,0
exam-creat-001,creative,188,140,35,4.0,0,1.5429,1,0,0,0,1
exam-creat-002,creative,507,374,86,4.3488,4,1.7209,1,0,0,0,1
exam-creat-003,creative,194,141,35,4.0286,0,1.6571,1,0,0,0,1
exam-creat-004,creative,91,70,17,4.1176,0,1.6471,1,0,0,0,1
exam-creat-005,creative,477,345,80,4.3125,5,1.6296,1,0,0,0,1
exam-creat-006,creative,649,485,111,4.3694,4,1.7207,1,0,0,0,1
exam-creat-007,creative,96,73,19,3.8421,0,1.4211,1,0,0,0,1
exam-creat-008,creative,81,64,15,4.2667,0,1.8,1,0,0,0,1
exam-creat-009,creative,513,363,88,4.125,2,1.6477,0,0,0,0,1
exam-creat-010,creative,246,181,44,4.1136,0,1.7273,1,0,0,0,1
exam-creat-011,creative,201,146,33,4.4242,2,1.7273,1,0,0,0,1
exam-creat-012,creative,555,415,96,4.3229,3,1.8958,1,0,0,0,1
exam-creat-013,creative,238,179,42,4.2619,0,1.8095,1,0,0,0,1
exam-creat-014,creative,199,146,37,3.9459,0,1.6486,1,0,0,0,1
exam-creat-015,creative,116,84,22,3.8182,0,1.6818,1,0,0,0,1
exam-creat-016,creative,526,395,88,4.4886,2,1.8182,0,0,0,0,1
exam-creat-017,creative,220,158,37,4.2703,2,1.7297,1,0,0,0,1
exam-creat-018,creative,235,162,43,3.7674,1,1.6744,1,0,0,0,1
exam-creat-019,creative,175,137,31,4.4194,1,1.7419,1,0,0,0,1
exam-creat-020,creative,234,171,44,3.8864,0,1.4773,1,0,0,0,1
exam-creat-021,creative,190,143,35,4.0857,2,1.6571,1,0,0,0,1
exam-creat-022,creative,214,156,38,4.1053,0,1.7895,1,0,0,0,1
exam-creat-023,creative,206,154,34,4.5294,1,1.8529,1,0,0,0,1
exam-creat-024,creative,100,76,18,4.2222,0,1.5556,1,0,0,0,1
exam-creat-025,creative,198,151,33,4.5758,0,1.8182,1,0,0,0,1
exam-creat-026,creative,513,383,93,4.1183,3,1.6022,1,0,0,0,1
exam-creat-027,creative,215,166,34,4.8824,0,1.6765,0,0,0,0,1
exam-creat-028,creative,548,403,91,4.4286,3,1.6813,1,0,0,0,1
exam-creat-029,creative,88,62,17,3.6471,0,1.5294,1,0,0,0,1
exam-creat-030,creative,94,75,18,4.1667,0,1.5,1,0,0,0,1
exam-creat-031,creative,86,63,17,3.7059,0,1.5882,1,0,0,0,1
exam-creat-032,creative,202,153,38,4.0263,1,1.6842,1,0,0,0,1
exam-creat-033,creative,201,148,36,4.1111,0,1.7778,1,0,0,0,1
exam-creat-034,creative,94,65,18,3.6111,0,1.4444,1,0,0,0,1
exam-creat-035,creative,238,179,42,4.2619,0,1.7381,0,0,0,0,1
exam-creat-036,creative,101,76,19,4.0,0,1.7368,1,0,0,0,1
exam-creat-037,creative,238,181,41,4.4146,0,1.7317,1,0,0,0,1
exam-creat-038,creative,510,361,88,4.1023,3,1.6818,0,0,0,0,1
exam-creat-039,creative,208,165,34,4.8529,0,1.8529,0,0,0,0,1
exam-creat-040,creative,549,399,92,4.337,4,2.0,0,0,0,0,1
exam-creat-041,creative,87,62,17,3.6471,0,1.5294,1,0,0,0,1
exam-creat-042,creative,80,63,15,4.2,0,1.5333,1,0,0,0,1
exam-creat-043,creative,206,151,37,4.0811,0,1.7568,1,0,0,0,1
exam-creat-044,creative,199,143,35,4.0857,0,1.8286,1,0,0,0,1
exam-creat-045,creative,85,58,16,3.625,0,1.5,1,0,0,0,1
exam-creat-046,creative,83,58,17,3.4118,0,1.4118,1,0,0,0,1
exam-creat-047,creative,571,406,91,4.4615,4,1.9011,1,0,0,0,1
exam-creat-048,creative,204,151,35,4.3143,0,1.8,1,0,0,0,1
exam-creat-049,creative,206,156,38,4.1053,0,1.7105,1,0,0,0,1
exam-creat-050,creative,212,160,37,4.3243,0,1.7838,1,0,0,0,1
exam-creat-051,creative,216,156,37,4.2162,0,1.8649,1,0,0,0,1
exam-creat-052,creative,203,156,38,4.1053,0,1.6579,1,0,0,0,1
exam-creat-053,creative,88,66,16,4.125,0,1.625,1,0,0,0,1
exam-creat-054,creative,576,412,103,4.0,2,1.6796,1,0,0,0,1
exam-creat-055,creative,231,179,39,4.5897,0,1.7179,0,0,0,0,1
exam-creat-056,creative,175,135,28,4.8214,0,1.75,1,0,0,0,1
exam-creat-057,creative,454,328,77,4.2597,3,1.7922,0,0,0,0,1
exam-creat-058,creative,87,70,15,4.6667,0,1.8,1,0,0,0,1
exam-creat-059,creative,481,362,82,4.4146,5,1.7108,1,0,0,0,1
exam-creat-060,creative,87,72,16,4.5,0,1.5625,1,0,0,0,1
