prompt_id,category,perturbation,keep_ratio,f1_mbert,f1_arabert
inst-082,instruction,identical,1.0,1.0,1.0
inst-082,instruction,deletion,0.9,0.9279038,0.8788329
inst-082,instruction,deletion,0.7,0.9062656,0.84072816
inst-082,instruction,deletion,0.5,0.8180054,0.71016026
inst-082,instruction,deletion,0.3,0.7801571,0.6544723
inst-082,instruction,shuffled,,0.8051151,0.6857571
inst-082,instruction,normalised,,0.9226153,0.88516504
inst-082,instruction,unrelated,,0.6834548,0.51972336
inst-015,instruction,identical,1.0,0.99999994,0.99999994
inst-015,instruction,deletion,0.9,0.9678872,0.9557232
inst-015,instruction,deletion,0.7,0.905864,0.8403325
inst-015,instruction,deletion,0.5,0.83069247,0.7834433
inst-015,instruction,deletion,0.3,0.7961591,0.68465805
inst-015,instruction,shuffled,,0.8251497,0.6892906
inst-015,instruction,normalised,,0.94773227,0.91298646
inst-015,instruction,unrelated,,0.68269897,0.49404222
inst-004,instruction,identical,1.0,1.0,1.0
inst-004,instruction,deletion,0.9,0.9627931,0.9167148
inst-004,instruction,deletion,0.7,0.8789803,0.7820454
inst-004,instruction,deletion,0.5,0.8475767,0.6891561
inst-004,instruction,deletion,0.3,0.7613472,0.60480034
inst-004,instruction,shuffled,,0.7870054,0.6347554
inst-004,instruction,normalised,,0.925211,0.91410786
inst-004,instruction,unrelated,,0.67259413,0.51381254
inst-095,instruction,identical,1.0,0.99999994,1.0
inst-095,instruction,deletion,0.9,0.9787602,0.9440474
inst-095,instruction,deletion,0.7,0.89509964,0.79016334
inst-095,instruction,deletion,0.5,0.7910829,0.6783553
inst-095,instruction,deletion,0.3,0.7784157,0.60897756
inst-095,instruction,shuffled,,0.825008,0.6733178
inst-095,instruction,normalised,,0.93564117,0.87894875
inst-095,instruction,unrelated,,0.69546115,0.4943886
inst-036,instruction,identical,1.0,1.0,1.0
inst-036,instruction,deletion,0.9,0.9569982,0.9386114
inst-036,instruction,deletion,0.7,0.9043566,0.83243036
inst-036,instruction,deletion,0.5,0.8320935,0.7225737
inst-036,instruction,deletion,0.3,0.75983423,0.6243361
inst-036,instruction,shuffled,,0.8069046,0.70132315
inst-036,instruction,normalised,,0.9311093,0.9055288
inst-036,instruction,unrelated,,0.69143295,0.5191343
inst-032,instruction,identical,1.0,1.0,1.0
inst-032,instruction,deletion,0.9,0.9784635,0.9666986
inst-032,instruction,deletion,0.7,0.89232546,0.848705
inst-032,instruction,deletion,0.5,0.7974513,0.6543682
inst-032,instruction,deletion,0.3,0.78681946,0.6783934
inst-032,instruction,shuffled,,0.8154497,0.70004827
inst-032,instruction,normalised,,0.9301084,0.8860011
inst-032,instruction,unrelated,,0.7041422,0.564274
inst-029,instruction,identical,1.0,1.0,1.0
inst-029,instruction,deletion,0.9,0.954005,0.9245662
inst-029,instruction,deletion,0.7,0.87999296,0.81378317
inst-029,instruction,deletion,0.5,0.8619185,0.75438744
inst-029,instruction,deletion,0.3,0.7993791,0.65121734
inst-029,instruction,shuffled,,0.8196077,0.7090727
inst-029,instruction,normalised,,0.9127697,0.8839114
inst-029,instruction,unrelated,,0.7048297,0.5678452
inst-018,instruction,identical,1.0,1.0,1.0
inst-018,instruction,deletion,0.9,0.95632356,0.9267635
inst-018,instruction,deletion,0.7,0.9051396,0.8434029
inst-018,instruction,deletion,0.5,0.8360143,0.7135726
inst-018,instruction,deletion,0.3,0.73531014,0.5639798
inst-018,instruction,shuffled,,0.7835173,0.6673184
inst-018,instruction,normalised,,0.9231861,0.89885044
inst-018,instruction,unrelated,,0.668331,0.49012113
inst-122,instruction,identical,1.0,1.0,1.0000001
inst-122,instruction,deletion,0.9,0.9533365,0.92749673
inst-122,instruction,deletion,0.7,0.86808795,0.8238295
inst-122,instruction,deletion,0.5,0.8231934,0.68583566
inst-122,instruction,deletion,0.3,0.756086,0.58218926
inst-122,instruction,shuffled,,0.8167103,0.70883405
inst-122,instruction,normalised,,0.9658,0.9606327
inst-122,instruction,unrelated,,0.6636275,0.49611056
inst-014,instruction,identical,1.0,1.0,1.0000001
inst-014,instruction,deletion,0.9,0.9579937,0.93030185
inst-014,instruction,deletion,0.7,0.87611556,0.8182369
inst-014,instruction,deletion,0.5,0.82205594,0.72433853
inst-014,instruction,deletion,0.3,0.75853306,0.6086128
inst-014,instruction,shuffled,,0.81615275,0.6975978
inst-014,instruction,normalised,,0.93131435,0.88841605
inst-014,instruction,unrelated,,0.70607936,0.5712421
inst-087,instruction,identical,1.0,0.99999994,1.0
inst-087,instruction,deletion,0.9,0.9555612,0.9471928
inst-087,instruction,deletion,0.7,0.8903703,0.83448577
inst-087,instruction,deletion,0.5,0.8277513,0.75301063
inst-087,instruction,deletion,0.3,0.77230895,0.62269336
inst-087,instruction,shuffled,,0.8099871,0.713849
inst-087,instruction,normalised,,0.91851074,0.9006373
inst-087,instruction,unrelated,,0.67108065,0.5194092
inst-117,instruction,identical,1.0,1.0,1.0
inst-117,instruction,deletion,0.9,0.93419003,0.9096437
inst-117,instruction,deletion,0.7,0.8814698,0.80154383
inst-117,instruction,deletion,0.5,0.8324871,0.7100778
inst-117,instruction,deletion,0.3,0.7727147,0.66048163
inst-117,instruction,shuffled,,0.8174045,0.67912096
inst-117,instruction,normalised,,0.9417818,0.89325666
inst-117,instruction,unrelated,,0.6685643,0.47101098
inst-070,instruction,identical,1.0,1.0,0.9999999
inst-070,instruction,deletion,0.9,0.96667546,0.9482698
inst-070,instruction,deletion,0.7,0.872655,0.76882
inst-070,instruction,deletion,0.5,0.8230025,0.75998443
inst-070,instruction,deletion,0.3,0.77073145,0.62096196
inst-070,instruction,shuffled,,0.81485105,0.66945046
inst-070,instruction,normalised,,0.9219424,0.8840428
inst-070,instruction,unrelated,,0.69444853,0.5144281
inst-012,instruction,identical,1.0,0.99999994,1.0
inst-012,instruction,deletion,0.9,0.95914245,0.91702795
inst-012,instruction,deletion,0.7,0.8855118,0.8234843
inst-012,instruction,deletion,0.5,0.8401475,0.70363545
inst-012,instruction,deletion,0.3,0.8027166,0.6980394
inst-012,instruction,shuffled,,0.8218954,0.66868323
inst-012,instruction,normalised,,0.9359634,0.89339674
inst-012,instruction,unrelated,,0.6923675,0.55010635
inst-076,instruction,identical,1.0,1.0,1.0
inst-076,instruction,deletion,0.9,0.9427346,0.88332844
inst-076,instruction,deletion,0.7,0.8995938,0.7944932
inst-076,instruction,deletion,0.5,0.8380915,0.77247256
inst-076,instruction,deletion,0.3,0.7740809,0.6321622
inst-076,instruction,shuffled,,0.80072933,0.67013484
inst-076,instruction,normalised,,0.9310502,0.8951271
inst-076,instruction,unrelated,,0.69076216,0.54466116
inst-055,instruction,identical,1.0,0.99999994,1.0
inst-055,instruction,deletion,0.9,0.9673936,0.9468762
inst-055,instruction,deletion,0.7,0.8799387,0.802216
inst-055,instruction,deletion,0.5,0.8328206,0.6736704
inst-055,instruction,deletion,0.3,0.7742779,0.6072938
inst-055,instruction,shuffled,,0.81435657,0.68000424
inst-055,instruction,normalised,,0.93174297,0.8888824
inst-055,instruction,unrelated,,0.68810266,0.5340978
inst-005,instruction,identical,1.0,1.0,1.0
inst-005,instruction,deletion,0.9,0.95568573,0.94157326
inst-005,instruction,deletion,0.7,0.90342736,0.82583266
inst-005,instruction,deletion,0.5,0.8515685,0.7256893
inst-005,instruction,deletion,0.3,0.7706006,0.630594
inst-005,instruction,shuffled,,0.82692087,0.6855561
inst-005,instruction,normalised,,0.9396632,0.8916167
inst-005,instruction,unrelated,,0.65625256,0.4669296
inst-123,instruction,identical,1.0,1.0,1.0
inst-123,instruction,deletion,0.9,0.9413822,0.9358835
inst-123,instruction,deletion,0.7,0.8859946,0.82388186
inst-123,instruction,deletion,0.5,0.824108,0.71586335
inst-123,instruction,deletion,0.3,0.77146363,0.5987923
inst-123,instruction,shuffled,,0.8021248,0.6802005
inst-123,instruction,normalised,,0.95559835,0.9504909
inst-123,instruction,unrelated,,0.6790946,0.49304172
inst-112,instruction,identical,1.0,1.0,1.0
inst-112,instruction,deletion,0.9,0.9638042,0.93956894
inst-112,instruction,deletion,0.7,0.89917946,0.81702214
inst-112,instruction,deletion,0.5,0.85894763,0.70937634
inst-112,instruction,deletion,0.3,0.76842344,0.60341936
inst-112,instruction,shuffled,,0.8139263,0.7119745
inst-112,instruction,normalised,,0.95406014,0.93354744
inst-112,instruction,unrelated,,0.6787115,0.5092934
inst-028,instruction,identical,1.0,1.0000001,0.9999999
inst-028,instruction,deletion,0.9,0.95234054,0.9493302
inst-028,instruction,deletion,0.7,0.8758896,0.8060898
inst-028,instruction,deletion,0.5,0.86341196,0.7365091
inst-028,instruction,deletion,0.3,0.7979792,0.6453329
inst-028,instruction,shuffled,,0.81093884,0.7068548
inst-028,instruction,normalised,,0.9315744,0.8968299
inst-028,instruction,unrelated,,0.6831075,0.5188001
inst-030,instruction,identical,1.0,0.99999994,1.0
inst-030,instruction,deletion,0.9,0.9781035,0.9572828
inst-030,instruction,deletion,0.7,0.87490046,0.80146456
inst-030,instruction,deletion,0.5,0.7966762,0.6896676
inst-030,instruction,deletion,0.3,0.78593063,0.68253154
inst-030,instruction,shuffled,,0.8254247,0.7213223
inst-030,instruction,normalised,,0.92531586,0.91158944
inst-030,instruction,unrelated,,0.6758757,0.5149294
inst-065,instruction,identical,1.0,1.0,1.0
inst-065,instruction,deletion,0.9,0.95702195,0.9295619
inst-065,instruction,deletion,0.7,0.8952533,0.78737843
inst-065,instruction,deletion,0.5,0.8449637,0.757778
inst-065,instruction,deletion,0.3,0.75741744,0.5892829
inst-065,instruction,shuffled,,0.7973167,0.71029365
inst-065,instruction,normalised,,0.92877775,0.8865285
inst-065,instruction,unrelated,,0.6638444,0.49410915
inst-078,instruction,identical,1.0,1.0,1.0
inst-078,instruction,deletion,0.9,0.97246295,0.9437845
inst-078,instruction,deletion,0.7,0.8916001,0.85390455
inst-078,instruction,deletion,0.5,0.8046558,0.69242567
inst-078,instruction,deletion,0.3,0.8107131,0.6797329
inst-078,instruction,shuffled,,0.8236674,0.6943566
inst-078,instruction,normalised,,0.9211217,0.89588594
inst-078,instruction,unrelated,,0.68308985,0.5297229
inst-108,instruction,identical,1.0,0.99999994,1.0000001
inst-108,instruction,deletion,0.9,0.9694118,0.9683731
inst-108,instruction,deletion,0.7,0.9001046,0.80796134
inst-108,instruction,deletion,0.5,0.8363482,0.75038594
inst-108,instruction,deletion,0.3,0.7861091,0.5799711
inst-108,instruction,shuffled,,0.8061934,0.71950316
inst-108,instruction,normalised,,0.96681976,0.94658273
inst-108,instruction,unrelated,,0.6745366,0.5235137
inst-072,instruction,identical,1.0,1.0,0.99999994
inst-072,instruction,deletion,0.9,0.95027953,0.92702496
inst-072,instruction,deletion,0.7,0.9111565,0.8401249
inst-072,instruction,deletion,0.5,0.84354794,0.7279859
inst-072,instruction,deletion,0.3,0.75313044,0.62320685
inst-072,instruction,shuffled,,0.8193352,0.6859779
inst-072,instruction,normalised,,0.9300062,0.88367385
inst-072,instruction,unrelated,,0.6866687,0.481345
summ-026,summarisation,identical,1.0,0.99999994,0.99999994
summ-026,summarisation,deletion,0.9,0.9286758,0.89808637
summ-026,summarisation,deletion,0.7,0.82317483,0.8074519
summ-026,summarisation,deletion,0.5,0.8034496,0.7108504
summ-026,summarisation,deletion,0.3,0.74926203,0.59808326
summ-026,summarisation,shuffled,,0.75379884,0.61013407
summ-026,summarisation,normalised,,0.9170069,0.90686995
summ-026,summarisation,unrelated,,0.60956687,0.44110414
summ-092,summarisation,identical,1.0,1.0,1.0
summ-092,summarisation,deletion,0.9,0.9304083,0.92159647
summ-092,summarisation,deletion,0.7,0.84648806,0.7828001
summ-092,summarisation,deletion,0.5,0.8172278,0.70121557
summ-092,summarisation,deletion,0.3,0.7537523,0.60760224
summ-092,summarisation,shuffled,,0.7498285,0.60378647
summ-092,summarisation,normalised,,0.9113827,0.9052015
summ-092,summarisation,unrelated,,0.6492287,0.5020225
summ-084,summarisation,identical,1.0,1.0,0.99999994
summ-084,summarisation,deletion,0.9,0.95858914,0.9357528
summ-084,summarisation,deletion,0.7,0.8661539,0.80306345
summ-084,summarisation,deletion,0.5,0.78783035,0.6812438
summ-084,summarisation,deletion,0.3,0.7480414,0.598777
summ-084,summarisation,shuffled,,0.7384467,0.6257793
summ-084,summarisation,normalised,,0.92977685,0.91563386
summ-084,summarisation,unrelated,,0.6495036,0.52235943
summ-090,summarisation,identical,1.0,1.0,1.0
summ-090,summarisation,deletion,0.9,0.9497823,0.9258025
summ-090,summarisation,deletion,0.7,0.86372817,0.81435466
summ-090,summarisation,deletion,0.5,0.7870496,0.66083604
summ-090,summarisation,deletion,0.3,0.7674851,0.6243915
summ-090,summarisation,shuffled,,0.75332147,0.60814893
summ-090,summarisation,normalised,,0.92574346,0.91888565
summ-090,summarisation,unrelated,,0.6283335,0.46756545
summ-070,summarisation,identical,1.0,0.9999999,1.0
summ-070,summarisation,deletion,0.9,0.9323561,0.93146145
summ-070,summarisation,deletion,0.7,0.85474163,0.81757903
summ-070,summarisation,deletion,0.5,0.80527574,0.6984266
summ-070,summarisation,deletion,0.3,0.7633425,0.62552196
summ-070,summarisation,shuffled,,0.7622441,0.6623581
summ-070,summarisation,normalised,,0.90861094,0.90784734
summ-070,summarisation,unrelated,,0.69154793,0.5597724
summ-054,summarisation,identical,1.0,0.99999994,1.0
summ-054,summarisation,deletion,0.9,0.9357361,0.921481
summ-054,summarisation,deletion,0.7,0.85360026,0.8190239
summ-054,summarisation,deletion,0.5,0.8115361,0.72205144
summ-054,summarisation,deletion,0.3,0.7610777,0.62786406
summ-054,summarisation,shuffled,,0.7551739,0.63125366
summ-054,summarisation,normalised,,0.92757535,0.91748774
summ-054,summarisation,unrelated,,0.65452486,0.5046271
summ-029,summarisation,identical,1.0,1.0,1.0
summ-029,summarisation,deletion,0.9,0.9455788,0.9240929
summ-029,summarisation,deletion,0.7,0.8695954,0.82575023
summ-029,summarisation,deletion,0.5,0.7897828,0.69921607
summ-029,summarisation,deletion,0.3,0.7435072,0.6051598
summ-029,summarisation,shuffled,,0.73579997,0.6165536
summ-029,summarisation,normalised,,0.8920353,0.90463704
summ-029,summarisation,unrelated,,0.6116146,0.42874402
summ-058,summarisation,identical,1.0,0.99999994,0.99999994
summ-058,summarisation,deletion,0.9,0.93947095,0.9296916
summ-058,summarisation,deletion,0.7,0.85012114,0.80995584
summ-058,summarisation,deletion,0.5,0.80016017,0.7137065
summ-058,summarisation,deletion,0.3,0.738069,0.60248095
summ-058,summarisation,shuffled,,0.7624413,0.6291845
summ-058,summarisation,normalised,,0.9251083,0.9150725
summ-058,summarisation,unrelated,,0.62652135,0.45776522
summ-076,summarisation,identical,1.0,0.99999994,1.0
summ-076,summarisation,deletion,0.9,0.94807804,0.9376664
summ-076,summarisation,deletion,0.7,0.8508996,0.812157
summ-076,summarisation,deletion,0.5,0.7944556,0.6880989
summ-076,summarisation,deletion,0.3,0.75383586,0.56034297
summ-076,summarisation,shuffled,,0.766639,0.62630606
summ-076,summarisation,normalised,,0.9195852,0.91091275
summ-076,summarisation,unrelated,,0.64827216,0.4964841
summ-036,summarisation,identical,1.0,1.0,1.0
summ-036,summarisation,deletion,0.9,0.9447815,0.91463554
summ-036,summarisation,deletion,0.7,0.8429994,0.7924934
summ-036,summarisation,deletion,0.5,0.8014303,0.6836634
summ-036,summarisation,deletion,0.3,0.76111,0.5883481
summ-036,summarisation,shuffled,,0.76010334,0.58484477
summ-036,summarisation,normalised,,0.9107233,0.8966009
summ-036,summarisation,unrelated,,0.65772533,0.5021939
summ-104,summarisation,identical,1.0,0.9999999,1.0
summ-104,summarisation,deletion,0.9,0.94593364,0.9198246
summ-104,summarisation,deletion,0.7,0.86430955,0.8266231
summ-104,summarisation,deletion,0.5,0.81791615,0.72600377
summ-104,summarisation,deletion,0.3,0.7605306,0.62692493
summ-104,summarisation,shuffled,,0.7574477,0.63902
summ-104,summarisation,normalised,,0.9439975,0.9437023
summ-104,summarisation,unrelated,,0.6468175,0.44391105
summ-112,summarisation,identical,1.0,1.0,1.0
summ-112,summarisation,deletion,0.9,0.9569569,0.9274765
summ-112,summarisation,deletion,0.7,0.8714108,0.79991895
summ-112,summarisation,deletion,0.5,0.7887909,0.70194685
summ-112,summarisation,deletion,0.3,0.7421375,0.597361
summ-112,summarisation,shuffled,,0.7471105,0.6395228
summ-112,summarisation,normalised,,0.93059045,0.9241322
summ-112,summarisation,unrelated,,0.6384296,0.45151177
summ-001,summarisation,identical,1.0,1.0,0.99999994
summ-001,summarisation,deletion,0.9,0.95483017,0.9331485
summ-001,summarisation,deletion,0.7,0.84609663,0.8033511
summ-001,summarisation,deletion,0.5,0.78790474,0.6981776
summ-001,summarisation,deletion,0.3,0.7496996,0.6115283
summ-001,summarisation,shuffled,,0.7484297,0.58457106
summ-001,summarisation,normalised,,0.91649705,0.92310345
summ-001,summarisation,unrelated,,0.6321962,0.47718012
summ-098,summarisation,identical,1.0,1.0,1.0
summ-098,summarisation,deletion,0.9,0.9233601,0.9054324
summ-098,summarisation,deletion,0.7,0.8443717,0.8031206
summ-098,summarisation,deletion,0.5,0.82515097,0.730094
summ-098,summarisation,deletion,0.3,0.74983275,0.5891374
summ-098,summarisation,shuffled,,0.75862294,0.5961466
summ-098,summarisation,normalised,,0.91843057,0.9007028
summ-098,summarisation,unrelated,,0.63341916,0.46185285
summ-115,summarisation,identical,1.0,1.0,1.0
summ-115,summarisation,deletion,0.9,0.95790505,0.93538946
summ-115,summarisation,deletion,0.7,0.83337873,0.802931
summ-115,summarisation,deletion,0.5,0.81746876,0.7007165
summ-115,summarisation,deletion,0.3,0.75395596,0.61208415
summ-115,summarisation,shuffled,,0.75081354,0.59011245
summ-115,summarisation,normalised,,0.9393721,0.94465756
summ-115,summarisation,unrelated,,0.6243694,0.40022582
summ-021,summarisation,identical,1.0,1.0,0.9999999
summ-021,summarisation,deletion,0.9,0.9420458,0.9286522
summ-021,summarisation,deletion,0.7,0.8517883,0.8226936
summ-021,summarisation,deletion,0.5,0.79363364,0.69668645
summ-021,summarisation,deletion,0.3,0.747808,0.6036858
summ-021,summarisation,shuffled,,0.7309862,0.6174255
summ-021,summarisation,normalised,,0.91809756,0.9093521
summ-021,summarisation,unrelated,,0.6307745,0.4602123
summ-122,summarisation,identical,1.0,1.0,1.0
summ-122,summarisation,deletion,0.9,0.9479746,0.9275708
summ-122,summarisation,deletion,0.7,0.8554202,0.77295905
summ-122,summarisation,deletion,0.5,0.79538906,0.70062935
summ-122,summarisation,deletion,0.3,0.72214913,0.5927245
summ-122,summarisation,shuffled,,0.7474033,0.6081456
summ-122,summarisation,normalised,,0.9625517,0.94846076
summ-122,summarisation,unrelated,,0.66349965,0.49897507
summ-055,summarisation,identical,1.0,1.0,0.99999994
summ-055,summarisation,deletion,0.9,0.9359434,0.9266056
summ-055,summarisation,deletion,0.7,0.8444426,0.787983
summ-055,summarisation,deletion,0.5,0.79016006,0.6844342
summ-055,summarisation,deletion,0.3,0.7523809,0.59041953
summ-055,summarisation,shuffled,,0.75275165,0.62461716
summ-055,summarisation,normalised,,0.9295936,0.91669595
summ-055,summarisation,unrelated,,0.6504122,0.47170496
summ-044,summarisation,identical,1.0,1.0,0.9999999
summ-044,summarisation,deletion,0.9,0.94479954,0.9255423
summ-044,summarisation,deletion,0.7,0.85594213,0.8015675
summ-044,summarisation,deletion,0.5,0.79917604,0.6894211
summ-044,summarisation,deletion,0.3,0.7729909,0.6261273
summ-044,summarisation,shuffled,,0.75132257,0.6136143
summ-044,summarisation,normalised,,0.9099458,0.9146366
summ-044,summarisation,unrelated,,0.68343,0.5206217
summ-116,summarisation,identical,1.0,1.0,0.99999994
summ-116,summarisation,deletion,0.9,0.9354624,0.9150425
summ-116,summarisation,deletion,0.7,0.88956547,0.8266601
summ-116,summarisation,deletion,0.5,0.7981192,0.67535734
summ-116,summarisation,deletion,0.3,0.7690976,0.61974084
summ-116,summarisation,shuffled,,0.7662861,0.63278675
summ-116,summarisation,normalised,,0.9436994,0.942352
summ-116,summarisation,unrelated,,0.6646668,0.4778208
summ-020,summarisation,identical,1.0,1.0,0.99999994
summ-020,summarisation,deletion,0.9,0.9502346,0.9208271
summ-020,summarisation,deletion,0.7,0.82812256,0.7774451
summ-020,summarisation,deletion,0.5,0.79964864,0.7022381
summ-020,summarisation,deletion,0.3,0.7362293,0.6117294
summ-020,summarisation,shuffled,,0.74864745,0.61404145
summ-020,summarisation,normalised,,0.92074174,0.9143421
summ-020,summarisation,unrelated,,0.65448743,0.4982726
summ-028,summarisation,identical,1.0,1.0,1.0
summ-028,summarisation,deletion,0.9,0.9447658,0.91446185
summ-028,summarisation,deletion,0.7,0.8465232,0.7909776
summ-028,summarisation,deletion,0.5,0.8023387,0.7111104
summ-028,summarisation,deletion,0.3,0.7434933,0.612691
summ-028,summarisation,shuffled,,0.7457739,0.61119896
summ-028,summarisation,normalised,,0.91136456,0.9056652
summ-028,summarisation,unrelated,,0.6389561,0.51445985
summ-114,summarisation,identical,1.0,1.0,1.0
summ-114,summarisation,deletion,0.9,0.95914495,0.92764777
summ-114,summarisation,deletion,0.7,0.8526612,0.81322163
summ-114,summarisation,deletion,0.5,0.82230914,0.6994133
summ-114,summarisation,deletion,0.3,0.75070804,0.5747936
summ-114,summarisation,shuffled,,0.76833886,0.61838967
summ-114,summarisation,normalised,,0.9466484,0.94483864
summ-114,summarisation,unrelated,,0.69730705,0.5395501
summ-107,summarisation,identical,1.0,1.0,1.0
summ-107,summarisation,deletion,0.9,0.94807494,0.91807747
summ-107,summarisation,deletion,0.7,0.88537806,0.8321775
summ-107,summarisation,deletion,0.5,0.81406206,0.6955983
summ-107,summarisation,deletion,0.3,0.7546965,0.5886166
summ-107,summarisation,shuffled,,0.74101704,0.58993465
summ-107,summarisation,normalised,,0.95139164,0.94013244
summ-107,summarisation,unrelated,,0.69677174,0.53387743
summ-014,summarisation,identical,1.0,1.0,1.0
summ-014,summarisation,deletion,0.9,0.9533072,0.93536687
summ-014,summarisation,deletion,0.7,0.8572623,0.7930161
summ-014,summarisation,deletion,0.5,0.78783983,0.6786153
summ-014,summarisation,deletion,0.3,0.75385076,0.61379904
summ-014,summarisation,shuffled,,0.7394353,0.64044535
summ-014,summarisation,normalised,,0.9178078,0.91387194
summ-014,summarisation,unrelated,,0.6181093,0.50358635
qa-012,qa,identical,1.0,0.99999994,1.0
qa-012,qa,deletion,0.9,0.968227,0.9550576
qa-012,qa,deletion,0.7,0.894388,0.8556802
qa-012,qa,deletion,0.5,0.8496048,0.75898814
qa-012,qa,deletion,0.3,0.7370184,0.5900577
qa-012,qa,shuffled,,0.85828304,0.7864261
qa-012,qa,normalised,,0.8662027,0.7915239
qa-012,qa,unrelated,,0.6537489,0.45959726
qa-049,qa,identical,1.0,1.0,1.0
qa-049,qa,deletion,0.9,0.9765785,0.93338
qa-049,qa,deletion,0.7,0.865409,0.80581766
qa-049,qa,deletion,0.5,0.7925926,0.7194979
qa-049,qa,deletion,0.3,0.7468045,0.61619556
qa-049,qa,shuffled,,0.7605285,0.73536444
qa-049,qa,normalised,,0.8701485,0.8709141
qa-049,qa,unrelated,,0.6247458,0.42741606
qa-013,qa,identical,1.0,1.0,0.99999994
qa-013,qa,deletion,0.9,0.9698435,0.92449224
qa-013,qa,deletion,0.7,0.92468876,0.87462205
qa-013,qa,deletion,0.5,0.84475636,0.69875777
qa-013,qa,deletion,0.3,0.7877381,0.6528522
qa-013,qa,shuffled,,0.79758364,0.65890557
qa-013,qa,normalised,,0.88516366,0.8320328
qa-013,qa,unrelated,,0.6204582,0.46683562
qa-046,qa,identical,1.0,1.0,1.0
qa-046,qa,deletion,0.9,0.98034775,0.9665912
qa-046,qa,deletion,0.7,0.8688277,0.81854594
qa-046,qa,deletion,0.5,0.801944,0.7197128
qa-046,qa,deletion,0.3,0.7683682,0.6147809
qa-046,qa,shuffled,,0.8161976,0.7801061
qa-046,qa,normalised,,0.9223423,0.9132136
qa-046,qa,unrelated,,0.58679044,0.4032524
qa-109,qa,identical,1.0,1.0,1.0
qa-109,qa,deletion,0.9,0.9809805,0.9812908
qa-109,qa,deletion,0.7,0.8972654,0.8530959
qa-109,qa,deletion,0.5,0.8226375,0.7133404
qa-109,qa,deletion,0.3,0.7080859,0.5270239
qa-109,qa,shuffled,,0.8147679,0.6859285
qa-109,qa,normalised,,0.94653404,0.92811996
qa-109,qa,unrelated,,0.66787493,0.4881575
qa-045,qa,identical,1.0,0.99999994,1.0
qa-045,qa,deletion,0.9,0.9833546,0.9552811
qa-045,qa,deletion,0.7,0.8434811,0.7846888
qa-045,qa,deletion,0.5,0.8589815,0.7725016
qa-045,qa,deletion,0.3,0.7319387,0.56509733
qa-045,qa,shuffled,,0.8079229,0.7062754
qa-045,qa,normalised,,0.93089074,0.9069901
qa-045,qa,unrelated,,0.6072356,0.41617915
qa-078,qa,identical,1.0,1.0,0.99999994
qa-078,qa,deletion,0.9,0.9827667,0.9598654
qa-078,qa,deletion,0.7,0.8739307,0.83401865
qa-078,qa,deletion,0.5,0.8382876,0.70718056
qa-078,qa,deletion,0.3,0.78398246,0.54181224
qa-078,qa,shuffled,,0.81725955,0.7233885
qa-078,qa,normalised,,0.9413834,0.94125867
qa-078,qa,unrelated,,0.6571826,0.49492395
qa-034,qa,identical,1.0,1.0,0.9999998
qa-034,qa,deletion,0.9,0.9758631,0.9542145
qa-034,qa,deletion,0.7,0.8517443,0.7903878
qa-034,qa,deletion,0.5,0.8511405,0.70151806
qa-034,qa,deletion,0.3,0.79934067,0.5980599
qa-034,qa,shuffled,,0.79474753,0.616457
qa-034,qa,normalised,,0.9437056,0.88901997
qa-034,qa,unrelated,,0.6379127,0.45328236
qa-104,qa,identical,1.0,1.0,1.0
qa-104,qa,deletion,0.9,0.9595173,0.9444268
qa-104,qa,deletion,0.7,0.8677391,0.75228715
qa-104,qa,deletion,0.5,0.81882524,0.7059166
qa-104,qa,deletion,0.3,0.7597549,0.5646244
qa-104,qa,shuffled,,0.7946146,0.6442384
qa-104,qa,normalised,,0.90665984,0.88561165
qa-104,qa,unrelated,,0.6586633,0.48059288
qa-006,qa,identical,1.0,1.0,0.99999994
qa-006,qa,deletion,0.9,0.98732126,0.9770093
qa-006,qa,deletion,0.7,0.8899682,0.8057655
qa-006,qa,deletion,0.5,0.86451346,0.744791
qa-006,qa,deletion,0.3,0.7892256,0.6934586
qa-006,qa,shuffled,,0.8454574,0.71685076
qa-006,qa,normalised,,0.9491202,0.89765376
qa-006,qa,unrelated,,0.5968149,0.45074582
qa-094,qa,identical,1.0,1.0,0.9999999
qa-094,qa,deletion,0.9,0.98429096,0.96680826
qa-094,qa,deletion,0.7,0.8869001,0.83036435
qa-094,qa,deletion,0.5,0.8163094,0.62763274
qa-094,qa,deletion,0.3,0.7972877,0.52685374
qa-094,qa,shuffled,,0.83153677,0.7334896
qa-094,qa,normalised,,0.8979931,0.860694
qa-094,qa,unrelated,,0.64360666,0.39924178
qa-059,qa,identical,1.0,0.9999999,1.0
qa-059,qa,deletion,0.9,0.9730426,0.9473154
qa-059,qa,deletion,0.7,0.8737695,0.8000977
qa-059,qa,deletion,0.5,0.8201348,0.7446368
qa-059,qa,deletion,0.3,0.7588028,0.4928919
qa-059,qa,shuffled,,0.83241844,0.7608949
qa-059,qa,normalised,,0.92602795,0.9123082
qa-059,qa,unrelated,,0.6176602,0.44910234
qa-069,qa,identical,1.0,0.9999999,0.9999999
qa-069,qa,deletion,0.9,0.953642,0.9164532
qa-069,qa,deletion,0.7,0.8807175,0.7736122
qa-069,qa,deletion,0.5,0.8414545,0.671841
qa-069,qa,deletion,0.3,0.7628066,0.55535704
qa-069,qa,shuffled,,0.8302209,0.6127656
qa-069,qa,normalised,,0.966873,0.8750378
qa-069,qa,unrelated,,0.6994422,0.5187199
qa-016,qa,identical,1.0,1.0,0.99999994
qa-016,qa,deletion,0.9,0.957005,0.9438321
qa-016,qa,deletion,0.7,0.89924806,0.8345046
qa-016,qa,deletion,0.5,0.81966406,0.762026
qa-016,qa,deletion,0.3,0.75446784,0.57765716
qa-016,qa,shuffled,,0.8105459,0.72193134
qa-016,qa,normalised,,0.8885036,0.86948353
qa-016,qa,unrelated,,0.6547901,0.47879365
qa-124,qa,identical,1.0,0.99999994,1.0
qa-124,qa,deletion,0.9,0.9455623,0.9095442
qa-124,qa,deletion,0.7,0.8777032,0.8176121
qa-124,qa,deletion,0.5,0.8186425,0.70078164
qa-124,qa,deletion,0.3,0.75978,0.59267586
qa-124,qa,shuffled,,0.80357474,0.72539645
qa-124,qa,normalised,,0.92730814,0.903398
qa-124,qa,unrelated,,0.6226609,0.49208635
qa-011,qa,identical,1.0,1.0,1.0
qa-011,qa,deletion,0.9,0.9681325,0.9428436
qa-011,qa,deletion,0.7,0.8873228,0.8180364
qa-011,qa,deletion,0.5,0.85297835,0.673556
qa-011,qa,deletion,0.3,0.78972757,0.6097944
qa-011,qa,shuffled,,0.81680566,0.72561586
qa-011,qa,normalised,,0.86116165,0.79656607
qa-011,qa,unrelated,,0.6514967,0.47442612
qa-071,qa,identical,1.0,1.0,0.9999999
qa-071,qa,deletion,0.9,0.95380205,0.91200185
qa-071,qa,deletion,0.7,0.8514377,0.7677216
qa-071,qa,deletion,0.5,0.8224698,0.70756173
qa-071,qa,deletion,0.3,0.77577347,0.6481485
qa-071,qa,shuffled,,0.8124769,0.7246628
qa-071,qa,normalised,,0.8771795,0.83139944
qa-071,qa,unrelated,,0.6226893,0.45040873
qa-038,qa,identical,1.0,0.9999998,0.9999999
qa-038,qa,deletion,0.9,0.98554945,0.96657145
qa-038,qa,deletion,0.7,0.863202,0.7260397
qa-038,qa,deletion,0.5,0.7703289,0.6509363
qa-038,qa,deletion,0.3,0.79701513,0.65984035
qa-038,qa,shuffled,,0.81919944,0.70987236
qa-038,qa,normalised,,0.9575288,0.8935797
qa-038,qa,unrelated,,0.6783886,0.5062357
qa-107,qa,identical,1.0,0.9999999,0.99999994
qa-107,qa,deletion,0.9,0.9550181,0.9089401
qa-107,qa,deletion,0.7,0.91035146,0.8539584
qa-107,qa,deletion,0.5,0.8186279,0.67289424
qa-107,qa,deletion,0.3,0.734421,0.5383373
qa-107,qa,shuffled,,0.7844857,0.6593421
qa-107,qa,normalised,,0.9397987,0.9417466
qa-107,qa,unrelated,,0.67340606,0.5063503
qa-081,qa,identical,1.0,1.0,0.99999994
qa-081,qa,deletion,0.9,0.97106874,0.9804563
qa-081,qa,deletion,0.7,0.8861893,0.84561545
qa-081,qa,deletion,0.5,0.8628923,0.70539093
qa-081,qa,deletion,0.3,0.78344834,0.5826621
qa-081,qa,shuffled,,0.82316256,0.7122422
qa-081,qa,normalised,,0.9382094,0.92826813
qa-081,qa,unrelated,,0.67274636,0.51765394
qa-080,qa,identical,1.0,1.0,1.0
qa-080,qa,deletion,0.9,0.9448156,0.9149931
qa-080,qa,deletion,0.7,0.8633491,0.82347226
qa-080,qa,deletion,0.5,0.79409,0.6910674
qa-080,qa,deletion,0.3,0.7432842,0.514407
qa-080,qa,shuffled,,0.8413378,0.76825553
qa-080,qa,normalised,,0.9361594,0.88290966
qa-080,qa,unrelated,,0.63226783,0.42929396
qa-047,qa,identical,1.0,1.0000001,0.9999998
qa-047,qa,deletion,0.9,0.98142684,0.9590392
qa-047,qa,deletion,0.7,0.93598735,0.8739493
qa-047,qa,deletion,0.5,0.81338894,0.63936704
qa-047,qa,deletion,0.3,0.72549313,0.54102707
qa-047,qa,shuffled,,0.8170523,0.72497606
qa-047,qa,normalised,,0.9186276,0.9088495
qa-047,qa,unrelated,,0.6564877,0.4881676
qa-074,qa,identical,1.0,1.0,0.99999994
qa-074,qa,deletion,0.9,0.9801548,0.9785964
qa-074,qa,deletion,0.7,0.8777414,0.8067721
qa-074,qa,deletion,0.5,0.7939955,0.7037451
qa-074,qa,deletion,0.3,0.7499849,0.6337224
qa-074,qa,shuffled,,0.8231537,0.75920904
qa-074,qa,normalised,,0.9123641,0.83823645
qa-074,qa,unrelated,,0.661718,0.50369954
qa-025,qa,identical,1.0,0.99999994,1.0
qa-025,qa,deletion,0.9,0.97328156,0.90492934
qa-025,qa,deletion,0.7,0.9129607,0.8677354
qa-025,qa,deletion,0.5,0.8341924,0.65622556
qa-025,qa,deletion,0.3,0.7722405,0.5408373
qa-025,qa,shuffled,,0.80005825,0.6236727
qa-025,qa,normalised,,0.9313455,0.9018622
qa-025,qa,unrelated,,0.67724806,0.45434588
qa-091,qa,identical,1.0,1.0,0.99999994
qa-091,qa,deletion,0.9,0.94480306,0.90650845
qa-091,qa,deletion,0.7,0.885769,0.7722155
qa-091,qa,deletion,0.5,0.81711274,0.6764448
qa-091,qa,deletion,0.3,0.7509732,0.5979561
qa-091,qa,shuffled,,0.8099482,0.63488376
qa-091,qa,normalised,,0.9351604,0.90087694
qa-091,qa,unrelated,,0.63635385,0.4443746
creat-009,creative,identical,1.0,0.99999994,1.0
creat-009,creative,deletion,0.9,0.9553922,0.8887397
creat-009,creative,deletion,0.7,0.8907939,0.82010835
creat-009,creative,deletion,0.5,0.83759016,0.68805534
creat-009,creative,deletion,0.3,0.75305784,0.63316053
creat-009,creative,shuffled,,0.8002675,0.6844957
creat-009,creative,normalised,,0.9524155,0.94914496
creat-009,creative,unrelated,,0.6508975,0.4811529
creat-006,creative,identical,1.0,0.9999999,0.9999999
creat-006,creative,deletion,0.9,0.9743252,0.96017313
creat-006,creative,deletion,0.7,0.88098234,0.8205261
creat-006,creative,deletion,0.5,0.81108856,0.74991477
creat-006,creative,deletion,0.3,0.7242422,0.58348423
creat-006,creative,shuffled,,0.7866335,0.6548398
creat-006,creative,normalised,,0.9081211,0.93874824
creat-006,creative,unrelated,,0.6305573,0.4720383
creat-085,creative,identical,1.0,1.0000001,1.0000001
creat-085,creative,deletion,0.9,0.9644002,0.9539059
creat-085,creative,deletion,0.7,0.88702357,0.8215857
creat-085,creative,deletion,0.5,0.79147583,0.6775114
creat-085,creative,deletion,0.3,0.77225196,0.6483264
creat-085,creative,shuffled,,0.7897251,0.6864678
creat-085,creative,normalised,,0.93760884,0.92883927
creat-085,creative,unrelated,,0.65196747,0.47090176
creat-030,creative,identical,1.0,1.0000001,1.0000001
creat-030,creative,deletion,0.9,0.9653112,0.96625805
creat-030,creative,deletion,0.7,0.902855,0.86002904
creat-030,creative,deletion,0.5,0.82800096,0.6951941
creat-030,creative,deletion,0.3,0.79049075,0.57895744
creat-030,creative,shuffled,,0.8119509,0.6665741
creat-030,creative,normalised,,0.9451805,0.9213638
creat-030,creative,unrelated,,0.6273394,0.4571189
creat-099,creative,identical,1.0,0.99999994,1.0000002
creat-099,creative,deletion,0.9,0.9521474,0.8803329
creat-099,creative,deletion,0.7,0.8946921,0.8661122
creat-099,creative,deletion,0.5,0.8229163,0.6961897
creat-099,creative,deletion,0.3,0.7383439,0.58502066
creat-099,creative,shuffled,,0.78842556,0.65323883
creat-099,creative,normalised,,0.96300995,0.926744
creat-099,creative,unrelated,,0.66554403,0.5075346
creat-038,creative,identical,1.0,0.99999994,0.99999994
creat-038,creative,deletion,0.9,0.95352775,0.9484228
creat-038,creative,deletion,0.7,0.88171566,0.78298765
creat-038,creative,deletion,0.5,0.7754783,0.657489
creat-038,creative,deletion,0.3,0.6956917,0.54105973
creat-038,creative,shuffled,,0.78901136,0.7092827
creat-038,creative,normalised,,0.9601614,0.9351301
creat-038,creative,unrelated,,0.63760716,0.44667855
creat-011,creative,identical,1.0,0.9999999,1.0
creat-011,creative,deletion,0.9,0.944701,0.87620693
creat-011,creative,deletion,0.7,0.8850138,0.83930916
creat-011,creative,deletion,0.5,0.775447,0.70671165
creat-011,creative,deletion,0.3,0.73121774,0.52371144
creat-011,creative,shuffled,,0.7868225,0.66762114
creat-011,creative,normalised,,0.96194124,0.8852726
creat-011,creative,unrelated,,0.6924608,0.5368631
creat-110,creative,identical,1.0,0.99999994,0.99999994
creat-110,creative,deletion,0.9,0.9641452,0.9436992
creat-110,creative,deletion,0.7,0.8777534,0.76913756
creat-110,creative,deletion,0.5,0.83285105,0.69440734
creat-110,creative,deletion,0.3,0.72583973,0.59781736
creat-110,creative,shuffled,,0.7872888,0.6946448
creat-110,creative,normalised,,0.9395622,0.9218605
creat-110,creative,unrelated,,0.70332414,0.5918531
creat-122,creative,identical,1.0,1.0,0.9999999
creat-122,creative,deletion,0.9,0.95289403,0.92919636
creat-122,creative,deletion,0.7,0.892094,0.8000127
creat-122,creative,deletion,0.5,0.83559686,0.67805135
creat-122,creative,deletion,0.3,0.77281225,0.6113693
creat-122,creative,shuffled,,0.8012067,0.67186075
creat-122,creative,normalised,,0.9177907,0.9162862
creat-122,creative,unrelated,,0.6920163,0.56604785
creat-111,creative,identical,1.0,0.99999994,1.0
creat-111,creative,deletion,0.9,0.9660274,0.9028267
creat-111,creative,deletion,0.7,0.89090323,0.8260835
creat-111,creative,deletion,0.5,0.80042565,0.6854896
creat-111,creative,deletion,0.3,0.75595206,0.63643676
creat-111,creative,shuffled,,0.77910775,0.62632155
creat-111,creative,normalised,,0.9510202,0.93824106
creat-111,creative,unrelated,,0.6679671,0.4934447
creat-013,creative,identical,1.0,1.0,1.0
creat-013,creative,deletion,0.9,0.9676658,0.90652364
creat-013,creative,deletion,0.7,0.88086474,0.7825636
creat-013,creative,deletion,0.5,0.8200362,0.7215049
creat-013,creative,deletion,0.3,0.7806222,0.5637307
creat-013,creative,shuffled,,0.8155831,0.6882763
creat-013,creative,normalised,,0.9634015,0.87850964
creat-013,creative,unrelated,,0.653155,0.48964727
creat-049,creative,identical,1.0,1.0,1.0
creat-049,creative,deletion,0.9,0.9642743,0.93285453
creat-049,creative,deletion,0.7,0.8953363,0.7731038
creat-049,creative,deletion,0.5,0.8575933,0.7144415
creat-049,creative,deletion,0.3,0.75119084,0.6057696
creat-049,creative,shuffled,,0.7928371,0.6971215
creat-049,creative,normalised,,0.9511348,0.92873544
creat-049,creative,unrelated,,0.66388553,0.47418788
creat-036,creative,identical,1.0,1.0000001,0.9999999
creat-036,creative,deletion,0.9,0.9675544,0.946937
creat-036,creative,deletion,0.7,0.88052773,0.80266714
creat-036,creative,deletion,0.5,0.83228785,0.670324
creat-036,creative,deletion,0.3,0.80102694,0.56931657
creat-036,creative,shuffled,,0.8160367,0.70878136
creat-036,creative,normalised,,0.92649704,0.9409013
creat-036,creative,unrelated,,0.69525,0.5307365
creat-059,creative,identical,1.0,0.9999999,1.0
creat-059,creative,deletion,0.9,0.970594,0.9626088
creat-059,creative,deletion,0.7,0.90765744,0.80420023
creat-059,creative,deletion,0.5,0.8277793,0.63698226
creat-059,creative,deletion,0.3,0.82279843,0.6687325
creat-059,creative,shuffled,,0.83527315,0.70272774
creat-059,creative,normalised,,0.95693237,0.9373976
creat-059,creative,unrelated,,0.6620729,0.5048054
creat-082,creative,identical,1.0,0.99999994,1.0
creat-082,creative,deletion,0.9,0.9489479,0.8898736
creat-082,creative,deletion,0.7,0.9013262,0.8168199
creat-082,creative,deletion,0.5,0.79259354,0.66882515
creat-082,creative,deletion,0.3,0.7913632,0.6100285
creat-082,creative,shuffled,,0.78588396,0.63198805
creat-082,creative,normalised,,0.9675273,0.9365873
creat-082,creative,unrelated,,0.65902275,0.48114336
creat-107,creative,identical,1.0,0.99999994,0.9999999
creat-107,creative,deletion,0.9,0.9737401,0.9648323
creat-107,creative,deletion,0.7,0.90442187,0.8540502
creat-107,creative,deletion,0.5,0.8569775,0.79016817
creat-107,creative,deletion,0.3,0.75025845,0.6337047
creat-107,creative,shuffled,,0.7978377,0.68910146
creat-107,creative,normalised,,0.9395695,0.86706865
creat-107,creative,unrelated,,0.6732717,0.48185423
creat-047,creative,identical,1.0,1.0,0.99999994
creat-047,creative,deletion,0.9,0.97648203,0.9484512
creat-047,creative,deletion,0.7,0.8578499,0.82046604
creat-047,creative,deletion,0.5,0.84165156,0.68493545
creat-047,creative,deletion,0.3,0.8144689,0.6473456
creat-047,creative,shuffled,,0.86887115,0.7227056
creat-047,creative,normalised,,0.9682964,0.9430025
creat-047,creative,unrelated,,0.69239104,0.52719915
creat-021,creative,identical,1.0,0.9999998,1.0000002
creat-021,creative,deletion,0.9,0.9376908,0.90289414
creat-021,creative,deletion,0.7,0.89191467,0.7633818
creat-021,creative,deletion,0.5,0.83558613,0.6589237
creat-021,creative,deletion,0.3,0.8156748,0.6758845
creat-021,creative,shuffled,,0.7849341,0.6816229
creat-021,creative,normalised,,0.958125,0.9298607
creat-021,creative,unrelated,,0.677181,0.5122785
creat-048,creative,identical,1.0,1.0000001,0.9999999
creat-048,creative,deletion,0.9,0.963771,0.9557311
creat-048,creative,deletion,0.7,0.8893913,0.7877529
creat-048,creative,deletion,0.5,0.8153414,0.66326976
creat-048,creative,deletion,0.3,0.7226461,0.50936383
creat-048,creative,shuffled,,0.7986241,0.65269357
creat-048,creative,normalised,,0.96169585,0.9384504
creat-048,creative,unrelated,,0.6540306,0.44297245
creat-046,creative,identical,1.0,0.99999994,1.0
creat-046,creative,deletion,0.9,0.9468779,0.8869059
creat-046,creative,deletion,0.7,0.8945409,0.8374785
creat-046,creative,deletion,0.5,0.82523245,0.7223385
creat-046,creative,deletion,0.3,0.7595774,0.57952493
creat-046,creative,shuffled,,0.8095775,0.635118
creat-046,creative,normalised,,0.965142,0.93875957
creat-046,creative,unrelated,,0.6479009,0.45840725
creat-027,creative,identical,1.0,0.99999994,0.99999994
creat-027,creative,deletion,0.9,0.94173384,0.9468928
creat-027,creative,deletion,0.7,0.9140591,0.83308744
creat-027,creative,deletion,0.5,0.81977683,0.6903278
creat-027,creative,deletion,0.3,0.7258459,0.5890717
creat-027,creative,shuffled,,0.84610873,0.74100167
creat-027,creative,normalised,,0.9615311,0.9259704
creat-027,creative,unrelated,,0.64558345,0.44255167
creat-086,creative,identical,1.0,0.99999994,1.0
creat-086,creative,deletion,0.9,0.98283356,0.9678586
creat-086,creative,deletion,0.7,0.8984,0.8220939
creat-086,creative,deletion,0.5,0.8001936,0.71625656
creat-086,creative,deletion,0.3,0.7051653,0.5694352
creat-086,creative,shuffled,,0.8181601,0.7068255
creat-086,creative,normalised,,0.96098304,0.9327999
creat-086,creative,unrelated,,0.67903006,0.45473847
creat-035,creative,identical,1.0,1.0,1.0
creat-035,creative,deletion,0.9,0.95972294,0.89282066
creat-035,creative,deletion,0.7,0.9002955,0.80112153
creat-035,creative,deletion,0.5,0.8309246,0.67305934
creat-035,creative,deletion,0.3,0.76219374,0.5785197
creat-035,creative,shuffled,,0.8153182,0.6942801
creat-035,creative,normalised,,0.9376639,0.92413366
creat-035,creative,unrelated,,0.6613193,0.4907467
creat-090,creative,identical,1.0,0.99999994,1.0000001
creat-090,creative,deletion,0.9,0.9490582,0.91717446
creat-090,creative,deletion,0.7,0.8802183,0.7175477
creat-090,creative,deletion,0.5,0.8181292,0.64605397
creat-090,creative,deletion,0.3,0.76453036,0.5629851
creat-090,creative,shuffled,,0.7982149,0.63508147
creat-090,creative,normalised,,0.95179945,0.93264335
creat-090,creative,unrelated,,0.66499746,0.47649133
creat-088,creative,identical,1.0,0.99999994,0.9999999
creat-088,creative,deletion,0.9,0.97237635,0.94131356
creat-088,creative,deletion,0.7,0.8758865,0.79565495
creat-088,creative,deletion,0.5,0.8380061,0.7200315
creat-088,creative,deletion,0.3,0.7430188,0.61596894
creat-088,creative,shuffled,,0.8016679,0.69241
creat-088,creative,normalised,,0.9682473,0.95358473
creat-088,creative,unrelated,,0.6136612,0.45909208
