prompt_id,category,identical_response,ceiling_f1_arabert
inst-001,instruction,False,0.8529
inst-002,instruction,True,1.0
inst-003,instruction,False,0.8335
inst-004,instruction,True,1.0
inst-005,instruction,False,0.8992
inst-006,instruction,False,0.8312
inst-007,instruction,False,0.9936
inst-008,instruction,False,0.7621
inst-009,instruction,False,0.8914
inst-010,instruction,False,0.9009
inst-011,instruction,False,0.9096
inst-012,instruction,False,0.9947
inst-013,instruction,False,0.7812
inst-014,instruction,False,0.9921
inst-015,instruction,False,0.9007
inst-016,instruction,False,0.8416
inst-017,instruction,False,0.9326
inst-018,instruction,False,0.7427
inst-019,instruction,False,0.9024
inst-020,instruction,False,0.8166
inst-021,instruction,False,0.8456
inst-022,instruction,False,0.9806
inst-023,instruction,False,0.8822
inst-024,instruction,False,0.9552
inst-025,instruction,False,0.7998
inst-026,instruction,False,0.9208
inst-027,instruction,False,0.9552
inst-028,instruction,False,0.8814
inst-029,instruction,False,0.8172
inst-030,instruction,False,0.7759
inst-031,instruction,False,0.9344
inst-032,instruction,False,0.9371
inst-033,instruction,False,0.836
inst-034,instruction,False,0.9061
inst-035,instruction,False,0.9989
inst-036,instruction,False,0.946
inst-037,instruction,False,0.929
inst-038,instruction,False,0.884
inst-039,instruction,False,0.7968
inst-040,instruction,False,0.8819
inst-041,instruction,False,0.8458
inst-042,instruction,False,0.8607
inst-043,instruction,False,0.902
inst-044,instruction,False,0.9
inst-045,instruction,False,0.8932
inst-046,instruction,False,0.9535
inst-047,instruction,False,0.8115
inst-048,instruction,False,0.9607
inst-049,instruction,False,0.9419
inst-050,instruction,False,0.9573
inst-051,instruction,False,0.8421
inst-052,instruction,False,0.9655
inst-053,instruction,False,0.9234
inst-054,instruction,False,0.9145
inst-055,instruction,False,0.8134
inst-056,instruction,False,0.9104
inst-057,instruction,False,0.8603
inst-058,instruction,False,0.9229
inst-059,instruction,False,0.9616
inst-060,instruction,False,0.9394
inst-061,instruction,False,0.9775
inst-062,instruction,False,0.8126
inst-063,instruction,True,1.0
inst-064,instruction,False,0.8055
inst-065,instruction,False,0.8517
inst-066,instruction,False,0.975
inst-067,instruction,False,0.803
inst-068,instruction,False,0.8434
inst-069,instruction,False,0.8135
inst-070,instruction,False,0.9599
inst-071,instruction,False,0.7534
inst-072,instruction,False,0.7659
inst-073,instruction,False,0.9072
inst-074,instruction,False,0.8903
inst-075,instruction,False,0.8783
inst-076,instruction,False,0.8483
inst-077,instruction,False,0.8671
inst-078,instruction,False,0.9484
inst-079,instruction,False,0.9841
inst-080,instruction,False,0.779
inst-081,instruction,False,0.9473
inst-082,instruction,False,0.7131
inst-083,instruction,False,0.8918
inst-084,instruction,False,0.8458
inst-085,instruction,False,0.8708
inst-086,instruction,False,0.7524
inst-087,instruction,False,0.9149
inst-088,instruction,False,0.9027
inst-089,instruction,False,0.918
inst-090,instruction,False,0.8815
inst-091,instruction,False,0.9593
inst-092,instruction,False,0.8953
inst-093,instruction,False,0.9141
inst-094,instruction,False,0.9597
inst-095,instruction,False,0.823
inst-096,instruction,False,0.9929
inst-097,instruction,False,0.9978
inst-098,instruction,False,0.853
inst-099,instruction,False,0.9081
inst-100,instruction,False,0.8846
summ-001,summarisation,False,0.9881
summ-002,summarisation,True,1.0
summ-003,summarisation,False,0.9931
summ-004,summarisation,False,0.9219
summ-005,summarisation,False,0.8815
summ-006,summarisation,False,0.975
summ-007,summarisation,False,0.9972
summ-008,summarisation,False,0.9644
summ-009,summarisation,False,0.9586
summ-010,summarisation,True,1.0
summ-011,summarisation,True,1.0
summ-012,summarisation,False,0.7672
summ-013,summarisation,True,1.0
summ-014,summarisation,False,0.9935
summ-015,summarisation,True,1.0
summ-016,summarisation,True,1.0
summ-017,summarisation,False,0.9504
summ-018,summarisation,False,0.9887
summ-019,summarisation,False,0.8915
summ-020,summarisation,False,0.9953
summ-021,summarisation,False,0.9432
summ-022,summarisation,True,1.0
summ-023,summarisation,True,1.0
summ-024,summarisation,False,0.9456
summ-025,summarisation,False,0.9988
summ-026,summarisation,False,0.954
summ-027,summarisation,False,0.9469
summ-028,summarisation,False,0.9471
summ-029,summarisation,False,0.9741
summ-030,summarisation,False,0.9456
summ-031,summarisation,False,0.8585
summ-032,summarisation,True,1.0
summ-033,summarisation,False,0.886
summ-034,summarisation,False,0.9064
summ-035,summarisation,True,1.0
summ-036,summarisation,False,0.9122
summ-037,summarisation,False,0.8399
summ-038,summarisation,True,1.0
summ-039,summarisation,False,0.8726
summ-040,summarisation,True,1.0
summ-041,summarisation,True,1.0
summ-042,summarisation,False,0.9266
summ-043,summarisation,False,0.9628
summ-044,summarisation,False,0.8717
summ-045,summarisation,True,1.0
summ-046,summarisation,True,1.0
summ-047,summarisation,False,0.8549
summ-048,summarisation,False,0.882
summ-049,summarisation,False,0.9116
summ-050,summarisation,False,0.9974
summ-051,summarisation,False,0.933
summ-052,summarisation,False,0.9019
summ-053,summarisation,False,0.9865
summ-054,summarisation,False,0.97
summ-055,summarisation,False,0.9043
summ-056,summarisation,False,0.8776
summ-057,summarisation,False,0.8744
summ-058,summarisation,False,0.9371
summ-059,summarisation,False,0.8925
summ-060,summarisation,False,0.8647
summ-061,summarisation,True,1.0
summ-062,summarisation,True,1.0
summ-063,summarisation,False,0.9764
summ-064,summarisation,False,0.8731
summ-065,summarisation,False,0.8657
summ-066,summarisation,True,1.0
summ-067,summarisation,False,0.9799
summ-068,summarisation,False,0.9964
summ-069,summarisation,False,0.8921
summ-070,summarisation,False,0.8918
summ-071,summarisation,True,1.0
summ-072,summarisation,False,0.7938
summ-073,summarisation,False,0.9875
summ-074,summarisation,False,0.891
summ-075,summarisation,False,0.9838
summ-076,summarisation,False,0.8611
summ-077,summarisation,False,0.9084
summ-078,summarisation,False,0.8369
summ-079,summarisation,False,0.928
summ-080,summarisation,False,0.8752
summ-081,summarisation,False,0.9933
summ-082,summarisation,False,0.9597
summ-083,summarisation,False,0.9624
summ-084,summarisation,False,0.8648
summ-085,summarisation,True,1.0
summ-086,summarisation,False,0.89
summ-087,summarisation,False,0.936
summ-088,summarisation,False,0.8383
summ-089,summarisation,False,0.8108
summ-090,summarisation,True,1.0
summ-091,summarisation,False,0.9786
summ-092,summarisation,True,1.0
summ-093,summarisation,False,0.9924
summ-094,summarisation,False,0.976
summ-095,summarisation,False,0.8734
summ-096,summarisation,False,0.9134
summ-097,summarisation,True,1.0
summ-098,summarisation,False,0.9326
summ-099,summarisation,False,0.8258
summ-100,summarisation,False,0.9682
qa-001,qa,True,1.0
qa-002,qa,False,0.9897
qa-003,qa,False,0.9823
qa-004,qa,True,1.0
qa-005,qa,True,1.0
qa-006,qa,False,0.9178
qa-007,qa,False,0.9788
qa-008,qa,False,0.7661
qa-009,qa,False,0.9614
qa-010,qa,True,1.0
qa-011,qa,True,1.0
qa-012,qa,False,0.9166
qa-013,qa,False,0.8522
qa-014,qa,True,1.0
qa-015,qa,False,0.9188
qa-016,qa,False,0.8974
qa-017,qa,True,1.0
qa-018,qa,False,0.9906
qa-019,qa,False,0.843
qa-020,qa,False,0.9743
qa-021,qa,False,0.8526
qa-022,qa,False,0.8426
qa-023,qa,False,0.8193
qa-024,qa,False,0.8453
qa-025,qa,False,0.9008
qa-026,qa,False,0.9838
qa-027,qa,False,0.8944
qa-028,qa,False,0.8396
qa-029,qa,False,0.8982
qa-030,qa,False,0.9877
qa-031,qa,False,0.8919
qa-032,qa,False,0.9826
qa-033,qa,False,0.8245
qa-034,qa,False,0.9366
qa-035,qa,False,0.7826
qa-036,qa,False,0.9384
qa-037,qa,False,0.7885
qa-038,qa,False,0.8671
qa-039,qa,False,0.8385
qa-040,qa,False,0.8635
qa-041,qa,False,0.9919
qa-042,qa,True,1.0
qa-043,qa,False,0.9639
qa-044,qa,False,0.789
qa-045,qa,False,0.9936
qa-046,qa,False,0.965
qa-047,qa,False,0.9295
qa-048,qa,False,0.9859
qa-049,qa,False,0.8227
qa-050,qa,False,0.9564
qa-051,qa,True,1.0
qa-052,qa,False,0.9208
qa-053,qa,True,1.0
qa-054,qa,False,0.9902
qa-055,qa,False,0.9891
qa-056,qa,False,0.8143
qa-057,qa,False,0.8059
qa-058,qa,False,0.9146
qa-059,qa,False,0.8793
qa-060,qa,False,0.8914
qa-061,qa,False,0.8624
qa-062,qa,False,0.8954
qa-063,qa,False,0.9358
qa-064,qa,False,0.9175
qa-065,qa,False,0.79
qa-066,qa,False,0.8464
qa-067,qa,False,0.8217
qa-068,qa,False,0.9511
qa-069,qa,False,0.9493
qa-070,qa,False,0.926
qa-071,qa,False,0.9784
qa-072,qa,False,0.9839
qa-073,qa,True,1.0
qa-074,qa,False,0.8344
qa-075,qa,False,0.9918
qa-076,qa,False,0.8415
qa-077,qa,True,1.0
qa-078,qa,False,0.9947
qa-079,qa,False,0.8007
qa-080,qa,False,0.9398
qa-081,qa,False,0.8564
qa-082,qa,False,0.9788
qa-083,qa,True,1.0
qa-084,qa,False,0.8724
qa-085,qa,False,0.8523
qa-086,qa,False,0.9356
qa-087,qa,False,0.856
qa-088,qa,False,0.7927
qa-089,qa,False,0.8156
qa-090,qa,False,0.8391
qa-091,qa,False,0.9768
qa-092,qa,True,1.0
qa-093,qa,True,1.0
qa-094,qa,False,0.9743
qa-095,qa,False,0.9693
qa-096,qa,True,1.0
qa-097,qa,False,0.9939
qa-098,qa,True,1.0
qa-099,qa,False,0.813
qa-100,qa,True,1.0
creat-001,creative,False,0.7398
creat-002,creative,False,0.7491
creat-003,creative,False,0.727
creat-004,creative,False,0.738
creat-005,creative,False,0.7828
creat-006,creative,False,0.7883
creat-007,creative,False,0.7206
creat-008,creative,False,0.78
creat-009,creative,False,0.7529
creat-010,creative,False,0.7191
creat-011,creative,False,0.7946
creat-012,creative,False,0.8615
creat-013,creative,False,0.8221
creat-014,creative,False,0.8439
creat-015,creative,False,0.8389
creat-016,creative,False,0.9004
creat-017,creative,False,0.7636
creat-018,creative,False,0.8198
creat-019,creative,False,0.8466
creat-020,creative,False,0.8314
creat-021,creative,False,0.7296
creat-022,creative,False,0.9406
creat-023,creative,False,0.7054
creat-024,creative,False,0.938
creat-025,creative,False,0.7815
creat-026,creative,False,0.8553
creat-027,creative,False,0.7626
creat-028,creative,False,0.7051
creat-029,creative,False,0.7081
creat-030,creative,False,0.736
creat-031,creative,False,0.8025
creat-032,creative,False,0.8045
creat-033,creative,False,0.8433
creat-034,creative,False,0.8458
creat-035,creative,False,0.738
creat-036,creative,False,0.7758
creat-037,creative,False,0.8512
creat-038,creative,False,0.7371
creat-039,creative,False,0.7257
creat-040,creative,False,0.7654
creat-041,creative,False,0.8234
creat-042,creative,False,0.7246
creat-043,creative,False,0.9011
creat-044,creative,False,0.746
creat-045,creative,False,0.8185
creat-046,creative,False,0.7953
creat-047,creative,False,0.7866
creat-048,creative,False,0.8619
creat-049,creative,False,0.7557
creat-050,creative,False,0.8547
creat-051,creative,False,0.8668
creat-052,creative,False,0.8348
creat-053,creative,False,0.7865
creat-054,creative,False,0.8949
creat-055,creative,False,0.753
creat-056,creative,False,0.8082
creat-057,creative,False,0.8168
creat-058,creative,False,0.8744
creat-059,creative,False,0.7658
creat-060,creative,False,0.8407
creat-061,creative,False,0.8729
creat-062,creative,False,0.8603
creat-063,creative,False,0.8818
creat-064,creative,False,0.7427
creat-065,creative,False,0.8672
creat-066,creative,False,0.8435
creat-067,creative,False,0.7838
creat-068,creative,False,0.8521
creat-069,creative,False,0.8178
creat-070,creative,False,0.7537
creat-071,creative,False,0.8201
creat-072,creative,False,0.802
creat-073,creative,False,0.955
creat-074,creative,False,0.9319
creat-075,creative,False,0.8651
creat-076,creative,False,0.8737
creat-077,creative,False,0.898
creat-078,creative,False,0.9039
creat-079,creative,False,0.9978
creat-080,creative,False,0.9149
creat-081,creative,False,0.9012
creat-082,creative,False,0.713
creat-083,creative,False,0.8012
creat-084,creative,False,0.7454
creat-085,creative,False,0.8161
creat-086,creative,False,0.776
creat-087,creative,False,0.7796
creat-088,creative,False,0.794
creat-089,creative,False,0.7559
creat-090,creative,False,0.7628
creat-091,creative,False,0.7322
creat-092,creative,False,0.8613
creat-093,creative,False,0.7331
creat-094,creative,False,0.6755
creat-095,creative,False,0.799
creat-096,creative,False,0.8519
creat-097,creative,False,0.8296
creat-098,creative,False,0.757
creat-099,creative,False,0.7898
creat-100,creative,False,0.8021
inst-101,instruction,False,0.9649
inst-102,instruction,False,0.8795
inst-103,instruction,False,0.9072
inst-104,instruction,False,0.8775
inst-105,instruction,False,0.8972
inst-106,instruction,False,0.9102
inst-107,instruction,False,0.8708
inst-108,instruction,False,0.9343
inst-109,instruction,False,0.8393
inst-110,instruction,False,0.9555
inst-111,instruction,False,0.8497
inst-112,instruction,False,0.9756
inst-113,instruction,False,0.9248
inst-114,instruction,False,0.8088
inst-115,instruction,False,0.9223
inst-116,instruction,True,1.0
inst-117,instruction,False,0.9207
inst-118,instruction,False,0.9639
inst-119,instruction,True,1.0
inst-120,instruction,True,1.0
inst-121,instruction,True,1.0
inst-122,instruction,False,0.8754
inst-123,instruction,False,0.9695
inst-124,instruction,False,0.9491
inst-125,instruction,False,0.9351
summ-101,summarisation,True,1.0
summ-102,summarisation,False,0.9845
summ-103,summarisation,True,1.0
summ-104,summarisation,False,0.991
summ-105,summarisation,False,0.9858
summ-106,summarisation,False,0.9392
summ-107,summarisation,False,0.9577
summ-108,summarisation,False,0.968
summ-109,summarisation,False,0.9873
summ-110,summarisation,False,0.9298
summ-111,summarisation,False,0.9182
summ-112,summarisation,True,1.0
summ-113,summarisation,False,0.988
summ-114,summarisation,False,0.8917
summ-115,summarisation,True,1.0
summ-116,summarisation,False,0.9958
summ-117,summarisation,True,1.0
summ-118,summarisation,False,0.9487
summ-119,summarisation,True,1.0
summ-120,summarisation,False,0.9487
summ-121,summarisation,True,1.0
summ-122,summarisation,False,0.8919
summ-123,summarisation,False,0.9788
summ-124,summarisation,True,1.0
summ-125,summarisation,True,1.0
qa-101,qa,True,1.0
qa-102,qa,False,0.9604
qa-103,qa,True,1.0
qa-104,qa,True,1.0
qa-105,qa,False,0.8543
qa-106,qa,True,1.0
qa-107,qa,True,1.0
qa-108,qa,False,0.9828
qa-109,qa,False,0.9488
qa-110,qa,False,0.8851
qa-111,qa,False,0.9633
qa-112,qa,False,0.9953
qa-113,qa,False,0.8511
qa-114,qa,True,1.0
qa-115,qa,False,0.9975
qa-116,qa,False,0.9698
qa-117,qa,True,1.0
qa-118,qa,False,0.9029
qa-119,qa,False,0.869
qa-120,qa,False,0.9847
qa-121,qa,False,0.9378
qa-122,qa,False,0.9637
qa-123,qa,False,0.8379
qa-124,qa,True,1.0
qa-125,qa,False,0.8948
creat-101,creative,False,0.7114
creat-102,creative,False,0.8042
creat-103,creative,False,0.7878
creat-104,creative,False,0.7813
creat-105,creative,False,0.9096
creat-106,creative,False,0.949
creat-107,creative,False,0.6821
creat-108,creative,False,0.7054
creat-109,creative,False,0.8633
creat-110,creative,False,0.7567
creat-111,creative,False,0.7259
creat-112,creative,False,0.8169
creat-113,creative,False,0.8424
creat-114,creative,False,0.8833
creat-115,creative,False,0.8958
creat-116,creative,False,0.7942
creat-117,creative,False,0.8152
creat-118,creative,False,0.8172
creat-119,creative,False,0.796
creat-120,creative,False,0.9177
creat-121,creative,False,0.7441
creat-122,creative,False,0.7625
creat-123,creative,False,0.7825
creat-124,creative,False,0.8397
creat-125,creative,False,0.7725
