prompt_id,category,target,mode,orig_cl100k,orig_scorer_tok,achieved_keep,error
inst-082,instruction,0.5,rate,167,97,0.47904191616766467,
inst-082,instruction,0.5,target_token,167,97,0.47904191616766467,
inst-082,instruction,0.3,rate,167,97,0.2934131736526946,
inst-082,instruction,0.3,target_token,167,97,0.2934131736526946,
inst-015,instruction,0.5,rate,182,104,0.9945054945054945,
inst-015,instruction,0.5,target_token,182,104,0.9945054945054945,
inst-015,instruction,0.3,rate,182,104,0.9945054945054945,
inst-015,instruction,0.3,target_token,182,104,0.9945054945054945,
inst-004,instruction,0.5,rate,171,100,1.0,
inst-004,instruction,0.5,target_token,171,100,1.0,
inst-004,instruction,0.3,rate,171,100,0.9824561403508771,
inst-004,instruction,0.3,target_token,171,100,0.9824561403508771,
inst-095,instruction,0.5,rate,156,94,0.5256410256410257,
inst-095,instruction,0.5,target_token,156,94,0.5256410256410257,
inst-095,instruction,0.3,rate,156,94,0.3333333333333333,
inst-095,instruction,0.3,target_token,156,94,0.32051282051282054,
inst-036,instruction,0.5,rate,177,103,1.0,
inst-036,instruction,0.5,target_token,177,103,1.0,
inst-036,instruction,0.3,rate,177,103,0.9774011299435028,
inst-036,instruction,0.3,target_token,177,103,0.9774011299435028,
summ-032,summarisation,0.5,rate,540,290,0.6611111111111111,
summ-032,summarisation,0.5,target_token,540,290,0.6611111111111111,
summ-032,summarisation,0.3,rate,540,290,0.5203703703703704,
summ-032,summarisation,0.3,target_token,540,290,0.5203703703703704,
summ-029,summarisation,0.5,rate,558,327,0.6612903225806451,
summ-029,summarisation,0.5,target_token,558,327,0.6612903225806451,
summ-029,summarisation,0.3,rate,558,327,0.5448028673835126,
summ-029,summarisation,0.3,target_token,558,327,0.5448028673835126,
summ-018,summarisation,0.5,rate,570,312,0.6473684210526316,
summ-018,summarisation,0.5,target_token,570,312,0.6473684210526316,
summ-018,summarisation,0.3,rate,570,312,0.5561403508771929,
summ-018,summarisation,0.3,target_token,570,312,0.5561403508771929,
summ-095,summarisation,0.5,rate,535,287,0.6467289719626168,
summ-095,summarisation,0.5,target_token,535,287,0.6467289719626168,
summ-095,summarisation,0.3,rate,535,287,0.5327102803738317,
summ-095,summarisation,0.3,target_token,535,287,0.5327102803738317,
summ-014,summarisation,0.5,rate,572,312,0.6520979020979021,
summ-014,summarisation,0.5,target_token,572,312,0.6520979020979021,
summ-014,summarisation,0.3,rate,572,312,0.5594405594405595,
summ-014,summarisation,0.3,target_token,572,312,0.5594405594405595,
qa-087,qa,0.5,rate,61,30,1.0,
qa-087,qa,0.5,target_token,61,30,1.0,
qa-087,qa,0.3,rate,61,30,1.0,
qa-087,qa,0.3,target_token,61,30,1.0,
qa-095,qa,0.5,rate,68,31,1.0,
qa-095,qa,0.5,target_token,68,31,1.0,
qa-095,qa,0.3,rate,68,31,1.0,
qa-095,qa,0.3,target_token,68,31,1.0,
qa-115,qa,0.5,rate,107,69,0.9345794392523364,
qa-115,qa,0.5,target_token,107,69,0.9345794392523364,
qa-115,qa,0.3,rate,107,69,0.9345794392523364,
qa-115,qa,0.3,target_token,107,69,0.9345794392523364,
qa-070,qa,0.5,rate,66,31,1.0,
qa-070,qa,0.5,target_token,66,31,1.0,
qa-070,qa,0.3,rate,66,31,1.0,
qa-070,qa,0.3,target_token,66,31,1.0,
qa-012,qa,0.5,rate,71,42,1.0,
qa-012,qa,0.5,target_token,71,42,1.0,
qa-012,qa,0.3,rate,71,42,1.0,
qa-012,qa,0.3,target_token,71,42,1.0,
creat-076,creative,0.5,rate,74,39,1.0,
creat-076,creative,0.5,target_token,74,39,1.0,
creat-076,creative,0.3,rate,74,39,1.0,
creat-076,creative,0.3,target_token,74,39,1.0,
creat-055,creative,0.5,rate,77,45,1.0,
creat-055,creative,0.5,target_token,77,45,1.0,
creat-055,creative,0.3,rate,77,45,1.0,
creat-055,creative,0.3,target_token,77,45,1.0,
creat-005,creative,0.5,rate,73,41,1.0,
creat-005,creative,0.5,target_token,73,41,1.0,
creat-005,creative,0.3,rate,73,41,1.0,
creat-005,creative,0.3,target_token,73,41,1.0,
creat-004,creative,0.5,rate,80,49,1.0,
creat-004,creative,0.5,target_token,80,49,1.0,
creat-004,creative,0.3,rate,80,49,1.0,
creat-004,creative,0.3,target_token,80,49,1.0,
creat-012,creative,0.5,rate,69,39,1.0,
creat-012,creative,0.5,target_token,69,39,1.0,
creat-012,creative,0.3,rate,69,39,1.0,
creat-012,creative,0.3,target_token,69,39,1.0,
