prompt_id,category,origin,split,ceiling_f1_arabert,ceiling_f1_mbert,identical
v2-inst-001,instruction,v2,test,0.8846,0.9139,False
v2-inst-002,instruction,v2,test,0.9399,0.9542,False
v2-inst-003,instruction,v2,test,0.9805,0.9771,False
v2-inst-004,instruction,v2,test,0.7621,0.8149,False
v2-inst-005,instruction,v2,test,0.9399,0.9345,False
v2-inst-006,instruction,v2,test,0.7878,0.7654,False
v2-inst-007,instruction,v2,test,0.9061,0.8463,False
v2-inst-008,instruction,v2,test,1.0,1.0,True
v2-inst-009,instruction,v2,test,0.7696,0.8477,False
v2-inst-010,instruction,v2,test,1.0,1.0,True
v2-inst-011,instruction,v2,test,0.7942,0.8572,False
v2-inst-012,instruction,v2,test,0.9128,0.9413,False
v2-inst-013,instruction,v2,test,1.0,1.0,True
v2-inst-014,instruction,v2,test,0.7528,0.7994,False
v2-inst-015,instruction,v2,test,0.8269,0.8711,False
v2-inst-016,instruction,v2,test,0.8512,0.8872,False
v2-inst-017,instruction,v2,test,0.8687,0.8931,False
v2-inst-018,instruction,v2,test,0.7491,0.8223,False
v2-inst-019,instruction,v2,test,1.0,1.0,True
v2-inst-020,instruction,v2,test,0.7809,0.8087,False
v2-inst-021,instruction,v2,test,1.0,1.0,True
v2-inst-022,instruction,v2,test,0.8997,0.9228,False
v2-inst-023,instruction,v2,test,0.9113,0.9133,False
v2-inst-024,instruction,v2,test,1.0,1.0,True
v2-inst-025,instruction,v2,test,0.7781,0.8049,False
v2-inst-026,instruction,v2,test,0.8581,0.8788,False
v2-inst-027,instruction,v2,test,1.0,1.0,True
v2-inst-028,instruction,v2,test,0.7629,0.8137,False
v2-inst-029,instruction,v2,test,0.9875,0.9729,False
v2-inst-030,instruction,v2,test,0.7356,0.8329,False
v2-inst-031,instruction,v2,test,0.73,0.7572,False
v2-inst-032,instruction,v2,test,1.0,0.9811,False
v2-inst-033,instruction,v2,test,0.7319,0.8098,False
v2-inst-034,instruction,v2,test,0.7676,0.8198,False
v2-inst-035,instruction,v2,test,0.9764,0.994,False
v2-inst-036,instruction,v2,test,0.679,0.7273,False
v2-inst-037,instruction,v2,test,1.0,1.0,True
v2-inst-038,instruction,v2,test,0.9943,0.9971,False
v2-inst-039,instruction,v2,test,0.9595,0.9663,False
v2-inst-040,instruction,v2,test,0.7537,0.812,False
v2-inst-041,instruction,v2,test,0.9119,0.934,False
v2-inst-042,instruction,v2,test,0.8788,0.8994,False
v2-inst-043,instruction,v2,test,0.8915,0.9177,False
v2-inst-044,instruction,v2,test,0.8365,0.8844,False
v2-inst-045,instruction,v2,test,1.0,1.0,True
v2-inst-046,instruction,v2,test,0.7984,0.8828,False
v2-inst-047,instruction,v2,test,0.7411,0.7736,False
v2-inst-048,instruction,v2,test,0.8159,0.8323,False
v2-inst-049,instruction,v2,test,1.0,1.0,True
v2-inst-050,instruction,v2,test,1.0,1.0,True
v2-inst-051,instruction,v2,test,0.9987,0.9987,False
v2-inst-052,instruction,v2,test,0.6372,0.8311,False
v2-inst-053,instruction,v2,test,0.6703,0.7645,False
v2-inst-054,instruction,v2,test,1.0,1.0,True
v2-inst-055,instruction,v2,test,0.6887,0.7281,False
v2-inst-056,instruction,v2,test,0.9095,0.9179,False
v2-inst-057,instruction,v2,test,0.9428,0.9296,False
v2-inst-058,instruction,v2,test,1.0,1.0,True
v2-inst-059,instruction,v2,test,1.0,1.0,True
v2-inst-060,instruction,v2,test,0.9825,0.9798,False
v2-inst-061,instruction,v2,test,0.8994,0.9089,False
v2-inst-062,instruction,v2,test,1.0,1.0,True
v2-inst-063,instruction,v2,test,0.7975,0.8461,False
v2-inst-064,instruction,v2,test,0.8783,0.8439,False
v2-inst-065,instruction,v2,test,1.0,1.0,True
v2-inst-066,instruction,v2,test,0.8238,0.8558,False
v2-inst-067,instruction,v2,test,0.9556,0.951,False
v2-inst-068,instruction,v2,test,0.8147,0.8677,False
v2-inst-069,instruction,v2,test,0.9617,0.9815,False
v2-inst-070,instruction,v2,test,0.7829,0.8258,False
v2-inst-071,instruction,v2,dev,0.932,0.9379,False
v2-inst-072,instruction,v2,dev,0.8593,0.8347,False
v2-inst-073,instruction,v2,dev,0.7606,0.8198,False
v2-inst-074,instruction,v2,dev,0.9559,0.9672,False
v2-inst-075,instruction,v2,dev,0.7892,0.8285,False
v2-inst-076,instruction,v2,dev,0.8494,0.8894,False
v2-inst-077,instruction,v2,dev,0.7651,0.8347,False
v2-inst-078,instruction,v2,dev,0.7372,0.8042,False
v2-inst-079,instruction,v2,dev,0.8688,0.8481,False
v2-inst-080,instruction,v2,dev,0.8403,0.8785,False
v2-inst-081,instruction,v2,dev,0.824,0.8532,False
v2-inst-082,instruction,v2,dev,1.0,1.0,True
v2-inst-083,instruction,v2,dev,0.7742,0.8291,False
v2-inst-084,instruction,v2,dev,1.0,1.0,True
v2-inst-085,instruction,v2,dev,1.0,1.0,True
v2-inst-086,instruction,v2,dev,0.7436,0.7902,False
v2-inst-087,instruction,v2,dev,1.0,1.0,True
v2-inst-088,instruction,v2,dev,0.9324,0.9519,False
v2-inst-089,instruction,v2,dev,0.8398,0.8582,False
v2-inst-090,instruction,v2,dev,1.0,1.0,True
v2-inst-091,instruction,v2,dev,0.7964,0.8412,False
v2-inst-092,instruction,v2,dev,0.8185,0.8666,False
v2-inst-093,instruction,v2,dev,0.7828,0.8231,False
v2-inst-094,instruction,v2,dev,0.8906,0.936,False
v2-inst-095,instruction,v2,dev,0.8979,0.9387,False
v2-inst-096,instruction,v2,dev,0.9263,0.9456,False
v2-inst-097,instruction,v2,dev,0.7677,0.8587,False
v2-inst-098,instruction,v2,dev,0.9019,0.9226,False
v2-inst-099,instruction,v2,dev,1.0,1.0,True
v2-inst-100,instruction,v2,dev,0.811,0.8818,False
v2-inst-101,instruction,v2,dev,0.9519,0.9589,False
v2-inst-102,instruction,v2,dev,0.7056,0.7716,False
v2-inst-103,instruction,v2,dev,0.7736,0.7679,False
v2-inst-104,instruction,v2,dev,0.8481,0.8905,False
v2-inst-105,instruction,v2,dev,0.7034,0.8349,False
v2-inst-106,instruction,v2,dev,0.7184,0.7449,False
v2-inst-107,instruction,v2,dev,1.0,1.0,True
v2-inst-108,instruction,v2,dev,0.8288,0.8699,False
v2-inst-109,instruction,v2,dev,0.899,0.9106,False
v2-inst-110,instruction,v2,dev,0.6716,0.7258,False
v2-inst-111,instruction,v2,dev,0.737,0.8231,False
v2-inst-112,instruction,v2,dev,0.8324,0.8846,False
v2-inst-113,instruction,v2,dev,0.9611,0.9615,False
v2-inst-114,instruction,v2,dev,0.9877,0.9847,False
v2-inst-115,instruction,v2,dev,1.0,1.0,True
v2-inst-116,instruction,v2,dev,1.0,1.0,True
v2-inst-117,instruction,v2,dev,0.9606,0.9654,False
v2-inst-118,instruction,v2,dev,0.8438,0.8649,False
v2-inst-119,instruction,v2,dev,0.9199,0.8741,False
v2-inst-120,instruction,v2,dev,0.7708,0.8064,False
v2-inst-121,instruction,v2,dev,0.8732,0.8844,False
v2-inst-122,instruction,v2,dev,0.9048,0.9141,False
v2-inst-123,instruction,v2,dev,0.9327,0.9632,False
v2-inst-124,instruction,v2,dev,0.8865,0.9131,False
v2-inst-125,instruction,v2,dev,0.7531,0.7495,False
v2-inst-126,instruction,v2,dev,0.8073,0.8023,False
v2-inst-127,instruction,v2,dev,0.7143,0.8073,False
v2-inst-128,instruction,v2,dev,0.8261,0.8441,False
v2-inst-129,instruction,v2,dev,0.8651,0.8833,False
v2-inst-130,instruction,v2,dev,0.7244,0.774,False
v2-inst-131,instruction,v2,dev,0.7829,0.8141,False
v2-inst-132,instruction,v2,dev,0.769,0.8619,False
v2-inst-133,instruction,v2,dev,1.0,1.0,True
v2-inst-134,instruction,v2,dev,1.0,1.0,True
v2-inst-135,instruction,v2,dev,1.0,1.0,True
v2-inst-136,instruction,v2,dev,1.0,1.0,True
v2-inst-137,instruction,v2,dev,1.0,1.0,True
v2-inst-138,instruction,v2,dev,0.6078,0.7246,False
v2-inst-139,instruction,v2,dev,0.9482,0.8972,False
v2-inst-140,instruction,v2,dev,1.0,1.0,True
v2-inst-141,instruction,v2,dev,0.9586,0.9774,False
v2-inst-142,instruction,v2,dev,0.9269,0.9365,False
v2-inst-143,instruction,v2,dev,0.8632,0.8615,False
v2-inst-144,instruction,v2,dev,0.9675,0.971,False
v2-inst-145,instruction,v2,dev,0.6938,0.7583,False
v2-inst-146,instruction,v2,dev,1.0,1.0,True
v2-inst-147,instruction,v2,dev,0.8301,0.8783,False
v2-inst-148,instruction,v2,dev,0.9634,0.8865,False
v2-inst-149,instruction,v2,dev,0.7351,0.8403,False
v2-inst-150,instruction,v2,dev,1.0,1.0,True
v2-inst-151,instruction,v2,dev,0.9506,0.9491,False
v2-inst-152,instruction,v2,dev,0.8723,0.9142,False
v2-inst-153,instruction,v2,dev,1.0,1.0,True
v2-inst-154,instruction,v2,dev,0.87,0.8853,False
v2-inst-155,instruction,v2,dev,1.0,1.0,True
v2-inst-156,instruction,v2,dev,1.0,1.0,True
v2-inst-157,instruction,v2,dev,0.9541,0.9545,False
v2-inst-158,instruction,v2,dev,0.7659,0.8095,False
v2-inst-159,instruction,v2,dev,0.9105,0.9285,False
v2-inst-160,instruction,v2,dev,1.0,1.0,True
v2-inst-161,instruction,v2,dev,1.0,1.0,True
v2-inst-162,instruction,v2,dev,1.0,1.0,True
v2-inst-163,instruction,v2,dev,0.8235,0.8938,False
v2-inst-164,instruction,v2,dev,0.7347,0.7725,False
v2-inst-165,instruction,v2,dev,0.5851,0.7649,False
v2-inst-166,instruction,v2,dev,0.8518,0.8475,False
v2-inst-167,instruction,v2,dev,0.8791,0.8832,False
v2-inst-168,instruction,v2,dev,0.9212,0.8771,False
v2-inst-169,instruction,v2,dev,0.6828,0.7585,False
v2-inst-170,instruction,v2,dev,0.723,0.7748,False
v2-inst-171,instruction,v2,dev,0.9936,0.9931,False
v2-inst-172,instruction,v2,dev,0.7502,0.7892,False
v2-inst-173,instruction,v2,dev,0.8637,0.8793,False
v2-inst-174,instruction,v2,dev,0.7922,0.8459,False
v2-inst-175,instruction,v2,dev,1.0,1.0,True
v2-inst-176,instruction,v2,dev,0.9753,0.9884,False
v2-inst-177,instruction,v2,dev,0.9362,0.9419,False
v2-inst-178,instruction,v2,dev,0.811,0.8733,False
v2-inst-179,instruction,v2,dev,0.9935,0.9946,False
v2-inst-180,instruction,v2,dev,1.0,1.0,True
v2-inst-181,instruction,v2,dev,0.9893,0.9803,False
v2-inst-182,instruction,v2,dev,0.7041,0.8056,False
v2-inst-183,instruction,v2,dev,0.7917,0.847,False
v2-inst-184,instruction,v2,dev,1.0,1.0,True
v2-inst-185,instruction,v2,dev,1.0,1.0,True
v2-inst-186,instruction,v2,dev,0.8351,0.8689,False
v2-inst-187,instruction,v2,dev,0.9657,0.9686,False
v2-inst-188,instruction,v2,dev,0.8745,0.8864,False
v2-inst-189,instruction,v2,dev,0.7522,0.7991,False
v2-inst-190,instruction,v2,dev,0.8048,0.845,False
v2-inst-191,instruction,v2,dev,0.649,0.7733,False
v2-inst-192,instruction,v2,dev,0.8734,0.8935,False
v2-inst-193,instruction,v2,dev,1.0,1.0,True
v2-inst-194,instruction,v2,dev,1.0,1.0,True
v2-inst-195,instruction,v2,dev,0.9804,0.9641,False
v2-inst-196,instruction,v2,dev,1.0,1.0,True
v2-inst-197,instruction,v2,dev,0.8616,0.9253,False
v2-inst-198,instruction,v2,dev,0.7129,0.7801,False
v2-inst-199,instruction,v2,dev,1.0,1.0,True
v2-inst-200,instruction,v2,dev,0.8797,0.8681,False
v2-inst-201,instruction,v2,dev,0.9551,0.9511,False
v2-inst-202,instruction,v2,dev,0.9446,0.9198,False
v2-inst-203,instruction,v2,dev,0.8751,0.9157,False
v2-inst-204,instruction,v2,dev,0.9713,0.9875,False
v2-inst-205,instruction,v2,dev,0.9358,0.9292,False
v2-inst-206,instruction,v2,dev,0.7798,0.8374,False
v2-inst-207,instruction,v2,dev,0.9289,0.9287,False
v2-inst-208,instruction,v2,dev,0.9064,0.9475,False
v2-inst-209,instruction,v2,dev,0.7444,0.8074,False
v2-inst-210,instruction,v2,dev,0.9796,0.9798,False
v2-inst-211,instruction,v2,dev,0.7026,0.8043,False
v2-inst-212,instruction,v2,dev,1.0,1.0,True
v2-inst-213,instruction,v2,dev,0.7249,0.7874,False
v2-inst-214,instruction,v2,dev,0.8541,0.8788,False
v2-inst-215,instruction,v2,dev,0.8464,0.8813,False
v2-inst-216,instruction,v2,dev,0.9308,0.94,False
v2-inst-217,instruction,v2,dev,0.8953,0.9185,False
v2-inst-218,instruction,v2,dev,1.0,1.0,True
v2-inst-219,instruction,v2,dev,0.9972,0.9943,False
v2-inst-220,instruction,v2,dev,0.7445,0.806,False
v2-inst-221,instruction,v2,dev,1.0,1.0,True
v2-inst-222,instruction,v2,dev,0.9576,0.9551,False
v2-inst-223,instruction,v2,dev,0.9645,0.9673,False
v2-inst-224,instruction,v2,dev,0.9116,0.9125,False
v2-inst-225,instruction,v2,dev,1.0,1.0,True
v2-inst-226,instruction,v2,dev,0.9593,0.9777,False
v2-inst-227,instruction,v2,dev,0.8726,0.8436,False
v2-inst-228,instruction,v2,dev,0.9034,0.9253,False
v2-inst-229,instruction,v2,dev,0.7109,0.7784,False
v2-inst-230,instruction,v2,dev,0.8535,0.9075,False
v2-inst-231,instruction,v2,dev,0.8369,0.8544,False
v2-inst-232,instruction,v2,dev,0.9906,0.9881,False
v2-inst-233,instruction,v2,dev,0.9603,0.9682,False
v2-inst-234,instruction,v2,dev,0.9179,0.9274,False
v2-inst-235,instruction,v2,dev,0.8361,0.8813,False
v2-inst-236,instruction,v2,dev,0.8556,0.8741,False
v2-inst-237,instruction,v2,dev,1.0,1.0,True
v2-inst-238,instruction,v2,dev,0.8484,0.8953,False
v2-inst-239,instruction,v2,dev,0.8906,0.8545,False
v2-inst-240,instruction,v2,dev,0.951,0.9597,False
v2-inst-241,instruction,v2,dev,1.0,1.0,True
v2-inst-242,instruction,v2,dev,0.9428,0.9477,False
v2-inst-243,instruction,v2,dev,0.7516,0.8458,False
v2-inst-244,instruction,v2,dev,0.9745,0.988,False
v2-inst-245,instruction,v2,dev,0.8035,0.8328,False
v2-inst-246,instruction,v2,dev,1.0,1.0,True
v2-inst-247,instruction,v2,dev,0.9235,0.9468,False
v2-inst-248,instruction,v2,dev,0.8178,0.8695,False
v2-inst-249,instruction,v2,dev,0.8009,0.8875,False
v2-inst-250,instruction,v2,dev,0.6728,0.7588,False
v2-inst-251,instruction,v2,dev,0.7375,0.7843,False
v2-inst-252,instruction,v2,dev,0.7354,0.8103,False
v2-inst-253,instruction,v2,dev,1.0,1.0,True
v2-inst-254,instruction,v2,dev,0.7903,0.846,False
v2-inst-255,instruction,v2,dev,1.0,1.0,True
v2-inst-256,instruction,v2,dev,0.9831,0.9823,False
v2-inst-257,instruction,v2,dev,0.9002,0.9196,False
v2-inst-258,instruction,v2,dev,0.953,0.9556,False
v2-inst-259,instruction,v2,dev,1.0,1.0,True
v2-inst-260,instruction,v2,dev,0.8173,0.8658,False
v2-inst-261,instruction,v2,dev,0.8768,0.9205,False
v2-inst-262,instruction,v2,dev,1.0,1.0,True
v2-inst-263,instruction,v2,dev,1.0,1.0,True
v2-inst-264,instruction,v2,dev,0.9963,0.9899,False
v2-inst-265,instruction,v2,dev,0.8,0.8454,False
v2-inst-266,instruction,v2,dev,0.8379,0.8737,False
v2-inst-267,instruction,v2,dev,1.0,1.0,True
v2-inst-268,instruction,v2,dev,0.9029,0.9093,False
v2-inst-269,instruction,v2,dev,1.0,1.0,True
v2-inst-270,instruction,v2,dev,0.8354,0.8647,False
v2-inst-271,instruction,v2,dev,0.7665,0.8448,False
v2-inst-272,instruction,v2,dev,1.0,0.9983,False
v2-inst-273,instruction,v2,dev,0.7798,0.8061,False
v2-inst-274,instruction,v2,dev,0.893,0.9075,False
v2-inst-275,instruction,v2,dev,0.8377,0.9113,False
v2-inst-276,instruction,v2,dev,0.8557,0.8893,False
v2-inst-277,instruction,v2,dev,1.0,1.0,True
v2-inst-278,instruction,v2,dev,0.7859,0.7908,False
v2-inst-279,instruction,v2,dev,0.871,0.8928,False
v2-inst-280,instruction,v2,dev,0.8642,0.8322,False
v2-inst-281,instruction,v2,dev,0.813,0.85,False
v2-inst-282,instruction,v2,dev,0.8944,0.9131,False
v2-inst-283,instruction,v2,dev,0.9122,0.9538,False
v2-inst-284,instruction,v2,dev,0.9504,0.958,False
v2-inst-285,instruction,v2,dev,0.9857,0.9773,False
v2-inst-286,instruction,v2,dev,0.8926,0.9563,False
v2-inst-287,instruction,v2,dev,0.8176,0.8431,False
v2-inst-288,instruction,v2,dev,1.0,1.0,True
v2-inst-289,instruction,v2,dev,0.8067,0.8421,False
v2-inst-290,instruction,v2,dev,1.0,1.0,True
v2-inst-291,instruction,v2,dev,0.9745,0.992,False
v2-inst-292,instruction,v2,dev,0.9624,0.9752,False
v2-inst-293,instruction,v2,dev,0.7611,0.8164,False
v2-inst-294,instruction,v2,dev,0.8708,0.9197,False
v2-inst-295,instruction,v2,dev,0.7993,0.8409,False
v2-inst-296,instruction,v2,dev,0.7998,0.8601,False
v2-inst-297,instruction,v2,dev,0.8194,0.8402,False
v2-inst-298,instruction,v2,dev,1.0,1.0,True
v2-inst-299,instruction,v2,dev,1.0,1.0,True
v2-inst-300,instruction,v2,dev,0.9977,0.9977,False
v2-inst-301,instruction,v2,dev,0.7897,0.8205,False
v2-inst-302,instruction,v2,dev,0.8078,0.8554,False
v2-inst-303,instruction,v2,dev,0.7596,0.8106,False
v2-inst-304,instruction,v2,dev,0.9125,0.9252,False
v2-inst-305,instruction,v2,dev,0.8831,0.9417,False
v2-inst-306,instruction,v2,dev,0.8225,0.8978,False
v2-inst-307,instruction,v2,dev,0.6776,0.7981,False
v2-inst-308,instruction,v2,dev,0.7894,0.852,False
v2-inst-309,instruction,v2,dev,1.0,1.0,True
v2-inst-310,instruction,v2,dev,0.7254,0.8089,False
v2-inst-311,instruction,v2,dev,0.7295,0.8161,False
v2-inst-312,instruction,v2,dev,1.0,1.0,True
v2-inst-313,instruction,v2,dev,1.0,1.0,True
v2-inst-314,instruction,v2,dev,0.7928,0.8491,False
v2-inst-315,instruction,v2,dev,1.0,1.0,True
v2-inst-316,instruction,v2,dev,0.8373,0.902,False
v2-inst-317,instruction,v2,dev,0.7689,0.8202,False
v2-inst-318,instruction,v2,dev,1.0,1.0,True
v2-inst-319,instruction,v2,dev,0.8497,0.9124,False
v2-inst-320,instruction,v2,dev,0.8796,0.9098,False
v2-inst-321,instruction,v2,dev,1.0,1.0,True
v2-inst-322,instruction,v2,dev,0.8005,0.8557,False
v2-inst-323,instruction,v2,dev,1.0,1.0,True
v2-inst-324,instruction,v2,dev,0.8703,0.8234,False
v2-inst-325,instruction,v2,dev,0.8261,0.8217,False
v2-inst-326,instruction,v2,dev,0.7706,0.8494,False
v2-inst-327,instruction,v2,dev,0.9729,0.9826,False
v2-inst-328,instruction,v2,dev,0.782,0.8547,False
v2-inst-329,instruction,v2,dev,0.8921,0.9027,False
v2-inst-330,instruction,v2,dev,0.7942,0.797,False
v2-inst-331,instruction,v2,dev,0.8814,0.935,False
v2-inst-332,instruction,v2,dev,0.7636,0.8155,False
v2-inst-333,instruction,v2,dev,0.923,0.9382,False
v2-inst-334,instruction,v2,dev,1.0,1.0,True
v2-inst-335,instruction,v2,dev,0.7544,0.8137,False
v2-inst-336,instruction,v2,dev,1.0,1.0,True
v2-inst-337,instruction,v2,dev,0.9131,0.888,False
v2-inst-338,instruction,v2,dev,0.7885,0.8201,False
v2-inst-339,instruction,v2,dev,0.8917,0.9105,False
v2-inst-340,instruction,v2,dev,1.0,1.0,True
v2-inst-341,instruction,v2,dev,1.0,1.0,True
v2-inst-342,instruction,v2,dev,0.8602,0.8718,False
v2-inst-343,instruction,v2,dev,0.8718,0.9073,False
v2-inst-344,instruction,v2,dev,0.8691,0.9178,False
v2-inst-345,instruction,v2,dev,1.0,1.0,True
v2-inst-346,instruction,v2,dev,0.7659,0.7477,False
v2-inst-347,instruction,v2,dev,0.6991,0.8154,False
v2-inst-348,instruction,v2,dev,0.846,0.8748,False
v2-inst-349,instruction,v2,dev,0.8578,0.8939,False
v2-inst-350,instruction,v2,dev,0.7739,0.7476,False
v2-summ-001,summarisation,v2,test,0.9794,0.9943,False
v2-summ-002,summarisation,v2,test,1.0,1.0,True
v2-summ-003,summarisation,v2,test,1.0,1.0,True
v2-summ-004,summarisation,v2,test,0.9772,0.9789,False
v2-summ-005,summarisation,v2,test,1.0,1.0,True
v2-summ-006,summarisation,v2,test,1.0,1.0,True
v2-summ-007,summarisation,v2,test,1.0,1.0,True
v2-summ-008,summarisation,v2,test,1.0,1.0,True
v2-summ-009,summarisation,v2,test,0.9571,0.9751,False
v2-summ-010,summarisation,v2,test,0.9782,0.9732,False
v2-summ-011,summarisation,v2,test,1.0,1.0,True
v2-summ-012,summarisation,v2,test,0.746,0.8202,False
v2-summ-013,summarisation,v2,test,1.0,1.0,True
v2-summ-014,summarisation,v2,test,0.8058,0.8353,False
v2-summ-015,summarisation,v2,test,1.0,1.0,True
v2-summ-016,summarisation,v2,test,1.0,1.0,True
v2-summ-017,summarisation,v2,test,0.9838,0.9954,False
v2-summ-018,summarisation,v2,test,0.7395,0.8287,False
v2-summ-019,summarisation,v2,test,0.9392,0.9403,False
v2-summ-020,summarisation,v2,test,0.925,0.947,False
v2-summ-021,summarisation,v2,test,1.0,1.0,True
v2-summ-022,summarisation,v2,test,0.9933,0.9794,False
v2-summ-023,summarisation,v2,test,0.8176,0.8531,False
v2-summ-024,summarisation,v2,test,0.954,0.9555,False
v2-summ-025,summarisation,v2,test,0.9493,0.952,False
v2-summ-026,summarisation,v2,test,0.8585,0.8879,False
v2-summ-027,summarisation,v2,test,0.8455,0.9254,False
v2-summ-028,summarisation,v2,test,1.0,1.0,True
v2-summ-029,summarisation,v2,test,1.0,1.0,True
v2-summ-030,summarisation,v2,test,0.8508,0.8709,False
v2-summ-031,summarisation,v2,test,0.9863,0.9794,False
v2-summ-032,summarisation,v2,test,0.9314,0.9352,False
v2-summ-033,summarisation,v2,test,0.944,0.9561,False
v2-summ-034,summarisation,v2,test,0.9459,0.9671,False
v2-summ-035,summarisation,v2,test,0.9034,0.9152,False
v2-summ-036,summarisation,v2,test,0.9767,0.9648,False
v2-summ-037,summarisation,v2,test,1.0,1.0,True
v2-summ-038,summarisation,v2,test,1.0,1.0,True
v2-summ-039,summarisation,v2,test,1.0,1.0,True
v2-summ-040,summarisation,v2,test,1.0,1.0,True
v2-summ-041,summarisation,v2,test,1.0,1.0,True
v2-summ-042,summarisation,v2,test,0.86,0.8873,False
v2-summ-043,summarisation,v2,test,1.0,1.0,True
v2-summ-044,summarisation,v2,test,0.9109,0.925,False
v2-summ-045,summarisation,v2,test,0.8031,0.8588,False
v2-summ-046,summarisation,v2,test,0.8048,0.8797,False
v2-summ-047,summarisation,v2,test,1.0,1.0,True
v2-summ-048,summarisation,v2,test,1.0,1.0,True
v2-summ-049,summarisation,v2,test,0.9189,0.9198,False
v2-summ-050,summarisation,v2,test,1.0,1.0,True
v2-summ-051,summarisation,v2,dev,1.0,1.0,True
v2-summ-052,summarisation,v2,dev,0.9956,0.9928,False
v2-summ-053,summarisation,v2,dev,0.8921,0.9194,False
v2-summ-054,summarisation,v2,dev,0.8782,0.8964,False
v2-summ-055,summarisation,v2,dev,0.9153,0.9343,False
v2-summ-056,summarisation,v2,dev,0.8795,0.9165,False
v2-summ-057,summarisation,v2,dev,0.9265,0.9475,False
v2-summ-058,summarisation,v2,dev,0.8275,0.8233,False
v2-summ-059,summarisation,v2,dev,0.6706,0.7396,False
v2-summ-060,summarisation,v2,dev,0.8022,0.8765,False
v2-summ-061,summarisation,v2,dev,0.9767,0.9649,False
v2-summ-062,summarisation,v2,dev,0.9876,0.9934,False
v2-summ-063,summarisation,v2,dev,0.8928,0.9301,False
v2-summ-064,summarisation,v2,dev,0.9908,0.9688,False
v2-summ-065,summarisation,v2,dev,0.9725,0.9745,False
v2-summ-066,summarisation,v2,dev,0.9904,0.9657,False
v2-summ-067,summarisation,v2,dev,0.9699,0.9782,False
v2-summ-068,summarisation,v2,dev,0.931,0.9395,False
v2-summ-069,summarisation,v2,dev,0.7642,0.826,False
v2-summ-070,summarisation,v2,dev,1.0,1.0,True
v2-summ-071,summarisation,v2,dev,0.9498,0.9812,False
v2-summ-072,summarisation,v2,dev,1.0,1.0,True
v2-summ-073,summarisation,v2,dev,0.9768,0.9737,False
v2-summ-074,summarisation,v2,dev,0.9572,0.9833,False
v2-summ-075,summarisation,v2,dev,0.8579,0.9017,False
v2-summ-076,summarisation,v2,dev,1.0,1.0,True
v2-summ-077,summarisation,v2,dev,1.0,1.0,True
v2-summ-078,summarisation,v2,dev,0.7884,0.8485,False
v2-summ-079,summarisation,v2,dev,0.8709,0.8899,False
v2-summ-080,summarisation,v2,dev,0.9475,0.9501,False
v2-summ-081,summarisation,v2,dev,0.9359,0.9552,False
v2-summ-082,summarisation,v2,dev,0.9566,0.9495,False
v2-summ-083,summarisation,v2,dev,0.9272,0.9138,False
v2-summ-084,summarisation,v2,dev,0.9842,0.9874,False
v2-summ-085,summarisation,v2,dev,1.0,1.0,True
v2-summ-086,summarisation,v2,dev,0.9332,0.9355,False
v2-summ-087,summarisation,v2,dev,0.9325,0.875,False
v2-summ-088,summarisation,v2,dev,0.8888,0.8899,False
v2-summ-089,summarisation,v2,dev,0.9748,0.965,False
v2-summ-090,summarisation,v2,dev,0.8831,0.9202,False
v2-summ-091,summarisation,v2,dev,1.0,1.0,True
v2-summ-092,summarisation,v2,dev,1.0,1.0,True
v2-summ-093,summarisation,v2,dev,0.9885,0.9869,False
v2-summ-094,summarisation,v2,dev,0.8736,0.852,False
v2-summ-095,summarisation,v2,dev,0.8277,0.8649,False
v2-summ-096,summarisation,v2,dev,0.956,0.971,False
v2-summ-097,summarisation,v2,dev,0.8566,0.8954,False
v2-summ-098,summarisation,v2,dev,0.8876,0.9073,False
v2-summ-099,summarisation,v2,dev,0.892,0.8855,False
v2-summ-100,summarisation,v2,dev,0.9076,0.9284,False
v2-summ-101,summarisation,v2,dev,0.9228,0.9349,False
v2-summ-102,summarisation,v2,dev,0.8656,0.8576,False
v2-summ-103,summarisation,v2,dev,1.0,1.0,True
v2-summ-104,summarisation,v2,dev,0.9263,0.9348,False
v2-summ-105,summarisation,v2,dev,0.9731,0.9751,False
v2-summ-106,summarisation,v2,dev,0.9805,0.9796,False
v2-summ-107,summarisation,v2,dev,1.0,1.0,True
v2-summ-108,summarisation,v2,dev,0.8829,0.91,False
v2-summ-109,summarisation,v2,dev,0.8269,0.873,False
v2-summ-110,summarisation,v2,dev,0.8968,0.9223,False
v2-summ-111,summarisation,v2,dev,1.0,1.0,True
v2-summ-112,summarisation,v2,dev,0.8971,0.8717,False
v2-summ-113,summarisation,v2,dev,1.0,1.0,True
v2-summ-114,summarisation,v2,dev,0.8894,0.9046,False
v2-summ-115,summarisation,v2,dev,1.0,1.0,True
v2-summ-116,summarisation,v2,dev,0.9833,0.9907,False
v2-summ-117,summarisation,v2,dev,0.9298,0.9383,False
v2-summ-118,summarisation,v2,dev,0.9316,0.9436,False
v2-summ-119,summarisation,v2,dev,0.9874,0.9851,False
v2-summ-120,summarisation,v2,dev,1.0,1.0,True
v2-summ-121,summarisation,v2,dev,0.9767,0.9013,False
v2-summ-122,summarisation,v2,dev,0.9871,0.9816,False
v2-summ-123,summarisation,v2,dev,1.0,1.0,True
v2-summ-124,summarisation,v2,dev,0.9318,0.9447,False
v2-summ-125,summarisation,v2,dev,0.9569,0.9762,False
v2-summ-126,summarisation,v2,dev,0.9052,0.9396,False
v2-summ-127,summarisation,v2,dev,1.0,1.0,True
v2-summ-128,summarisation,v2,dev,0.9867,0.988,False
v2-summ-129,summarisation,v2,dev,0.8729,0.889,False
v2-summ-130,summarisation,v2,dev,0.8082,0.8439,False
v2-summ-131,summarisation,v2,dev,0.9265,0.9336,False
v2-summ-132,summarisation,v2,dev,0.8778,0.8782,False
v2-summ-133,summarisation,v2,dev,0.9327,0.9608,False
v2-summ-134,summarisation,v2,dev,1.0,1.0,True
v2-summ-135,summarisation,v2,dev,0.9775,0.9568,False
v2-summ-136,summarisation,v2,dev,0.9823,0.9736,False
v2-summ-137,summarisation,v2,dev,1.0,1.0,True
v2-summ-138,summarisation,v2,dev,0.9563,0.9588,False
v2-summ-139,summarisation,v2,dev,0.9722,0.9621,False
v2-summ-140,summarisation,v2,dev,0.8449,0.892,False
v2-summ-141,summarisation,v2,dev,0.9434,0.9368,False
v2-summ-142,summarisation,v2,dev,0.8992,0.9257,False
v2-summ-143,summarisation,v2,dev,0.8462,0.8947,False
v2-summ-144,summarisation,v2,dev,0.8835,0.8975,False
v2-summ-145,summarisation,v2,dev,0.9858,0.9798,False
v2-summ-146,summarisation,v2,dev,0.9963,0.9955,False
v2-summ-147,summarisation,v2,dev,0.9315,0.9429,False
v2-summ-148,summarisation,v2,dev,0.9046,0.9141,False
v2-summ-149,summarisation,v2,dev,0.8749,0.9477,False
v2-summ-150,summarisation,v2,dev,0.9431,0.9647,False
v2-summ-151,summarisation,v2,dev,0.7487,0.8072,False
v2-summ-152,summarisation,v2,dev,0.9083,0.92,False
v2-summ-153,summarisation,v2,dev,0.9675,0.9636,False
v2-summ-154,summarisation,v2,dev,0.9735,0.9645,False
v2-summ-155,summarisation,v2,dev,0.9949,0.9888,False
v2-summ-156,summarisation,v2,dev,0.9857,0.9866,False
v2-summ-157,summarisation,v2,dev,0.9548,0.9694,False
v2-summ-158,summarisation,v2,dev,0.9116,0.909,False
v2-summ-159,summarisation,v2,dev,1.0,1.0,True
v2-summ-160,summarisation,v2,dev,0.9511,0.9721,False
v2-summ-161,summarisation,v2,dev,0.8912,0.9044,False
v2-summ-162,summarisation,v2,dev,0.8907,0.9122,False
v2-summ-163,summarisation,v2,dev,0.9724,0.9809,False
v2-summ-164,summarisation,v2,dev,0.9373,0.9188,False
v2-summ-165,summarisation,v2,dev,0.9527,0.9611,False
v2-summ-166,summarisation,v2,dev,1.0,0.999,False
v2-summ-167,summarisation,v2,dev,0.9421,0.9466,False
v2-summ-168,summarisation,v2,dev,0.8184,0.8142,False
v2-summ-169,summarisation,v2,dev,0.981,0.9842,False
v2-summ-170,summarisation,v2,dev,0.9633,0.9735,False
v2-summ-171,summarisation,v2,dev,0.983,0.9908,False
v2-summ-172,summarisation,v2,dev,1.0,1.0,True
v2-summ-173,summarisation,v2,dev,1.0,1.0,True
v2-summ-174,summarisation,v2,dev,0.9617,0.9687,False
v2-summ-175,summarisation,v2,dev,0.9413,0.9492,False
v2-summ-176,summarisation,v2,dev,0.9356,0.9271,False
v2-summ-177,summarisation,v2,dev,1.0,1.0,True
v2-summ-178,summarisation,v2,dev,0.7995,0.8517,False
v2-summ-179,summarisation,v2,dev,1.0,1.0,True
v2-summ-180,summarisation,v2,dev,0.8274,0.8573,False
v2-summ-181,summarisation,v2,dev,1.0,1.0,True
v2-summ-182,summarisation,v2,dev,0.9182,0.9409,False
v2-summ-183,summarisation,v2,dev,0.9026,0.9115,False
v2-summ-184,summarisation,v2,dev,0.8893,0.9151,False
v2-summ-185,summarisation,v2,dev,1.0,1.0,True
v2-summ-186,summarisation,v2,dev,0.9918,0.9977,False
v2-summ-187,summarisation,v2,dev,0.8995,0.9262,False
v2-summ-188,summarisation,v2,dev,0.8218,0.8476,False
v2-summ-189,summarisation,v2,dev,0.9181,0.9215,False
v2-summ-190,summarisation,v2,dev,0.8892,0.9013,False
v2-summ-191,summarisation,v2,dev,0.913,0.9267,False
v2-summ-192,summarisation,v2,dev,1.0,1.0,True
v2-summ-193,summarisation,v2,dev,1.0,1.0,True
v2-summ-194,summarisation,v2,dev,0.9748,0.9899,False
v2-summ-195,summarisation,v2,dev,0.9281,0.9543,False
v2-summ-196,summarisation,v2,dev,0.9104,0.9211,False
v2-summ-197,summarisation,v2,dev,0.9158,0.9047,False
v2-summ-198,summarisation,v2,dev,0.8585,0.9115,False
v2-summ-199,summarisation,v2,dev,0.9686,0.9728,False
v2-summ-200,summarisation,v2,dev,0.89,0.9294,False
v2-summ-201,summarisation,v2,dev,0.8121,0.8266,False
v2-summ-202,summarisation,v2,dev,1.0,1.0,True
v2-summ-203,summarisation,v2,dev,0.9461,0.9534,False
v2-summ-204,summarisation,v2,dev,0.9811,0.9914,False
v2-summ-205,summarisation,v2,dev,0.9869,0.9861,False
v2-summ-206,summarisation,v2,dev,0.9565,0.9489,False
v2-summ-207,summarisation,v2,dev,1.0,1.0,True
v2-summ-208,summarisation,v2,dev,1.0,1.0,True
v2-summ-209,summarisation,v2,dev,1.0,1.0,True
v2-summ-210,summarisation,v2,dev,0.8974,0.9303,False
v2-summ-211,summarisation,v2,dev,0.9745,0.977,False
v2-summ-212,summarisation,v2,dev,1.0,1.0,True
v2-summ-213,summarisation,v2,dev,0.7923,0.7863,False
v2-summ-214,summarisation,v2,dev,0.952,0.9549,False
v2-summ-215,summarisation,v2,dev,0.9587,0.9597,False
v2-summ-216,summarisation,v2,dev,0.7243,0.805,False
v2-summ-217,summarisation,v2,dev,0.8503,0.8773,False
v2-summ-218,summarisation,v2,dev,1.0,1.0,True
v2-summ-219,summarisation,v2,dev,0.8898,0.9253,False
v2-summ-220,summarisation,v2,dev,0.8885,0.9077,False
v2-summ-221,summarisation,v2,dev,0.9879,0.9897,False
v2-summ-222,summarisation,v2,dev,0.9741,0.9634,False
v2-summ-223,summarisation,v2,dev,1.0,1.0,True
v2-summ-224,summarisation,v2,dev,1.0,1.0,True
v2-summ-225,summarisation,v2,dev,0.8623,0.9054,False
v2-summ-226,summarisation,v2,dev,0.9698,0.9662,False
v2-summ-227,summarisation,v2,dev,0.9224,0.9592,False
v2-summ-228,summarisation,v2,dev,0.952,0.9496,False
v2-summ-229,summarisation,v2,dev,1.0,1.0,True
v2-summ-230,summarisation,v2,dev,0.8419,0.8559,False
v2-summ-231,summarisation,v2,dev,0.9832,0.9814,False
v2-summ-232,summarisation,v2,dev,0.9249,0.9132,False
v2-summ-233,summarisation,v2,dev,1.0,1.0,True
v2-summ-234,summarisation,v2,dev,0.873,0.8697,False
v2-summ-235,summarisation,v2,dev,0.8626,0.8929,False
v2-summ-236,summarisation,v2,dev,0.9283,0.8849,False
v2-summ-237,summarisation,v2,dev,1.0,1.0,True
v2-summ-238,summarisation,v2,dev,0.9393,0.9658,False
v2-summ-239,summarisation,v2,dev,0.9111,0.9007,False
v2-summ-240,summarisation,v2,dev,0.955,0.9707,False
v2-summ-241,summarisation,v2,dev,0.9363,0.8901,False
v2-summ-242,summarisation,v2,dev,1.0,1.0,True
v2-summ-243,summarisation,v2,dev,0.8829,0.9217,False
v2-summ-244,summarisation,v2,dev,1.0,1.0,True
v2-summ-245,summarisation,v2,dev,0.9226,0.9541,False
v2-summ-246,summarisation,v2,dev,0.9863,0.9663,False
v2-summ-247,summarisation,v2,dev,0.887,0.908,False
v2-summ-248,summarisation,v2,dev,0.9711,0.9655,False
v2-summ-249,summarisation,v2,dev,0.8853,0.9018,False
v2-summ-250,summarisation,v2,dev,0.9322,0.9615,False
v2-qa-001,qa,v2,test,0.8685,0.9274,False
v2-qa-002,qa,v2,test,1.0,1.0,True
v2-qa-003,qa,v2,test,1.0,1.0,True
v2-qa-004,qa,v2,test,0.8607,0.9343,False
v2-qa-005,qa,v2,test,1.0,1.0,True
v2-qa-006,qa,v2,test,0.9303,0.915,False
v2-qa-007,qa,v2,test,1.0,1.0,True
v2-qa-008,qa,v2,test,1.0,1.0,True
v2-qa-009,qa,v2,test,1.0,1.0,True
v2-qa-010,qa,v2,test,1.0,1.0,True
v2-qa-011,qa,v2,test,1.0,1.0,True
v2-qa-012,qa,v2,test,1.0,1.0,True
v2-qa-013,qa,v2,test,1.0,1.0,True
v2-qa-014,qa,v2,test,1.0,1.0,True
v2-qa-015,qa,v2,test,0.6838,0.8568,False
v2-qa-016,qa,v2,test,0.9347,0.9427,False
v2-qa-017,qa,v2,test,1.0,1.0,True
v2-qa-018,qa,v2,test,0.9689,0.9633,False
v2-qa-019,qa,v2,test,1.0,1.0,True
v2-qa-020,qa,v2,test,1.0,1.0,True
v2-qa-021,qa,v2,test,1.0,1.0,True
v2-qa-022,qa,v2,test,0.8,0.8834,False
v2-qa-023,qa,v2,test,1.0,1.0,True
v2-qa-024,qa,v2,test,1.0,1.0,True
v2-qa-025,qa,v2,test,1.0,1.0,True
v2-qa-026,qa,v2,test,1.0,1.0,True
v2-qa-027,qa,v2,test,1.0,1.0,True
v2-qa-028,qa,v2,test,0.9011,0.9276,False
v2-qa-029,qa,v2,test,1.0,1.0,True
v2-qa-030,qa,v2,test,1.0,1.0,True
v2-qa-031,qa,v2,test,1.0,1.0,True
v2-qa-032,qa,v2,test,0.9562,0.9578,False
v2-qa-033,qa,v2,test,0.931,0.8452,False
v2-qa-034,qa,v2,test,1.0,1.0,True
v2-qa-035,qa,v2,test,0.9236,0.9246,False
v2-qa-036,qa,v2,test,1.0,1.0,True
v2-qa-037,qa,v2,test,1.0,1.0,True
v2-qa-038,qa,v2,test,1.0,1.0,True
v2-qa-039,qa,v2,test,1.0,1.0,True
v2-qa-040,qa,v2,test,0.8018,0.8646,False
v2-qa-041,qa,v2,test,0.761,0.9002,False
v2-qa-042,qa,v2,test,0.9772,0.9791,False
v2-qa-043,qa,v2,test,1.0,1.0,True
v2-qa-044,qa,v2,test,1.0,1.0,True
v2-qa-045,qa,v2,test,0.9255,0.9543,False
v2-qa-046,qa,v2,test,1.0,1.0,True
v2-qa-047,qa,v2,test,1.0,1.0,True
v2-qa-048,qa,v2,test,1.0,1.0,True
v2-qa-049,qa,v2,test,1.0,1.0,True
v2-qa-050,qa,v2,test,0.7349,0.8187,False
v2-qa-051,qa,v2,dev,1.0,1.0,True
v2-qa-052,qa,v2,dev,0.98,0.9765,False
v2-qa-053,qa,v2,dev,1.0,1.0,True
v2-qa-054,qa,v2,dev,1.0,1.0,True
v2-qa-055,qa,v2,dev,1.0,1.0,True
v2-qa-056,qa,v2,dev,1.0,1.0,True
v2-qa-057,qa,v2,dev,1.0,1.0,True
v2-qa-058,qa,v2,dev,0.9541,0.9551,False
v2-qa-059,qa,v2,dev,0.9899,0.9943,False
v2-qa-060,qa,v2,dev,1.0,1.0,True
v2-qa-061,qa,v2,dev,0.8987,0.9375,False
v2-qa-062,qa,v2,dev,1.0,1.0,True
v2-qa-063,qa,v2,dev,0.9674,0.9729,False
v2-qa-064,qa,v2,dev,1.0,1.0,True
v2-qa-065,qa,v2,dev,1.0,1.0,True
v2-qa-066,qa,v2,dev,0.772,0.8172,False
v2-qa-067,qa,v2,dev,1.0,1.0,True
v2-qa-068,qa,v2,dev,1.0,1.0,True
v2-qa-069,qa,v2,dev,1.0,1.0,True
v2-qa-070,qa,v2,dev,1.0,1.0,True
v2-qa-071,qa,v2,dev,1.0,1.0,True
v2-qa-072,qa,v2,dev,1.0,1.0,True
v2-qa-073,qa,v2,dev,0.9636,0.992,False
v2-qa-074,qa,v2,dev,1.0,1.0,True
v2-qa-075,qa,v2,dev,1.0,1.0,True
v2-qa-076,qa,v2,dev,1.0,1.0,True
v2-qa-077,qa,v2,dev,1.0,1.0,True
v2-qa-078,qa,v2,dev,1.0,1.0,True
v2-qa-079,qa,v2,dev,1.0,1.0,True
v2-qa-080,qa,v2,dev,1.0,1.0,True
v2-qa-081,qa,v2,dev,1.0,1.0,True
v2-qa-082,qa,v2,dev,1.0,1.0,True
v2-qa-083,qa,v2,dev,1.0,1.0,True
v2-qa-084,qa,v2,dev,1.0,1.0,True
v2-qa-085,qa,v2,dev,0.9403,0.9594,False
v2-qa-086,qa,v2,dev,0.8888,0.9258,False
v2-qa-087,qa,v2,dev,1.0,1.0,True
v2-qa-088,qa,v2,dev,1.0,1.0,True
v2-qa-089,qa,v2,dev,1.0,1.0,True
v2-qa-090,qa,v2,dev,1.0,1.0,True
v2-qa-091,qa,v2,dev,1.0,1.0,True
v2-qa-092,qa,v2,dev,1.0,1.0,True
v2-qa-093,qa,v2,dev,0.8201,0.9087,False
v2-qa-094,qa,v2,dev,1.0,1.0,True
v2-qa-095,qa,v2,dev,1.0,1.0,True
v2-qa-096,qa,v2,dev,0.8394,0.9079,False
v2-qa-097,qa,v2,dev,1.0,1.0,True
v2-qa-098,qa,v2,dev,1.0,1.0,True
v2-qa-099,qa,v2,dev,1.0,1.0,True
v2-qa-100,qa,v2,dev,1.0,1.0,True
v2-qa-101,qa,v2,dev,1.0,1.0,True
v2-qa-102,qa,v2,dev,1.0,1.0,True
v2-qa-103,qa,v2,dev,1.0,1.0,True
v2-qa-104,qa,v2,dev,1.0,1.0,True
v2-qa-105,qa,v2,dev,1.0,1.0,True
v2-qa-106,qa,v2,dev,1.0,1.0,True
v2-qa-107,qa,v2,dev,0.9681,0.9857,False
v2-qa-108,qa,v2,dev,1.0,1.0,True
v2-qa-109,qa,v2,dev,1.0,1.0,True
v2-qa-110,qa,v2,dev,0.8888,0.9065,False
v2-qa-111,qa,v2,dev,0.94,0.9604,False
v2-qa-112,qa,v2,dev,0.9899,0.9916,False
v2-qa-113,qa,v2,dev,1.0,1.0,True
v2-qa-114,qa,v2,dev,1.0,1.0,True
v2-qa-115,qa,v2,dev,1.0,1.0,True
v2-qa-116,qa,v2,dev,0.8579,0.9394,False
v2-qa-117,qa,v2,dev,1.0,1.0,True
v2-qa-118,qa,v2,dev,0.9175,0.9191,False
v2-qa-119,qa,v2,dev,1.0,1.0,True
v2-qa-120,qa,v2,dev,1.0,1.0,True
v2-qa-121,qa,v2,dev,1.0,1.0,True
v2-qa-122,qa,v2,dev,0.8316,0.9348,False
v2-qa-123,qa,v2,dev,0.8452,0.9334,False
v2-qa-124,qa,v2,dev,1.0,1.0,True
v2-qa-125,qa,v2,dev,1.0,1.0,True
v2-qa-126,qa,v2,dev,1.0,1.0,True
v2-qa-127,qa,v2,dev,1.0,1.0,True
v2-qa-128,qa,v2,dev,0.964,0.9828,False
v2-qa-129,qa,v2,dev,1.0,1.0,True
v2-qa-130,qa,v2,dev,0.9832,0.9867,False
v2-qa-131,qa,v2,dev,0.8275,0.9154,False
v2-qa-132,qa,v2,dev,0.9307,0.944,False
v2-qa-133,qa,v2,dev,1.0,1.0,True
v2-qa-134,qa,v2,dev,1.0,1.0,True
v2-qa-135,qa,v2,dev,1.0,1.0,True
v2-qa-136,qa,v2,dev,1.0,1.0,True
v2-qa-137,qa,v2,dev,1.0,1.0,True
v2-qa-138,qa,v2,dev,1.0,1.0,True
v2-qa-139,qa,v2,dev,1.0,1.0,True
v2-qa-140,qa,v2,dev,0.9396,0.886,False
v2-qa-141,qa,v2,dev,0.8995,0.9081,False
v2-qa-142,qa,v2,dev,0.8596,0.912,False
v2-qa-143,qa,v2,dev,0.9719,0.972,False
v2-qa-144,qa,v2,dev,1.0,1.0,True
v2-qa-145,qa,v2,dev,1.0,1.0,True
v2-qa-146,qa,v2,dev,1.0,1.0,True
v2-qa-147,qa,v2,dev,1.0,1.0,True
v2-qa-148,qa,v2,dev,1.0,1.0,True
v2-qa-149,qa,v2,dev,1.0,1.0,True
v2-qa-150,qa,v2,dev,0.9348,0.9387,False
v2-qa-151,qa,v2,dev,1.0,1.0,True
v2-qa-152,qa,v2,dev,1.0,1.0,True
v2-qa-153,qa,v2,dev,1.0,1.0,True
v2-qa-154,qa,v2,dev,1.0,1.0,True
v2-qa-155,qa,v2,dev,1.0,1.0,True
v2-qa-156,qa,v2,dev,0.9872,0.9741,False
v2-qa-157,qa,v2,dev,1.0,1.0,True
v2-qa-158,qa,v2,dev,1.0,1.0,True
v2-qa-159,qa,v2,dev,1.0,1.0,True
v2-qa-160,qa,v2,dev,0.9201,0.9454,False
v2-qa-161,qa,v2,dev,0.7543,0.8269,False
v2-qa-162,qa,v2,dev,1.0,1.0,True
v2-qa-163,qa,v2,dev,0.9436,0.9275,False
v2-qa-164,qa,v2,dev,1.0,1.0,True
v2-qa-165,qa,v2,dev,1.0,1.0,True
v2-qa-166,qa,v2,dev,0.9248,0.958,False
v2-qa-167,qa,v2,dev,0.7868,0.9654,False
v2-qa-168,qa,v2,dev,0.9831,0.9928,False
v2-qa-169,qa,v2,dev,1.0,1.0,True
v2-qa-170,qa,v2,dev,1.0,1.0,True
v2-qa-171,qa,v2,dev,1.0,1.0,True
v2-qa-172,qa,v2,dev,1.0,1.0,True
v2-qa-173,qa,v2,dev,1.0,1.0,True
v2-qa-174,qa,v2,dev,0.8933,0.9366,False
v2-qa-175,qa,v2,dev,0.9667,0.9733,False
v2-qa-176,qa,v2,dev,0.9839,0.9921,False
v2-qa-177,qa,v2,dev,1.0,1.0,True
v2-qa-178,qa,v2,dev,0.9856,0.981,False
v2-qa-179,qa,v2,dev,1.0,1.0,True
v2-qa-180,qa,v2,dev,1.0,1.0,True
v2-qa-181,qa,v2,dev,1.0,1.0,True
v2-qa-182,qa,v2,dev,1.0,1.0,True
v2-qa-183,qa,v2,dev,0.9476,0.9269,False
v2-qa-184,qa,v2,dev,1.0,1.0,True
v2-qa-185,qa,v2,dev,1.0,1.0,True
v2-qa-186,qa,v2,dev,0.9535,0.9468,False
v2-qa-187,qa,v2,dev,0.8354,0.8833,False
v2-qa-188,qa,v2,dev,1.0,1.0,True
v2-qa-189,qa,v2,dev,1.0,1.0,True
v2-qa-190,qa,v2,dev,0.9838,0.9842,False
v2-qa-191,qa,v2,dev,1.0,1.0,True
v2-qa-192,qa,v2,dev,1.0,1.0,True
v2-qa-193,qa,v2,dev,1.0,1.0,True
v2-qa-194,qa,v2,dev,1.0,1.0,True
v2-qa-195,qa,v2,dev,1.0,1.0,True
v2-qa-196,qa,v2,dev,1.0,1.0,True
v2-qa-197,qa,v2,dev,1.0,1.0,True
v2-qa-198,qa,v2,dev,0.9174,0.9143,False
v2-qa-199,qa,v2,dev,1.0,1.0,False
v2-qa-200,qa,v2,dev,0.9139,0.955,False
v2-qa-201,qa,v2,dev,1.0,1.0,True
v2-qa-202,qa,v2,dev,1.0,1.0,True
v2-qa-203,qa,v2,dev,1.0,1.0,True
v2-qa-204,qa,v2,dev,0.9347,0.8979,False
v2-qa-205,qa,v2,dev,1.0,1.0,True
v2-qa-206,qa,v2,dev,0.9329,0.9461,False
v2-qa-207,qa,v2,dev,0.9828,0.9855,False
v2-qa-208,qa,v2,dev,1.0,1.0,True
v2-qa-209,qa,v2,dev,1.0,1.0,True
v2-qa-210,qa,v2,dev,1.0,1.0,True
v2-qa-211,qa,v2,dev,1.0,1.0,True
v2-qa-212,qa,v2,dev,0.8539,0.9134,False
v2-qa-213,qa,v2,dev,0.9508,0.9648,False
v2-qa-214,qa,v2,dev,0.8211,0.9041,False
v2-qa-215,qa,v2,dev,1.0,1.0,True
v2-qa-216,qa,v2,dev,1.0,1.0,True
v2-qa-217,qa,v2,dev,0.9378,0.9439,False
v2-qa-218,qa,v2,dev,1.0,1.0,True
v2-qa-219,qa,v2,dev,0.9331,0.9462,False
v2-qa-220,qa,v2,dev,1.0,1.0,True
v2-qa-221,qa,v2,dev,0.8884,0.9207,False
v2-qa-222,qa,v2,dev,0.8919,0.8574,False
v2-qa-223,qa,v2,dev,0.9771,0.9754,False
v2-qa-224,qa,v2,dev,0.9194,0.9852,False
v2-qa-225,qa,v2,dev,1.0,1.0,True
v2-qa-226,qa,v2,dev,1.0,1.0,True
v2-qa-227,qa,v2,dev,1.0,1.0,True
v2-qa-228,qa,v2,dev,1.0,1.0,True
v2-qa-229,qa,v2,dev,0.9915,0.9919,False
v2-qa-230,qa,v2,dev,1.0,1.0,True
v2-qa-231,qa,v2,dev,0.9026,0.8522,False
v2-qa-232,qa,v2,dev,1.0,1.0,True
v2-qa-233,qa,v2,dev,1.0,1.0,True
v2-qa-234,qa,v2,dev,1.0,1.0,True
v2-qa-235,qa,v2,dev,0.9624,0.9719,False
v2-qa-236,qa,v2,dev,0.9561,0.9722,False
v2-qa-237,qa,v2,dev,1.0,1.0,True
v2-qa-238,qa,v2,dev,0.9504,0.9719,False
v2-qa-239,qa,v2,dev,0.9484,0.9353,False
v2-qa-240,qa,v2,dev,0.8613,0.9194,False
v2-qa-241,qa,v2,dev,1.0,1.0,True
v2-qa-242,qa,v2,dev,1.0,1.0,True
v2-qa-243,qa,v2,dev,0.9735,0.9842,False
v2-qa-244,qa,v2,dev,1.0,1.0,True
v2-qa-245,qa,v2,dev,1.0,1.0,True
v2-qa-246,qa,v2,dev,1.0,1.0,True
v2-qa-247,qa,v2,dev,0.9836,0.9905,False
v2-qa-248,qa,v2,dev,1.0,1.0,True
v2-qa-249,qa,v2,dev,1.0,1.0,True
v2-qa-250,qa,v2,dev,1.0,1.0,True
v2-creat-001,creative,v2,test,0.8078,0.8561,False
v2-creat-002,creative,v2,test,0.7336,0.8149,False
v2-creat-003,creative,v2,test,0.7228,0.7884,False
v2-creat-004,creative,v2,test,0.7392,0.7947,False
v2-creat-005,creative,v2,test,0.7772,0.7999,False
v2-creat-006,creative,v2,test,0.7537,0.8364,False
v2-creat-007,creative,v2,test,0.7537,0.8392,False
v2-creat-008,creative,v2,test,0.7801,0.8189,False
v2-creat-009,creative,v2,test,0.7258,0.7892,False
v2-creat-010,creative,v2,test,0.7122,0.7864,False
v2-creat-011,creative,v2,test,0.6881,0.7834,False
v2-creat-012,creative,v2,test,0.7878,0.8273,False
v2-creat-013,creative,v2,test,0.7325,0.7938,False
v2-creat-014,creative,v2,test,0.7256,0.788,False
v2-creat-015,creative,v2,test,0.7534,0.7984,False
v2-creat-016,creative,v2,test,0.6593,0.74,False
v2-creat-017,creative,v2,test,0.7538,0.8071,False
v2-creat-018,creative,v2,test,0.763,0.8259,False
v2-creat-019,creative,v2,test,0.6743,0.7601,False
v2-creat-020,creative,v2,test,0.7473,0.8341,False
v2-creat-021,creative,v2,test,0.7141,0.7862,False
v2-creat-022,creative,v2,test,0.76,0.8055,False
v2-creat-023,creative,v2,test,0.7082,0.7801,False
v2-creat-024,creative,v2,test,0.7224,0.7924,False
v2-creat-025,creative,v2,test,0.666,0.765,False
v2-creat-026,creative,v2,test,0.7109,0.7917,False
v2-creat-027,creative,v2,test,0.7133,0.8054,False
v2-creat-028,creative,v2,test,0.7551,0.8185,False
v2-creat-029,creative,v2,test,0.747,0.7937,False
v2-creat-030,creative,v2,test,0.7912,0.8391,False
v2-creat-031,creative,v2,dev,0.7531,0.7969,False
v2-creat-032,creative,v2,dev,0.7814,0.8343,False
v2-creat-033,creative,v2,dev,0.7809,0.8253,False
v2-creat-034,creative,v2,dev,0.7495,0.8182,False
v2-creat-035,creative,v2,dev,0.7934,0.834,False
v2-creat-036,creative,v2,dev,0.8215,0.8634,False
v2-creat-037,creative,v2,dev,0.7797,0.831,False
v2-creat-038,creative,v2,dev,0.741,0.8108,False
v2-creat-039,creative,v2,dev,0.7427,0.8261,False
v2-creat-040,creative,v2,dev,0.755,0.8177,False
v2-creat-041,creative,v2,dev,0.7495,0.8179,False
v2-creat-042,creative,v2,dev,0.6832,0.7718,False
v2-creat-043,creative,v2,dev,0.7337,0.8103,False
v2-creat-044,creative,v2,dev,0.7716,0.8261,False
v2-creat-045,creative,v2,dev,0.7506,0.7875,False
v2-creat-046,creative,v2,dev,0.6981,0.7818,False
v2-creat-047,creative,v2,dev,0.7222,0.7915,False
v2-creat-048,creative,v2,dev,0.6838,0.7848,False
v2-creat-049,creative,v2,dev,0.8687,0.9026,False
v2-creat-050,creative,v2,dev,0.7362,0.7993,False
v2-creat-051,creative,v2,dev,0.8128,0.845,False
v2-creat-052,creative,v2,dev,0.6763,0.7789,False
v2-creat-053,creative,v2,dev,0.7861,0.8311,False
v2-creat-054,creative,v2,dev,0.7439,0.8046,False
v2-creat-055,creative,v2,dev,0.7305,0.7952,False
v2-creat-056,creative,v2,dev,0.7554,0.8223,False
v2-creat-057,creative,v2,dev,0.7555,0.8254,False
v2-creat-058,creative,v2,dev,0.7569,0.8158,False
v2-creat-059,creative,v2,dev,0.7551,0.814,False
v2-creat-060,creative,v2,dev,0.703,0.7954,False
v2-creat-061,creative,v2,dev,0.7298,0.8055,False
v2-creat-062,creative,v2,dev,0.7726,0.8273,False
v2-creat-063,creative,v2,dev,0.6627,0.7579,False
v2-creat-064,creative,v2,dev,0.7598,0.8214,False
v2-creat-065,creative,v2,dev,0.7088,0.7779,False
v2-creat-066,creative,v2,dev,0.9175,0.9386,False
v2-creat-067,creative,v2,dev,0.7048,0.8012,False
v2-creat-068,creative,v2,dev,0.7008,0.7873,False
v2-creat-069,creative,v2,dev,0.8404,0.9089,False
v2-creat-070,creative,v2,dev,0.6646,0.726,False
v2-creat-071,creative,v2,dev,0.7944,0.8223,False
v2-creat-072,creative,v2,dev,0.6926,0.7751,False
v2-creat-073,creative,v2,dev,0.6335,0.7352,False
v2-creat-074,creative,v2,dev,0.7074,0.7726,False
v2-creat-075,creative,v2,dev,1.0,1.0,True
v2-creat-076,creative,v2,dev,0.7289,0.7803,False
v2-creat-077,creative,v2,dev,0.6413,0.7297,False
v2-creat-078,creative,v2,dev,0.739,0.7966,False
v2-creat-079,creative,v2,dev,0.7844,0.8652,False
v2-creat-080,creative,v2,dev,0.7716,0.8145,False
v2-creat-081,creative,v2,dev,0.735,0.7982,False
v2-creat-082,creative,v2,dev,0.7102,0.793,False
v2-creat-083,creative,v2,dev,0.7121,0.734,False
v2-creat-084,creative,v2,dev,0.7317,0.8002,False
v2-creat-085,creative,v2,dev,0.6742,0.7666,False
v2-creat-086,creative,v2,dev,0.7353,0.7629,False
v2-creat-087,creative,v2,dev,0.7973,0.8614,False
v2-creat-088,creative,v2,dev,0.6931,0.7893,False
v2-creat-089,creative,v2,dev,0.7028,0.773,False
v2-creat-090,creative,v2,dev,0.8168,0.878,False
v2-creat-091,creative,v2,dev,0.7378,0.7997,False
v2-creat-092,creative,v2,dev,0.75,0.7652,False
v2-creat-093,creative,v2,dev,0.7825,0.8261,False
v2-creat-094,creative,v2,dev,0.7303,0.8091,False
v2-creat-095,creative,v2,dev,0.8105,0.8621,False
v2-creat-096,creative,v2,dev,0.7446,0.7576,False
v2-creat-097,creative,v2,dev,0.7599,0.8333,False
v2-creat-098,creative,v2,dev,0.7402,0.8205,False
v2-creat-099,creative,v2,dev,0.7779,0.8446,False
v2-creat-100,creative,v2,dev,0.7554,0.8265,False
v2-creat-101,creative,v2,dev,0.7123,0.7943,False
v2-creat-102,creative,v2,dev,0.8043,0.85,False
v2-creat-103,creative,v2,dev,0.6845,0.7735,False
v2-creat-104,creative,v2,dev,0.6392,0.7368,False
v2-creat-105,creative,v2,dev,0.783,0.8375,False
v2-creat-106,creative,v2,dev,0.789,0.8134,False
v2-creat-107,creative,v2,dev,0.7428,0.8096,False
v2-creat-108,creative,v2,dev,0.839,0.8662,False
v2-creat-109,creative,v2,dev,0.7949,0.8594,False
v2-creat-110,creative,v2,dev,0.7969,0.8577,False
v2-creat-111,creative,v2,dev,0.7642,0.8057,False
v2-creat-112,creative,v2,dev,0.6743,0.7721,False
v2-creat-113,creative,v2,dev,0.7162,0.8166,False
v2-creat-114,creative,v2,dev,0.7106,0.7866,False
v2-creat-115,creative,v2,dev,0.6622,0.7586,False
v2-creat-116,creative,v2,dev,0.7312,0.7684,False
v2-creat-117,creative,v2,dev,0.6972,0.7824,False
v2-creat-118,creative,v2,dev,0.7501,0.8204,False
v2-creat-119,creative,v2,dev,0.7646,0.816,False
v2-creat-120,creative,v2,dev,0.8068,0.8658,False
v2-creat-121,creative,v2,dev,0.7361,0.801,False
v2-creat-122,creative,v2,dev,0.7183,0.7893,False
v2-creat-123,creative,v2,dev,0.699,0.7884,False
v2-creat-124,creative,v2,dev,0.7146,0.7854,False
v2-creat-125,creative,v2,dev,1.0,1.0,True
v2-creat-126,creative,v2,dev,0.8145,0.8729,False
v2-creat-127,creative,v2,dev,0.796,0.8742,False
v2-creat-128,creative,v2,dev,0.7208,0.8032,False
v2-creat-129,creative,v2,dev,0.7615,0.8186,False
v2-creat-130,creative,v2,dev,0.7784,0.826,False
v2-creat-131,creative,v2,dev,0.7236,0.7949,False
v2-creat-132,creative,v2,dev,0.6415,0.7884,False
v2-creat-133,creative,v2,dev,0.6876,0.7795,False
v2-creat-134,creative,v2,dev,0.7691,0.8265,False
v2-creat-135,creative,v2,dev,0.7492,0.815,False
v2-creat-136,creative,v2,dev,0.7734,0.8405,False
v2-creat-137,creative,v2,dev,0.8227,0.8676,False
v2-creat-138,creative,v2,dev,0.7423,0.8009,False
v2-creat-139,creative,v2,dev,0.6853,0.7484,False
v2-creat-140,creative,v2,dev,0.8743,0.9,False
v2-creat-141,creative,v2,dev,0.7586,0.8146,False
v2-creat-142,creative,v2,dev,0.6783,0.7548,False
v2-creat-143,creative,v2,dev,0.7062,0.801,False
v2-creat-144,creative,v2,dev,0.7722,0.8341,False
v2-creat-145,creative,v2,dev,0.6885,0.7724,False
v2-creat-146,creative,v2,dev,0.7343,0.8002,False
v2-creat-147,creative,v2,dev,0.82,0.861,False
v2-creat-148,creative,v2,dev,0.6834,0.7665,False
v2-creat-149,creative,v2,dev,0.7499,0.8099,False
v2-creat-150,creative,v2,dev,0.7216,0.7761,False
probe-inst-001,instruction,probe,probe,0.9729,0.9778,False
probe-inst-002,instruction,probe,probe,0.9533,0.9344,False
probe-inst-003,instruction,probe,probe,0.8626,0.8759,False
probe-inst-004,instruction,probe,probe,1.0,1.0,True
probe-inst-005,instruction,probe,probe,0.856,0.8504,False
probe-inst-006,instruction,probe,probe,0.9775,0.9802,False
probe-inst-007,instruction,probe,probe,1.0,1.0,True
probe-inst-008,instruction,probe,probe,0.8226,0.8194,False
probe-inst-009,instruction,probe,probe,1.0,1.0,True
probe-inst-010,instruction,probe,probe,0.9184,0.9252,False
probe-inst-011,instruction,probe,probe,0.9579,0.9487,False
probe-inst-012,instruction,probe,probe,0.9181,0.859,False
probe-inst-013,instruction,probe,probe,0.8748,0.904,False
probe-inst-014,instruction,probe,probe,0.8903,0.8883,False
probe-inst-015,instruction,probe,probe,0.9652,0.9571,False
probe-inst-016,instruction,probe,probe,0.9113,0.9232,False
probe-inst-017,instruction,probe,probe,0.9553,0.9222,False
probe-inst-018,instruction,probe,probe,0.8991,0.9024,False
probe-inst-019,instruction,probe,probe,0.9807,0.977,False
probe-inst-020,instruction,probe,probe,0.8752,0.8975,False
probe-inst-021,instruction,probe,probe,0.8497,0.9023,False
probe-inst-022,instruction,probe,probe,0.9083,0.9242,False
probe-inst-023,instruction,probe,probe,0.8822,0.9032,False
probe-inst-024,instruction,probe,probe,0.8744,0.8776,False
probe-inst-025,instruction,probe,probe,0.7974,0.85,False
probe-inst-026,instruction,probe,probe,0.9481,0.9641,False
probe-inst-027,instruction,probe,probe,0.8025,0.8495,False
probe-inst-028,instruction,probe,probe,0.9858,0.9885,False
probe-inst-029,instruction,probe,probe,0.8664,0.8954,False
probe-inst-030,instruction,probe,probe,0.7894,0.8284,False
probe-qa-031,qa,probe,probe,0.864,0.854,False
probe-qa-032,qa,probe,probe,1.0,1.0,True
probe-qa-033,qa,probe,probe,0.9825,0.9825,False
probe-qa-034,qa,probe,probe,0.9191,0.8846,False
probe-qa-035,qa,probe,probe,1.0,1.0,True
probe-qa-036,qa,probe,probe,0.9567,0.9683,False
probe-qa-037,qa,probe,probe,0.9564,0.9493,False
probe-qa-038,qa,probe,probe,0.9958,0.99,False
probe-qa-039,qa,probe,probe,0.9757,0.9129,False
probe-qa-040,qa,probe,probe,0.8001,0.8527,False
probe-qa-041,qa,probe,probe,0.8844,0.9016,False
probe-qa-042,qa,probe,probe,0.7931,0.8773,False
probe-qa-043,qa,probe,probe,1.0,1.0,True
probe-qa-044,qa,probe,probe,0.8779,0.8672,False
probe-qa-045,qa,probe,probe,0.9263,0.8809,False
probe-qa-046,qa,probe,probe,0.9026,0.9094,False
probe-qa-047,qa,probe,probe,0.8643,0.8585,False
probe-qa-048,qa,probe,probe,0.9979,0.9949,False
probe-qa-049,qa,probe,probe,0.9532,0.9607,False
probe-qa-050,qa,probe,probe,0.9547,0.9503,False
probe-qa-051,qa,probe,probe,0.9181,0.9331,False
probe-qa-052,qa,probe,probe,0.9702,0.9671,False
probe-qa-053,qa,probe,probe,0.8651,0.8817,False
probe-qa-054,qa,probe,probe,0.9034,0.9202,False
probe-qa-055,qa,probe,probe,0.9905,0.9889,False
probe-qa-056,qa,probe,probe,0.916,0.916,False
probe-qa-057,qa,probe,probe,0.8618,0.9089,False
probe-qa-058,qa,probe,probe,0.8965,0.8983,False
probe-qa-059,qa,probe,probe,0.9248,0.9226,False
probe-summ-060,summarisation,probe,probe,1.0,1.0,True
probe-summ-061,summarisation,probe,probe,0.9743,0.9563,False
probe-summ-062,summarisation,probe,probe,1.0,1.0,True
probe-summ-063,summarisation,probe,probe,1.0,1.0,True
probe-summ-064,summarisation,probe,probe,0.9451,0.9697,False
probe-summ-065,summarisation,probe,probe,0.9019,0.9435,False
probe-summ-066,summarisation,probe,probe,0.8987,0.9407,False
probe-summ-067,summarisation,probe,probe,1.0,1.0,True
probe-summ-068,summarisation,probe,probe,0.941,0.9577,False
probe-summ-069,summarisation,probe,probe,0.8189,0.8454,False
probe-summ-070,summarisation,probe,probe,0.94,0.9539,False
probe-summ-071,summarisation,probe,probe,0.8992,0.8872,False
probe-summ-072,summarisation,probe,probe,0.9828,0.9885,False
probe-summ-073,summarisation,probe,probe,0.8382,0.8466,False
probe-summ-074,summarisation,probe,probe,0.8901,0.8666,False
probe-summ-075,summarisation,probe,probe,0.927,0.9587,False
probe-summ-076,summarisation,probe,probe,0.9706,0.9738,False
probe-summ-077,summarisation,probe,probe,0.9392,0.9602,False
probe-summ-078,summarisation,probe,probe,0.8376,0.8476,False
probe-summ-079,summarisation,probe,probe,0.8263,0.85,False
probe-summ-080,summarisation,probe,probe,0.8494,0.8974,False
probe-summ-081,summarisation,probe,probe,0.7563,0.8452,False
probe-summ-082,summarisation,probe,probe,0.9255,0.9279,False
probe-summ-083,summarisation,probe,probe,0.8577,0.9047,False
probe-summ-084,summarisation,probe,probe,0.8477,0.8287,False
probe-summ-085,summarisation,probe,probe,0.9441,0.9623,False
probe-summ-086,summarisation,probe,probe,0.8871,0.9185,False
probe-summ-087,summarisation,probe,probe,0.917,0.9493,False
probe-summ-088,summarisation,probe,probe,0.8042,0.8664,False
probe-summ-089,summarisation,probe,probe,0.6981,0.8158,False
probe-qa-090,qa,probe,probe,1.0,1.0,True
probe-qa-091,qa,probe,probe,1.0,1.0,True
probe-qa-092,qa,probe,probe,1.0,1.0,True
probe-qa-093,qa,probe,probe,1.0,1.0,True
probe-qa-094,qa,probe,probe,1.0,1.0,True
probe-qa-095,qa,probe,probe,1.0,1.0,True
probe-qa-096,qa,probe,probe,1.0,1.0,True
probe-qa-097,qa,probe,probe,1.0,1.0,True
probe-summ-098,summarisation,probe,probe,1.0,1.0,True
probe-summ-099,summarisation,probe,probe,1.0,1.0,True
probe-summ-100,summarisation,probe,probe,1.0,1.0,True
probe-summ-101,summarisation,probe,probe,1.0,1.0,True
probe-summ-102,summarisation,probe,probe,1.0,1.0,True
probe-summ-103,summarisation,probe,probe,1.0,1.0,True
probe-summ-104,summarisation,probe,probe,1.0,1.0,True
probe-summ-105,summarisation,probe,probe,1.0,1.0,True
probe-inst-106,instruction,probe,probe,0.9953,0.9978,False
probe-inst-107,instruction,probe,probe,1.0,1.0,True
probe-inst-108,instruction,probe,probe,0.9775,0.9687,False
probe-inst-109,instruction,probe,probe,1.0,1.0,True
probe-inst-110,instruction,probe,probe,1.0,1.0,True
probe-inst-111,instruction,probe,probe,1.0,1.0,True
probe-inst-112,instruction,probe,probe,0.7924,0.8379,False
probe-inst-113,instruction,probe,probe,0.953,0.9418,False
probe-inst-114,instruction,probe,probe,1.0,1.0,True
probe-inst-115,instruction,probe,probe,0.9516,0.9429,False
probe-inst-116,instruction,probe,probe,0.9423,0.956,False
probe-inst-117,instruction,probe,probe,0.7393,0.7921,False
probe-inst-118,instruction,probe,probe,0.8826,0.9095,False
probe-inst-119,instruction,probe,probe,0.8405,0.8664,False
probe-inst-120,instruction,probe,probe,0.8504,0.8929,False
probe-inst-121,instruction,probe,probe,0.8879,0.9253,False
probe-inst-122,instruction,probe,probe,0.8385,0.8528,False
probe-inst-123,instruction,probe,probe,0.9117,0.9897,False
probe-inst-124,instruction,probe,probe,0.8299,0.8733,False
probe-inst-125,instruction,probe,probe,1.0,1.0,True
probe-inst-126,instruction,probe,probe,1.0,1.0,True
probe-inst-127,instruction,probe,probe,0.8134,0.9002,False
probe-inst-128,instruction,probe,probe,0.9589,0.9654,False
probe-inst-129,instruction,probe,probe,1.0,1.0,True
probe-inst-130,instruction,probe,probe,0.806,0.8401,False
probe-inst-131,instruction,probe,probe,0.9894,0.995,False
probe-inst-132,instruction,probe,probe,0.8713,0.9028,False
probe-inst-133,instruction,probe,probe,0.7808,0.8804,False
probe-inst-134,instruction,probe,probe,0.8859,0.9147,False
probe-inst-135,instruction,probe,probe,0.8486,0.878,False
probe-inst-136,instruction,probe,probe,1.0,1.0,True
probe-inst-137,instruction,probe,probe,0.95,0.9487,False
probe-inst-138,instruction,probe,probe,0.8489,0.879,False
probe-inst-139,instruction,probe,probe,0.7502,0.8158,False
probe-inst-140,instruction,probe,probe,1.0,1.0,True
probe-inst-141,instruction,probe,probe,1.0,1.0,True
probe-inst-142,instruction,probe,probe,0.7821,0.8428,False
probe-inst-143,instruction,probe,probe,0.9639,0.96,False
probe-inst-144,instruction,probe,probe,0.9513,0.9701,False
probe-inst-145,instruction,probe,probe,0.9574,0.9656,False
probe-inst-146,instruction,probe,probe,0.7989,0.921,False
probe-inst-147,instruction,probe,probe,0.8889,0.9107,False
probe-inst-148,instruction,probe,probe,0.8537,0.9112,False
probe-inst-149,instruction,probe,probe,0.9786,0.9773,False
probe-inst-150,instruction,probe,probe,0.7897,0.8232,False
probe-inst-151,instruction,probe,probe,0.8923,0.8825,False
probe-inst-152,instruction,probe,probe,0.933,0.9405,False
probe-inst-153,instruction,probe,probe,0.9707,0.9832,False
probe-inst-154,instruction,probe,probe,1.0,1.0,True
probe-inst-155,instruction,probe,probe,1.0,1.0,True
probe-inst-156,instruction,probe,probe,1.0,1.0,True
probe-inst-157,instruction,probe,probe,0.817,0.8652,False
probe-inst-158,instruction,probe,probe,1.0,1.0,True
probe-inst-159,instruction,probe,probe,0.9804,0.9913,False
probe-inst-160,instruction,probe,probe,0.9036,0.9615,False
probe-inst-161,instruction,probe,probe,0.9171,0.9184,False
probe-inst-162,instruction,probe,probe,0.8065,0.8286,False
probe-inst-163,instruction,probe,probe,0.72,0.8003,False
probe-inst-164,instruction,probe,probe,1.0,1.0,True
probe-inst-165,instruction,probe,probe,0.8096,0.895,False
probe-inst-166,instruction,probe,probe,1.0,1.0,True
probe-inst-167,instruction,probe,probe,0.8239,0.8713,False
probe-inst-168,instruction,probe,probe,0.9814,0.9639,False
probe-inst-169,instruction,probe,probe,0.9241,0.9276,False
probe-inst-170,instruction,probe,probe,0.7939,0.8683,False
probe-inst-171,instruction,probe,probe,1.0,1.0,True
probe-inst-172,instruction,probe,probe,1.0,1.0,True
probe-inst-173,instruction,probe,probe,0.8692,0.8854,False
probe-inst-174,instruction,probe,probe,1.0,1.0,True
probe-inst-175,instruction,probe,probe,1.0,1.0,True
probe-inst-176,instruction,probe,probe,0.9773,0.9817,False
probe-inst-177,instruction,probe,probe,0.8088,0.9038,False
probe-inst-178,instruction,probe,probe,1.0,1.0,True
probe-inst-179,instruction,probe,probe,0.8596,0.8739,False
probe-inst-180,instruction,probe,probe,0.7777,0.8584,False
probe-inst-181,instruction,probe,probe,1.0,1.0,True
probe-inst-182,instruction,probe,probe,0.7507,0.8084,False
probe-inst-183,instruction,probe,probe,0.8867,0.899,False
probe-inst-184,instruction,probe,probe,0.8448,0.8854,False
probe-inst-185,instruction,probe,probe,0.9213,0.9292,False
probe-inst-186,instruction,probe,probe,0.8294,0.8593,False
probe-inst-187,instruction,probe,probe,0.8488,0.8831,False
probe-inst-188,instruction,probe,probe,0.901,0.8933,False
probe-inst-189,instruction,probe,probe,0.9492,0.9451,False
probe-inst-190,instruction,probe,probe,0.7865,0.7948,False
probe-inst-191,instruction,probe,probe,0.8035,0.8302,False
probe-inst-192,instruction,probe,probe,0.9453,0.9613,False
probe-inst-193,instruction,probe,probe,0.7435,0.7706,False
probe-inst-194,instruction,probe,probe,1.0,1.0,True
probe-inst-195,instruction,probe,probe,0.9112,0.9094,False
probe-inst-196,instruction,probe,probe,0.8002,0.8614,False
probe-inst-197,instruction,probe,probe,0.8436,0.826,False
probe-inst-198,instruction,probe,probe,0.7493,0.8163,False
probe-inst-199,instruction,probe,probe,0.6914,0.7625,False
probe-inst-200,instruction,probe,probe,0.8968,0.9258,False
probe-inst-201,instruction,probe,probe,0.9317,0.9353,False
probe-inst-202,instruction,probe,probe,0.7688,0.8104,False
probe-inst-203,instruction,probe,probe,0.9667,0.9754,False
probe-inst-204,instruction,probe,probe,0.91,0.8725,False
probe-inst-205,instruction,probe,probe,1.0,1.0,True
probe-inst-206,instruction,probe,probe,0.9809,0.9796,False
probe-inst-207,instruction,probe,probe,0.7683,0.7953,False
probe-inst-208,instruction,probe,probe,0.8725,0.8934,False
probe-inst-209,instruction,probe,probe,0.7518,0.7824,False
probe-inst-210,instruction,probe,probe,0.8193,0.8515,False
probe-inst-211,instruction,probe,probe,0.7499,0.8184,False
probe-inst-212,instruction,probe,probe,0.9497,0.9582,False
probe-inst-213,instruction,probe,probe,0.8367,0.8243,False
probe-inst-214,instruction,probe,probe,0.7926,0.8444,False
probe-inst-215,instruction,probe,probe,0.805,0.8595,False
probe-inst-216,instruction,probe,probe,0.8597,0.8385,False
probe-inst-217,instruction,probe,probe,0.8408,0.8811,False
probe-inst-218,instruction,probe,probe,0.8613,0.8893,False
probe-inst-219,instruction,probe,probe,0.7118,0.7789,False
probe-inst-220,instruction,probe,probe,0.8057,0.8109,False
probe-inst-221,instruction,probe,probe,0.8824,0.9006,False
probe-inst-222,instruction,probe,probe,0.7486,0.8076,False
probe-inst-223,instruction,probe,probe,0.8328,0.8908,False
probe-inst-224,instruction,probe,probe,0.7693,0.8205,False
probe-inst-225,instruction,probe,probe,0.9679,0.9787,False
probe-inst-226,instruction,probe,probe,0.8692,0.9095,False
probe-inst-227,instruction,probe,probe,0.763,0.8078,False
probe-inst-228,instruction,probe,probe,0.7724,0.8249,False
probe-inst-229,instruction,probe,probe,0.6986,0.7645,False
probe-inst-230,instruction,probe,probe,0.8273,0.8693,False
probe-inst-231,instruction,probe,probe,0.8406,0.901,False
probe-inst-232,instruction,probe,probe,0.9357,0.9355,False
probe-inst-233,instruction,probe,probe,0.8771,0.9022,False
probe-inst-234,instruction,probe,probe,0.7455,0.8313,False
probe-inst-235,instruction,probe,probe,0.759,0.8417,False
probe-inst-236,instruction,probe,probe,0.8505,0.885,False
probe-inst-237,instruction,probe,probe,0.7905,0.8343,False
probe-inst-238,instruction,probe,probe,0.7469,0.8361,False
probe-inst-239,instruction,probe,probe,0.8645,0.8418,False
probe-inst-240,instruction,probe,probe,0.958,1.0,False
probe-inst-241,instruction,probe,probe,0.8248,0.8719,False
probe-inst-242,instruction,probe,probe,0.7815,0.8431,False
probe-inst-243,instruction,probe,probe,0.9285,0.9799,False
probe-inst-244,instruction,probe,probe,0.8368,0.884,False
probe-qa-245,qa,probe,probe,1.0,1.0,True
probe-qa-246,qa,probe,probe,0.9338,0.9423,False
probe-qa-247,qa,probe,probe,1.0,1.0,True
probe-qa-248,qa,probe,probe,0.987,0.995,False
probe-qa-249,qa,probe,probe,1.0,1.0,True
probe-qa-250,qa,probe,probe,0.7492,0.8216,False
probe-qa-251,qa,probe,probe,0.737,0.8089,False
probe-qa-252,qa,probe,probe,1.0,1.0,True
probe-qa-253,qa,probe,probe,0.8965,0.9172,False
probe-qa-254,qa,probe,probe,1.0,1.0,True
probe-qa-255,qa,probe,probe,0.9906,0.9923,False
probe-qa-256,qa,probe,probe,1.0,1.0,True
probe-qa-257,qa,probe,probe,0.9534,0.959,False
probe-qa-258,qa,probe,probe,0.7765,0.833,False
probe-qa-259,qa,probe,probe,0.9073,0.9343,False
probe-qa-260,qa,probe,probe,1.0,1.0,True
probe-qa-261,qa,probe,probe,1.0,1.0,True
probe-qa-262,qa,probe,probe,0.7582,0.8179,False
probe-qa-263,qa,probe,probe,0.9855,0.984,False
probe-qa-264,qa,probe,probe,1.0,1.0,True
probe-qa-265,qa,probe,probe,0.9721,0.9761,False
probe-qa-266,qa,probe,probe,0.9171,0.9474,False
probe-qa-267,qa,probe,probe,1.0,1.0,True
probe-qa-268,qa,probe,probe,0.9259,0.943,False
probe-qa-269,qa,probe,probe,1.0,1.0,True
probe-qa-270,qa,probe,probe,0.9503,0.9618,False
probe-qa-271,qa,probe,probe,0.9061,0.924,False
probe-qa-272,qa,probe,probe,0.9377,0.9473,False
probe-qa-273,qa,probe,probe,0.8387,0.8518,False
probe-qa-274,qa,probe,probe,0.9542,0.9674,False
probe-qa-275,qa,probe,probe,0.964,0.9164,False
probe-qa-276,qa,probe,probe,1.0,1.0,True
probe-qa-277,qa,probe,probe,1.0,1.0,True
probe-qa-278,qa,probe,probe,0.9757,0.919,False
probe-qa-279,qa,probe,probe,0.8835,0.8749,False
probe-qa-280,qa,probe,probe,0.939,0.8908,False
probe-qa-281,qa,probe,probe,0.9675,0.9592,False
probe-qa-282,qa,probe,probe,1.0,1.0,False
probe-qa-283,qa,probe,probe,0.8897,0.8371,False
probe-qa-284,qa,probe,probe,0.894,0.9408,False
probe-qa-285,qa,probe,probe,0.8471,0.879,False
probe-qa-286,qa,probe,probe,1.0,1.0,True
probe-qa-287,qa,probe,probe,0.887,0.9518,False
probe-qa-288,qa,probe,probe,0.7722,0.8447,False
probe-qa-289,qa,probe,probe,0.9743,0.9087,False
probe-qa-290,qa,probe,probe,0.8602,0.8781,False
probe-qa-291,qa,probe,probe,0.8955,0.8846,False
probe-qa-292,qa,probe,probe,0.9796,0.988,False
probe-qa-293,qa,probe,probe,0.8709,0.8525,False
probe-qa-294,qa,probe,probe,0.925,0.9352,False
probe-qa-295,qa,probe,probe,0.8863,0.9101,False
probe-qa-296,qa,probe,probe,0.9308,0.9416,False
probe-qa-297,qa,probe,probe,1.0,1.0,True
probe-qa-298,qa,probe,probe,0.9042,0.912,False
probe-qa-299,qa,probe,probe,1.0,1.0,True
probe-qa-300,qa,probe,probe,0.8651,0.885,False
probe-qa-301,qa,probe,probe,1.0,1.0,True
probe-qa-302,qa,probe,probe,1.0,1.0,True
probe-qa-303,qa,probe,probe,0.991,0.9929,False
probe-qa-304,qa,probe,probe,0.9763,0.9715,False
probe-qa-305,qa,probe,probe,0.8141,0.8673,False
probe-qa-306,qa,probe,probe,0.8935,0.9087,False
probe-qa-307,qa,probe,probe,0.9249,0.9314,False
probe-qa-308,qa,probe,probe,0.9044,0.9172,False
probe-qa-309,qa,probe,probe,0.9812,0.9786,False
probe-qa-310,qa,probe,probe,0.9179,0.9349,False
probe-qa-311,qa,probe,probe,0.7709,0.7789,False
probe-qa-312,qa,probe,probe,0.8849,0.8985,False
probe-qa-313,qa,probe,probe,0.8549,0.8493,False
probe-qa-314,qa,probe,probe,0.9598,0.9544,False
probe-qa-315,qa,probe,probe,0.8928,0.9106,False
probe-qa-316,qa,probe,probe,0.8657,0.8869,False
probe-qa-317,qa,probe,probe,0.9912,0.9909,False
probe-qa-318,qa,probe,probe,0.9221,0.931,False
probe-qa-319,qa,probe,probe,0.9807,0.9859,False
probe-qa-320,qa,probe,probe,0.9403,0.9539,False
probe-qa-321,qa,probe,probe,0.9117,0.9252,False
probe-qa-322,qa,probe,probe,0.9211,0.877,False
probe-qa-323,qa,probe,probe,0.8841,0.9117,False
probe-qa-324,qa,probe,probe,0.9149,0.9255,False
probe-qa-325,qa,probe,probe,0.8938,0.9253,False
probe-qa-326,qa,probe,probe,0.7669,0.7829,False
probe-qa-327,qa,probe,probe,0.9014,0.8996,False
probe-qa-328,qa,probe,probe,0.8307,0.8135,False
probe-qa-329,qa,probe,probe,0.9465,0.9236,False
probe-qa-330,qa,probe,probe,0.9113,0.9217,False
probe-qa-331,qa,probe,probe,0.9858,0.985,False
probe-qa-332,qa,probe,probe,0.9374,0.8821,False
probe-qa-333,qa,probe,probe,0.9337,0.9447,False
probe-qa-334,qa,probe,probe,0.8857,0.914,False
probe-qa-335,qa,probe,probe,0.9529,0.9526,False
probe-qa-336,qa,probe,probe,0.9165,0.9439,False
probe-qa-337,qa,probe,probe,0.9126,0.9297,False
probe-qa-338,qa,probe,probe,0.8825,0.9034,False
probe-qa-339,qa,probe,probe,0.8454,0.8695,False
probe-summ-340,summarisation,probe,probe,0.9922,0.9909,False
probe-summ-341,summarisation,probe,probe,0.9853,0.9667,False
probe-summ-342,summarisation,probe,probe,0.9246,0.9665,False
probe-summ-343,summarisation,probe,probe,0.9781,0.9772,False
probe-summ-344,summarisation,probe,probe,0.8592,0.8877,False
probe-summ-345,summarisation,probe,probe,1.0,1.0,True
probe-summ-346,summarisation,probe,probe,1.0,1.0,True
probe-summ-347,summarisation,probe,probe,0.928,0.9462,False
probe-summ-348,summarisation,probe,probe,0.9364,0.976,False
probe-summ-349,summarisation,probe,probe,0.9783,0.975,False
probe-summ-350,summarisation,probe,probe,0.9463,0.9532,False
probe-summ-351,summarisation,probe,probe,0.833,0.88,False
probe-summ-352,summarisation,probe,probe,1.0,1.0,True
probe-summ-353,summarisation,probe,probe,1.0,1.0,True
probe-summ-354,summarisation,probe,probe,1.0,1.0,True
probe-summ-355,summarisation,probe,probe,1.0,1.0,True
probe-summ-356,summarisation,probe,probe,0.9111,0.9137,False
probe-summ-357,summarisation,probe,probe,1.0,1.0,True
probe-summ-358,summarisation,probe,probe,1.0,1.0,True
probe-summ-359,summarisation,probe,probe,1.0,1.0,True
probe-summ-360,summarisation,probe,probe,0.954,0.9644,False
probe-summ-361,summarisation,probe,probe,0.7843,0.8073,False
probe-summ-362,summarisation,probe,probe,0.8457,0.9244,False
probe-summ-363,summarisation,probe,probe,0.9969,0.9909,False
probe-summ-364,summarisation,probe,probe,0.9548,0.9489,False
probe-summ-365,summarisation,probe,probe,0.9303,0.9466,False
probe-summ-366,summarisation,probe,probe,0.9844,0.9902,False
probe-summ-367,summarisation,probe,probe,0.791,0.8086,False
probe-summ-368,summarisation,probe,probe,0.9392,0.8981,False
probe-summ-369,summarisation,probe,probe,0.931,0.9429,False
probe-summ-370,summarisation,probe,probe,0.9648,0.9712,False
probe-summ-371,summarisation,probe,probe,0.747,0.7987,False
probe-summ-372,summarisation,probe,probe,0.9284,0.9433,False
probe-summ-373,summarisation,probe,probe,0.9686,0.9827,False
probe-summ-374,summarisation,probe,probe,0.8925,0.9269,False
probe-summ-375,summarisation,probe,probe,0.9635,0.9571,False
probe-summ-376,summarisation,probe,probe,0.9948,0.9964,False
probe-summ-377,summarisation,probe,probe,0.9464,0.9014,False
probe-summ-378,summarisation,probe,probe,0.9094,0.9282,False
probe-summ-379,summarisation,probe,probe,1.0,1.0,True
probe-summ-380,summarisation,probe,probe,0.9838,0.9852,False
probe-summ-381,summarisation,probe,probe,0.9861,0.946,False
probe-summ-382,summarisation,probe,probe,0.9182,0.9288,False
probe-summ-383,summarisation,probe,probe,0.9324,0.9586,False
probe-summ-384,summarisation,probe,probe,0.9091,0.9256,False
probe-summ-385,summarisation,probe,probe,0.9797,0.9822,False
probe-summ-386,summarisation,probe,probe,0.8305,0.8651,False
probe-summ-387,summarisation,probe,probe,0.9807,0.9837,False
probe-summ-388,summarisation,probe,probe,1.0,1.0,True
probe-summ-389,summarisation,probe,probe,0.9889,0.9981,False
probe-summ-390,summarisation,probe,probe,0.9229,0.9629,False
probe-summ-391,summarisation,probe,probe,0.897,0.9394,False
probe-summ-392,summarisation,probe,probe,0.8934,0.9018,False
probe-summ-393,summarisation,probe,probe,0.8893,0.9216,False
probe-summ-394,summarisation,probe,probe,0.832,0.8909,False
probe-summ-395,summarisation,probe,probe,0.885,0.936,False
probe-summ-396,summarisation,probe,probe,0.8456,0.9256,False
probe-summ-397,summarisation,probe,probe,0.9488,0.9721,False
probe-summ-398,summarisation,probe,probe,0.9812,0.9233,False
probe-summ-399,summarisation,probe,probe,0.8776,0.9139,False
probe-summ-400,summarisation,probe,probe,0.97,0.9832,False
probe-summ-401,summarisation,probe,probe,0.8106,0.8841,False
probe-summ-402,summarisation,probe,probe,1.0,1.0,True
probe-summ-403,summarisation,probe,probe,0.9529,0.9614,False
probe-summ-404,summarisation,probe,probe,0.8419,0.8784,False
probe-summ-405,summarisation,probe,probe,0.9148,0.9294,False
probe-summ-406,summarisation,probe,probe,0.9179,0.9263,False
probe-summ-407,summarisation,probe,probe,0.821,0.8419,False
probe-summ-408,summarisation,probe,probe,0.9436,0.9373,False
probe-summ-409,summarisation,probe,probe,0.8233,0.8755,False
probe-summ-410,summarisation,probe,probe,0.9182,0.9535,False
probe-summ-411,summarisation,probe,probe,0.9172,0.936,False
probe-summ-412,summarisation,probe,probe,0.7031,0.7987,False
probe-summ-413,summarisation,probe,probe,0.9201,0.9548,False
probe-summ-414,summarisation,probe,probe,0.8922,0.8712,False
probe-summ-415,summarisation,probe,probe,1.0,1.0,True
probe-summ-416,summarisation,probe,probe,0.9042,0.8878,False
probe-summ-417,summarisation,probe,probe,0.7981,0.8556,False
probe-summ-418,summarisation,probe,probe,0.8964,0.9157,False
probe-summ-419,summarisation,probe,probe,0.9771,0.9836,False
probe-summ-420,summarisation,probe,probe,0.9603,0.9678,False
probe-summ-421,summarisation,probe,probe,0.8092,0.8901,False
probe-summ-422,summarisation,probe,probe,0.8846,0.9032,False
probe-summ-423,summarisation,probe,probe,0.6852,0.7807,False
probe-summ-424,summarisation,probe,probe,0.9779,0.9857,False
probe-summ-425,summarisation,probe,probe,0.8092,0.8391,False
probe-summ-426,summarisation,probe,probe,0.9252,0.9396,False
probe-summ-427,summarisation,probe,probe,0.9501,0.9695,False
probe-summ-428,summarisation,probe,probe,1.0,1.0,True
probe-summ-429,summarisation,probe,probe,0.9923,0.996,False
probe-summ-430,summarisation,probe,probe,0.9105,0.9463,False
probe-summ-431,summarisation,probe,probe,0.8035,0.8621,False
probe-summ-432,summarisation,probe,probe,0.8391,0.9065,False
probe-summ-433,summarisation,probe,probe,1.0,1.0,True
probe-summ-434,summarisation,probe,probe,0.9237,0.8937,False
probe-summ-435,summarisation,probe,probe,0.9768,0.9841,False
probe-summ-436,summarisation,probe,probe,1.0,1.0,True
probe-summ-437,summarisation,probe,probe,0.9475,0.9604,False
probe-summ-438,summarisation,probe,probe,0.9757,0.9882,False
probe-summ-439,summarisation,probe,probe,0.8991,0.9108,False
probe-summ-440,summarisation,probe,probe,0.8483,0.9164,False
probe-summ-441,summarisation,probe,probe,0.9784,0.9901,False
probe-summ-442,summarisation,probe,probe,0.9293,0.9564,False
probe-summ-443,summarisation,probe,probe,1.0,1.0,True
probe-summ-444,summarisation,probe,probe,0.9761,0.9678,False
probe-summ-445,summarisation,probe,probe,1.0,1.0,True
probe-summ-446,summarisation,probe,probe,0.9745,0.9959,False
probe-summ-447,summarisation,probe,probe,1.0,1.0,True
probe-summ-448,summarisation,probe,probe,0.9906,0.9948,False
probe-summ-449,summarisation,probe,probe,0.9553,0.9679,False
probe-summ-450,summarisation,probe,probe,0.924,0.9491,False
probe-summ-451,summarisation,probe,probe,0.973,0.9812,False
probe-qa-452,qa,probe,probe,0.95,0.9569,False
probe-qa-453,qa,probe,probe,0.9367,0.9411,False
probe-qa-454,qa,probe,probe,0.9415,0.9528,False
probe-qa-455,qa,probe,probe,0.9018,0.9166,False
probe-qa-456,qa,probe,probe,0.9671,0.9642,False
