prompt_id,task_category,character_length,token_count,word_count,fragmentation_ratio,structural_complexity,morphological_density
v2-inst-001,instruction,135,93,22,4.2273,2,1.8095
v2-inst-002,instruction,383,267,73,3.6575,2,1.4359
v2-inst-003,instruction,182,135,33,4.0909,0,1.6061
v2-inst-004,instruction,46,35,8,4.375,0,1.5
v2-inst-005,instruction,53,39,9,4.3333,0,2.0
v2-inst-006,instruction,62,51,11,4.6364,0,1.5455
v2-inst-007,instruction,64,40,13,3.0769,1,1.5833
v2-inst-008,instruction,434,288,70,4.1143,0,1.9412
v2-inst-009,instruction,61,46,11,4.1818,0,1.8182
v2-inst-010,instruction,133,98,22,4.4545,6,1.75
v2-inst-011,instruction,153,111,28,3.9643,4,1.8148
v2-inst-012,instruction,196,142,35,4.0571,2,1.8485
v2-inst-013,instruction,477,321,82,3.9146,3,1.7654
v2-inst-014,instruction,331,236,55,4.2909,0,1.875
v2-inst-015,instruction,74,62,14,4.4286,18,1.3571
v2-inst-016,instruction,55,38,11,3.4545,0,1.4545
v2-inst-017,instruction,64,47,12,3.9167,0,1.9091
v2-inst-018,instruction,89,58,15,3.8667,1,1.8571
v2-inst-019,instruction,86,62,14,4.4286,0,1.7857
v2-inst-020,instruction,72,52,10,5.2,0,2.0
v2-inst-021,instruction,53,36,8,4.5,0,1.75
v2-inst-022,instruction,369,260,69,3.7681,19,1.6
v2-inst-023,instruction,44,32,8,4.0,0,1.625
v2-inst-024,instruction,75,50,15,3.3333,0,1.4667
v2-inst-025,instruction,140,96,20,4.8,3,1.8421
v2-inst-026,instruction,318,195,53,3.6792,0,2.1087
v2-inst-027,instruction,58,42,12,3.5,0,1.5833
v2-inst-028,instruction,50,37,10,3.7,0,1.6667
v2-inst-029,instruction,486,344,79,4.3544,0,1.8831
v2-inst-030,instruction,185,143,35,4.0857,2,1.5556
v2-inst-031,instruction,627,443,103,4.301,1,1.5743
v2-inst-032,instruction,433,301,68,4.4265,0,2.0
v2-inst-033,instruction,38,30,6,5.0,0,1.8333
v2-inst-034,instruction,252,171,39,4.3846,0,2.0513
v2-inst-035,instruction,325,218,65,3.3538,1,1.5538
v2-inst-036,instruction,67,47,10,4.7,1,2.0
v2-inst-037,instruction,89,64,18,3.5556,1,1.5714
v2-inst-038,instruction,357,235,60,3.9167,1,1.807
v2-inst-039,instruction,557,383,82,4.6707,19,1.6579
v2-inst-040,instruction,241,175,44,3.9773,10,1.5682
v2-inst-041,instruction,247,182,52,3.5,0,1.5909
v2-inst-042,instruction,460,310,71,4.3662,4,1.7429
v2-inst-043,instruction,43,32,8,4.0,0,1.625
v2-inst-044,instruction,44,34,9,3.7778,0,1.5
v2-inst-045,instruction,44,33,9,3.6667,0,1.5556
v2-inst-046,instruction,42,34,7,4.8571,0,1.7143
v2-inst-047,instruction,40,30,8,3.75,0,1.25
v2-inst-048,instruction,368,259,56,4.625,2,1.9643
v2-inst-049,instruction,68,54,12,4.5,1,1.7273
v2-inst-050,instruction,75,51,15,3.4,0,1.7143
v2-inst-051,instruction,126,96,27,3.5556,0,1.2273
v2-inst-052,instruction,405,327,53,6.1698,0,1.6415
v2-inst-053,instruction,74,53,13,4.0769,1,1.5385
v2-inst-054,instruction,107,75,18,4.1667,0,1.6111
v2-inst-055,instruction,60,45,10,4.5,0,1.9
v2-inst-056,instruction,47,30,8,3.75,0,1.75
v2-inst-057,instruction,50,37,10,3.7,1,2.2
v2-inst-058,instruction,208,152,36,4.2222,0,1.6571
v2-inst-059,instruction,295,218,53,4.1132,1,1.7736
v2-inst-060,instruction,429,294,67,4.3881,0,2.0597
v2-inst-061,instruction,325,231,51,4.5294,5,1.7255
v2-inst-062,instruction,415,282,80,3.525,1,1.4933
v2-inst-063,instruction,123,91,22,4.1364,0,1.4091
v2-inst-064,instruction,51,38,10,3.8,0,1.5
v2-inst-065,instruction,126,96,28,3.4286,12,1.5714
v2-inst-066,instruction,109,93,19,4.8947,6,1.8095
v2-inst-067,instruction,206,151,33,4.5758,11,1.7353
v2-inst-068,instruction,455,333,75,4.44,0,1.8767
v2-inst-069,instruction,370,256,59,4.339,0,1.8475
v2-inst-070,instruction,55,38,10,3.8,1,1.8
v2-inst-071,instruction,287,199,51,3.902,0,1.7451
v2-inst-072,instruction,63,47,10,4.7,0,1.5
v2-inst-073,instruction,47,38,8,4.75,0,1.625
v2-inst-074,instruction,143,106,30,3.5333,4,1.5667
v2-inst-075,instruction,130,93,23,4.0435,0,1.8182
v2-inst-076,instruction,67,43,12,3.5833,0,1.5833
v2-inst-077,instruction,208,145,37,3.9189,8,1.6757
v2-inst-078,instruction,564,387,86,4.5,1,1.8953
v2-inst-079,instruction,215,160,34,4.7059,0,1.7353
v2-inst-080,instruction,43,32,7,4.5714,0,1.8333
v2-inst-081,instruction,49,33,8,4.125,0,2.0
v2-inst-082,instruction,128,96,20,4.8,0,1.9
v2-inst-083,instruction,74,51,12,4.25,0,1.6364
v2-inst-084,instruction,87,60,15,4.0,0,1.6667
v2-inst-085,instruction,98,70,14,5.0,0,1.8571
v2-inst-086,instruction,386,311,49,6.3469,0,1.7143
v2-inst-087,instruction,386,268,58,4.6207,2,1.8929
v2-inst-088,instruction,49,33,9,3.6667,0,2.0
v2-inst-089,instruction,263,189,44,4.2955,1,1.7381
v2-inst-090,instruction,149,98,26,3.7692,1,1.6538
v2-inst-091,instruction,402,289,71,4.0704,2,1.7639
v2-inst-092,instruction,128,91,21,4.3333,0,1.7143
v2-inst-093,instruction,324,223,68,3.2794,2,1.5556
v2-inst-094,instruction,211,154,34,4.5294,1,1.8235
v2-inst-095,instruction,56,40,9,4.4444,0,1.4444
v2-inst-096,instruction,42,32,7,4.5714,0,1.5714
v2-inst-097,instruction,61,42,10,4.2,0,1.8
v2-inst-098,instruction,172,119,33,3.6061,4,2.069
v2-inst-099,instruction,47,32,8,4.0,0,2.0
v2-inst-100,instruction,188,140,31,4.5161,0,1.9677
v2-inst-101,instruction,134,92,24,3.8333,0,1.75
v2-inst-102,instruction,84,66,15,4.4,0,1.7333
v2-inst-103,instruction,44,33,9,3.6667,1,1.75
v2-inst-104,instruction,68,48,10,4.8,0,1.7
v2-inst-105,instruction,59,41,12,3.4167,1,1.4167
v2-inst-106,instruction,68,48,11,4.3636,0,1.6364
v2-inst-107,instruction,46,33,9,3.6667,0,1.4444
v2-inst-108,instruction,162,111,25,4.44,2,1.96
v2-inst-109,instruction,480,354,86,4.1163,6,1.427
v2-inst-110,instruction,52,41,8,5.125,0,1.75
v2-inst-111,instruction,100,64,18,3.5556,0,1.5556
v2-inst-112,instruction,134,98,25,3.92,0,1.56
v2-inst-113,instruction,114,80,20,4.0,1,1.7
v2-inst-114,instruction,37,30,6,5.0,0,1.6
v2-inst-115,instruction,67,51,14,3.6429,0,1.6667
v2-inst-116,instruction,50,39,8,4.875,0,1.625
v2-inst-117,instruction,175,120,28,4.2857,1,1.7037
v2-inst-118,instruction,52,37,8,4.625,0,1.875
v2-inst-119,instruction,43,30,8,3.75,0,1.5714
v2-inst-120,instruction,493,356,84,4.2381,1,1.7412
v2-inst-121,instruction,185,125,27,4.6296,0,1.963
v2-inst-122,instruction,360,251,63,3.9841,1,1.6066
v2-inst-123,instruction,389,261,68,3.8382,0,1.5909
v2-inst-124,instruction,647,456,106,4.3019,2,1.6857
v2-inst-125,instruction,143,100,21,4.7619,2,1.8125
v2-inst-126,instruction,90,64,17,3.7647,0,1.3529
v2-inst-127,instruction,56,39,9,4.3333,0,1.6667
v2-inst-128,instruction,158,114,25,4.56,0,1.7308
v2-inst-129,instruction,232,170,36,4.7222,0,2.0
v2-inst-130,instruction,59,38,8,4.75,3,2.0
v2-inst-131,instruction,75,54,12,4.5,0,1.5833
v2-inst-132,instruction,361,264,64,4.125,4,1.5484
v2-inst-133,instruction,48,36,9,4.0,0,1.4444
v2-inst-134,instruction,63,50,11,4.5455,0,1.7273
v2-inst-135,instruction,55,42,10,4.2,1,1.5
v2-inst-136,instruction,49,33,10,3.3,0,1.3333
v2-inst-137,instruction,58,38,14,2.7143,1,1.4167
v2-inst-138,instruction,38,32,6,5.3333,0,1.6667
v2-inst-139,instruction,68,50,12,4.1667,0,1.8333
v2-inst-140,instruction,612,423,99,4.2727,3,2.0323
v2-inst-141,instruction,62,49,16,3.0625,0,1.6667
v2-inst-142,instruction,213,158,38,4.1579,0,1.6667
v2-inst-143,instruction,70,53,14,3.7857,0,1.5
v2-inst-144,instruction,706,481,126,3.8175,0,1.576
v2-inst-145,instruction,45,37,8,4.625,0,1.875
v2-inst-146,instruction,330,240,63,3.8095,6,1.6667
v2-inst-147,instruction,45,32,6,5.3333,0,2.5
v2-inst-148,instruction,136,99,19,5.2105,2,2.1
v2-inst-149,instruction,297,216,55,3.9273,4,1.4386
v2-inst-150,instruction,50,35,9,3.8889,0,1.6667
v2-inst-151,instruction,39,31,6,5.1667,0,2.0
v2-inst-152,instruction,376,256,65,3.9385,1,1.5915
v2-inst-153,instruction,45,35,10,3.5,0,1.2
v2-inst-154,instruction,692,501,126,3.9762,1,1.459
v2-inst-155,instruction,74,53,14,3.7857,0,1.4286
v2-inst-156,instruction,66,55,13,4.2308,2,1.7143
v2-inst-157,instruction,574,391,84,4.6548,1,2.1071
v2-inst-158,instruction,223,164,37,4.4324,0,1.6757
v2-inst-159,instruction,120,92,19,4.8421,0,1.8947
v2-inst-160,instruction,118,100,15,6.6667,2,1.9286
v2-inst-161,instruction,120,91,19,4.7895,1,1.5556
v2-inst-162,instruction,71,53,14,3.7857,1,1.5
v2-inst-163,instruction,222,162,42,3.8571,0,1.5532
v2-inst-164,instruction,573,400,90,4.4444,0,1.8571
v2-inst-165,instruction,86,60,15,4.0,2,1.3571
v2-inst-166,instruction,95,67,17,3.9412,0,1.4706
v2-inst-167,instruction,84,59,14,4.2143,0,1.6429
v2-inst-168,instruction,151,98,21,4.6667,0,2.0
v2-inst-169,instruction,52,38,10,3.8,1,1.625
v2-inst-170,instruction,38,31,8,3.875,0,1.5
v2-inst-171,instruction,173,120,27,4.4444,0,1.9615
v2-inst-172,instruction,142,106,24,4.4167,0,1.7917
v2-inst-173,instruction,42,33,8,4.125,0,1.375
v2-inst-174,instruction,43,34,7,4.8571,0,2.0
v2-inst-175,instruction,55,36,10,3.6,0,1.4
v2-inst-176,instruction,707,501,109,4.5963,2,2.0187
v2-inst-177,instruction,429,301,79,3.8101,0,1.6145
v2-inst-178,instruction,63,49,9,5.4444,1,1.7778
v2-inst-179,instruction,52,35,11,3.1818,0,1.3
v2-inst-180,instruction,50,36,10,3.6,0,1.4
v2-inst-181,instruction,152,108,24,4.5,0,1.7391
v2-inst-182,instruction,203,142,32,4.4375,0,2.1333
v2-inst-183,instruction,283,193,48,4.0208,7,1.75
v2-inst-184,instruction,310,223,54,4.1296,7,1.5714
v2-inst-185,instruction,50,35,7,5.0,0,2.4286
v2-inst-186,instruction,61,43,9,4.7778,0,1.8889
v2-inst-187,instruction,146,104,24,4.3333,1,1.84
v2-inst-188,instruction,50,33,8,4.125,1,1.5
v2-inst-189,instruction,159,117,31,3.7742,0,1.6207
v2-inst-190,instruction,54,37,8,4.625,0,1.875
v2-inst-191,instruction,154,107,30,3.5667,4,1.3846
v2-inst-192,instruction,93,72,16,4.5,0,1.75
v2-inst-193,instruction,544,405,88,4.6023,0,1.7674
v2-inst-194,instruction,69,49,12,4.0833,0,1.6154
v2-inst-195,instruction,168,110,28,3.9286,2,1.6296
v2-inst-196,instruction,66,51,10,5.1,1,1.9
v2-inst-197,instruction,211,148,40,3.7,0,1.7027
v2-inst-198,instruction,500,354,91,3.8901,2,1.6413
v2-inst-199,instruction,318,228,67,3.403,1,1.5075
v2-inst-200,instruction,309,214,55,3.8909,0,1.4407
v2-inst-201,instruction,396,263,69,3.8116,0,1.7206
v2-inst-202,instruction,39,30,7,4.2857,1,1.2857
v2-inst-203,instruction,96,66,18,3.6667,1,1.2353
v2-inst-204,instruction,574,415,93,4.4624,0,1.8778
v2-inst-205,instruction,60,43,14,3.0714,1,1.1538
v2-inst-206,instruction,63,44,11,4.0,0,1.7273
v2-inst-207,instruction,380,262,64,4.0938,0,1.7619
v2-inst-208,instruction,43,30,8,3.75,0,1.5
v2-inst-209,instruction,136,100,26,3.8462,2,1.64
v2-inst-210,instruction,154,116,24,4.8333,1,2.0
v2-inst-211,instruction,64,43,11,3.9091,1,1.6364
v2-inst-212,instruction,136,97,24,4.0417,0,1.6667
v2-inst-213,instruction,205,140,34,4.1176,3,1.8529
v2-inst-214,instruction,68,51,14,3.6429,1,1.5
v2-inst-215,instruction,72,57,13,4.3846,0,1.8462
v2-inst-216,instruction,587,403,89,4.5281,0,2.1023
v2-inst-217,instruction,487,352,80,4.4,0,1.7561
v2-inst-218,instruction,102,75,16,4.6875,1,1.875
v2-inst-219,instruction,130,100,23,4.3478,4,2.0588
v2-inst-220,instruction,206,146,38,3.8421,5,1.6364
v2-inst-221,instruction,199,139,33,4.2121,9,1.5938
v2-inst-222,instruction,48,40,8,5.0,0,1.7143
v2-inst-223,instruction,388,265,60,4.4167,1,1.9167
v2-inst-224,instruction,55,37,10,3.7,0,1.6
v2-inst-225,instruction,165,122,28,4.3571,13,1.8148
v2-inst-226,instruction,111,80,19,4.2105,12,1.6842
v2-inst-227,instruction,158,116,30,3.8667,0,1.7
v2-inst-228,instruction,45,35,7,5.0,0,2.1429
v2-inst-229,instruction,52,37,9,4.1111,0,1.8889
v2-inst-230,instruction,59,41,11,3.7273,1,1.4
v2-inst-231,instruction,54,42,10,4.2,0,1.5
v2-inst-232,instruction,154,106,22,4.8182,1,2.087
v2-inst-233,instruction,49,34,9,3.7778,1,1.4444
v2-inst-234,instruction,191,132,31,4.2581,3,1.7097
v2-inst-235,instruction,419,311,81,3.8395,0,1.5974
v2-inst-236,instruction,69,52,11,4.7273,0,1.8182
v2-inst-237,instruction,85,54,17,3.1765,1,1.5882
v2-inst-238,instruction,96,64,17,3.7647,1,1.5294
v2-inst-239,instruction,194,140,32,4.375,0,1.8824
v2-inst-240,instruction,137,92,21,4.381,0,1.7143
v2-inst-241,instruction,51,35,9,3.8889,0,1.7778
v2-inst-242,instruction,55,40,10,4.0,0,1.4444
v2-inst-243,instruction,59,49,9,5.4444,0,1.8889
v2-inst-244,instruction,76,53,15,3.5333,1,1.5714
v2-inst-245,instruction,54,41,10,4.1,0,1.5
v2-inst-246,instruction,72,54,14,3.8571,0,1.4615
v2-inst-247,instruction,213,153,36,4.25,0,1.8333
v2-inst-248,instruction,324,229,62,3.6935,8,1.5484
v2-inst-249,instruction,168,115,33,3.4848,0,1.6071
v2-inst-250,instruction,37,30,6,5.0,0,1.8333
v2-inst-251,instruction,56,39,9,4.3333,0,1.8889
v2-inst-252,instruction,230,162,42,3.8571,0,1.6667
v2-inst-253,instruction,138,102,21,4.8571,0,2.1
v2-inst-254,instruction,174,130,32,4.0625,8,1.7931
v2-inst-255,instruction,68,45,10,4.5,1,2.4
v2-inst-256,instruction,52,36,8,4.5,0,1.75
v2-inst-257,instruction,46,37,8,4.625,0,1.125
v2-inst-258,instruction,376,267,80,3.3375,0,1.5429
v2-inst-259,instruction,219,153,39,3.9231,0,1.8889
v2-inst-260,instruction,77,52,16,3.25,1,1.4
v2-inst-261,instruction,48,39,10,3.9,0,1.4
v2-inst-262,instruction,49,33,11,3.0,1,1.3333
v2-inst-263,instruction,147,103,28,3.6786,0,1.6071
v2-inst-264,instruction,40,30,7,4.2857,0,1.5714
v2-inst-265,instruction,205,147,39,3.7692,1,1.6757
v2-inst-266,instruction,421,295,66,4.4697,0,1.9531
v2-inst-267,instruction,135,95,22,4.3182,1,2.0455
v2-inst-268,instruction,48,34,11,3.0909,0,1.2
v2-inst-269,instruction,192,132,30,4.4,0,1.8333
v2-inst-270,instruction,59,41,9,4.5556,0,1.6667
v2-inst-271,instruction,401,281,71,3.9577,0,1.7361
v2-inst-272,instruction,311,217,65,3.3385,1,1.5538
v2-inst-273,instruction,156,112,24,4.6667,0,1.6667
v2-inst-274,instruction,129,95,21,4.5238,1,1.65
v2-inst-275,instruction,848,565,133,4.2481,0,1.9449
v2-inst-276,instruction,138,115,27,4.2593,10,1.4783
v2-inst-277,instruction,53,37,9,4.1111,1,1.875
v2-inst-278,instruction,57,44,10,4.4,0,1.7
v2-inst-279,instruction,41,30,7,4.2857,0,1.4286
v2-inst-280,instruction,67,49,11,4.4545,0,1.5455
v2-inst-281,instruction,134,100,19,5.2632,2,1.7895
v2-inst-282,instruction,339,235,64,3.6719,1,1.7037
v2-inst-283,instruction,183,134,28,4.7857,0,1.8929
v2-inst-284,instruction,372,266,68,3.9118,0,1.5147
v2-inst-285,instruction,48,36,8,4.5,0,1.75
v2-inst-286,instruction,233,166,41,4.0488,2,1.8293
v2-inst-287,instruction,343,251,57,4.4035,0,1.8036
v2-inst-288,instruction,86,63,15,4.2,1,1.4
v2-inst-289,instruction,319,224,53,4.2264,5,1.7308
v2-inst-290,instruction,166,117,25,4.68,0,1.84
v2-inst-291,instruction,48,36,11,3.2727,0,1.5556
v2-inst-292,instruction,162,114,34,3.3529,12,1.5862
v2-inst-293,instruction,141,99,28,3.5357,0,1.56
v2-inst-294,instruction,142,96,22,4.3636,0,1.9091
v2-inst-295,instruction,60,45,13,3.4615,0,1.5833
v2-inst-296,instruction,52,38,9,4.2222,0,1.8889
v2-inst-297,instruction,106,76,17,4.4706,0,1.7059
v2-inst-298,instruction,82,59,15,3.9333,0,1.4667
v2-inst-299,instruction,163,110,26,4.2308,0,1.8846
v2-inst-300,instruction,362,264,61,4.3279,0,1.9016
v2-inst-301,instruction,130,94,22,4.2727,2,1.55
v2-inst-302,instruction,52,40,10,4.0,0,1.5556
v2-inst-303,instruction,108,91,14,6.5,0,1.7143
v2-inst-304,instruction,54,41,11,3.7273,0,1.2
v2-inst-305,instruction,183,132,31,4.2581,1,1.8621
v2-inst-306,instruction,495,356,94,3.7872,15,1.6705
v2-inst-307,instruction,52,38,9,4.2222,0,1.5556
v2-inst-308,instruction,147,105,34,3.0882,0,1.375
v2-inst-309,instruction,137,92,21,4.381,2,1.75
v2-inst-310,instruction,292,207,54,3.8333,14,1.5636
v2-inst-311,instruction,70,48,12,4.0,0,1.75
v2-inst-312,instruction,169,125,29,4.3103,0,1.5357
v2-inst-313,instruction,112,78,23,3.3913,1,1.6087
v2-inst-314,instruction,72,46,15,3.0667,1,1.3333
v2-inst-315,instruction,128,91,21,4.3333,1,2.0
v2-inst-316,instruction,224,152,35,4.3429,0,2.1176
v2-inst-317,instruction,55,42,11,3.8182,0,1.5
v2-inst-318,instruction,118,85,23,3.6957,0,1.6522
v2-inst-319,instruction,245,171,42,4.0714,0,1.5238
v2-inst-320,instruction,48,34,10,3.4,0,1.4
v2-inst-321,instruction,62,44,10,4.4,0,1.6
v2-inst-322,instruction,54,34,10,3.4,0,2.0
v2-inst-323,instruction,144,98,20,4.9,2,2.5294
v2-inst-324,instruction,63,48,14,3.4286,1,1.3333
v2-inst-325,instruction,547,361,105,3.4381,0,1.6667
v2-inst-326,instruction,315,219,59,3.7119,18,1.5
v2-inst-327,instruction,473,333,81,4.1111,0,1.7692
v2-inst-328,instruction,154,139,21,6.619,2,1.8333
v2-inst-329,instruction,53,39,9,4.3333,1,1.7778
v2-inst-330,instruction,55,43,10,4.3,0,1.6
v2-inst-331,instruction,61,43,10,4.3,1,1.6
v2-inst-332,instruction,57,38,9,4.2222,0,1.8889
v2-inst-333,instruction,161,114,29,3.931,3,1.8571
v2-inst-334,instruction,128,93,23,4.0435,0,1.6818
v2-inst-335,instruction,129,93,24,3.875,0,1.5833
v2-inst-336,instruction,40,31,7,4.4286,0,2.0
v2-inst-337,instruction,57,45,10,4.5,1,1.3636
v2-inst-338,instruction,54,46,9,5.1111,0,1.7778
v2-inst-339,instruction,356,255,59,4.322,0,1.8772
v2-inst-340,instruction,119,84,24,3.5,3,1.4783
v2-inst-341,instruction,50,35,8,4.375,0,1.625
v2-inst-342,instruction,55,42,10,4.2,0,1.6
v2-inst-343,instruction,60,41,9,4.5556,0,2.1111
v2-inst-344,instruction,58,40,10,4.0,0,1.7
v2-inst-345,instruction,181,124,29,4.2759,1,1.7586
v2-inst-346,instruction,151,99,25,3.96,1,2.0
v2-inst-347,instruction,171,125,25,5.0,0,2.1154
v2-inst-348,instruction,62,44,10,4.4,0,2.1
v2-inst-349,instruction,53,41,9,4.5556,0,1.5556
v2-inst-350,instruction,126,100,18,5.5556,2,1.5294
v2-summ-001,summarisation,901,625,150,4.1667,3,1.8514
v2-summ-002,summarisation,237,159,43,3.6977,5,1.8718
v2-summ-003,summarisation,123,83,22,3.7727,3,1.5455
v2-summ-004,summarisation,317,207,55,3.7636,3,1.8148
v2-summ-005,summarisation,262,186,46,4.0435,3,1.7556
v2-summ-006,summarisation,234,160,40,4.0,3,1.675
v2-summ-007,summarisation,892,632,159,3.9748,3,1.529
v2-summ-008,summarisation,113,84,20,4.2,3,1.8421
v2-summ-009,summarisation,108,74,19,3.8947,3,1.5789
v2-summ-010,summarisation,238,175,40,4.375,6,1.7179
v2-summ-011,summarisation,128,92,22,4.1818,3,1.7273
v2-summ-012,summarisation,955,619,149,4.1544,3,1.6552
v2-summ-013,summarisation,252,170,47,3.617,3,1.6383
v2-summ-014,summarisation,234,164,41,4.0,5,1.561
v2-summ-015,summarisation,314,215,54,3.9815,3,1.6852
v2-summ-016,summarisation,130,84,22,3.8182,3,1.7273
v2-summ-017,summarisation,120,83,21,3.9524,3,1.9048
v2-summ-018,summarisation,120,85,21,4.0476,3,1.619
v2-summ-019,summarisation,215,149,39,3.8205,3,1.641
v2-summ-020,summarisation,755,514,126,4.0794,10,1.7823
v2-summ-021,summarisation,95,72,16,4.5,3,1.6875
v2-summ-022,summarisation,118,80,22,3.6364,3,1.5
v2-summ-023,summarisation,123,88,21,4.1905,3,1.5714
v2-summ-024,summarisation,673,470,119,3.9496,4,1.4561
v2-summ-025,summarisation,684,463,117,3.9573,3,1.75
v2-summ-026,summarisation,285,196,48,4.0833,3,1.8913
v2-summ-027,summarisation,117,79,22,3.5909,3,1.5455
v2-summ-028,summarisation,113,78,20,3.9,3,1.6
v2-summ-029,summarisation,313,224,51,4.3922,3,1.8235
v2-summ-030,summarisation,328,230,54,4.2593,3,1.7547
v2-summ-031,summarisation,285,209,47,4.4468,3,1.6383
v2-summ-032,summarisation,335,235,56,4.1964,3,1.7679
v2-summ-033,summarisation,123,81,20,4.05,3,1.5238
v2-summ-034,summarisation,322,235,50,4.7,3,1.76
v2-summ-035,summarisation,932,642,161,3.9876,3,1.6646
v2-summ-036,summarisation,314,215,52,4.1346,3,1.6538
v2-summ-037,summarisation,128,88,22,4.0,3,1.5
v2-summ-038,summarisation,283,193,51,3.7843,5,1.66
v2-summ-039,summarisation,303,217,52,4.1731,3,1.6154
v2-summ-040,summarisation,104,76,19,4.0,3,1.4737
v2-summ-041,summarisation,121,84,20,4.2,3,1.65
v2-summ-042,summarisation,126,82,24,3.4167,4,1.3333
v2-summ-043,summarisation,76,56,14,4.0,3,1.6429
v2-summ-044,summarisation,642,461,114,4.0439,3,1.6486
v2-summ-045,summarisation,170,110,30,3.6667,3,1.5
v2-summ-046,summarisation,763,517,123,4.2033,4,1.7967
v2-summ-047,summarisation,108,81,18,4.5,3,1.7778
v2-summ-048,summarisation,304,204,48,4.25,3,1.68
v2-summ-049,summarisation,759,540,138,3.913,3,1.558
v2-summ-050,summarisation,330,222,54,4.1111,6,1.7455
v2-summ-051,summarisation,271,191,41,4.6585,5,2.0488
v2-summ-052,summarisation,357,245,60,4.0833,3,1.7931
v2-summ-053,summarisation,308,226,55,4.1091,7,1.7885
v2-summ-054,summarisation,866,582,143,4.0699,4,1.7518
v2-summ-055,summarisation,913,620,142,4.3662,11,1.8936
v2-summ-056,summarisation,791,554,129,4.2946,3,1.7638
v2-summ-057,summarisation,117,89,19,4.6842,3,1.7895
v2-summ-058,summarisation,906,639,163,3.9202,6,1.4938
v2-summ-059,summarisation,79,52,15,3.4667,3,1.5333
v2-summ-060,summarisation,172,115,28,4.1071,4,1.75
v2-summ-061,summarisation,904,638,155,4.1161,3,1.8117
v2-summ-062,summarisation,281,192,50,3.84,3,1.6735
v2-summ-063,summarisation,868,606,140,4.3286,5,1.8406
v2-summ-064,summarisation,122,87,22,3.9545,3,1.5909
v2-summ-065,summarisation,123,80,22,3.6364,3,1.6667
v2-summ-066,summarisation,80,53,14,3.7857,3,1.7143
v2-summ-067,summarisation,964,646,156,4.141,3,1.7712
v2-summ-068,summarisation,844,582,134,4.3433,4,1.9254
v2-summ-069,summarisation,920,645,150,4.3,3,1.8947
v2-summ-070,summarisation,316,232,53,4.3774,3,1.7115
v2-summ-071,summarisation,207,163,39,4.1795,3,1.6667
v2-summ-072,summarisation,82,59,15,3.9333,3,1.5333
v2-summ-073,summarisation,707,495,119,4.1597,11,1.8235
v2-summ-074,summarisation,106,71,21,3.381,3,1.4286
v2-summ-075,summarisation,908,598,155,3.8581,3,1.7667
v2-summ-076,summarisation,129,85,22,3.8636,3,1.7273
v2-summ-077,summarisation,139,91,24,3.7917,3,1.7083
v2-summ-078,summarisation,343,242,56,4.3214,3,1.7895
v2-summ-079,summarisation,877,603,149,4.047,7,1.6828
v2-summ-080,summarisation,842,593,147,4.034,4,1.7075
v2-summ-081,summarisation,118,90,22,4.0909,3,1.5
v2-summ-082,summarisation,351,238,57,4.1754,6,1.8704
v2-summ-083,summarisation,603,411,98,4.1939,6,1.8182
v2-summ-084,summarisation,768,527,123,4.2846,3,1.813
v2-summ-085,summarisation,110,78,21,3.7143,3,1.2857
v2-summ-086,summarisation,123,82,22,3.7273,3,1.6364
v2-summ-087,summarisation,740,500,124,4.0323,3,1.675
v2-summ-088,summarisation,917,621,148,4.1959,7,1.7619
v2-summ-089,summarisation,595,448,93,4.8172,9,1.7802
v2-summ-090,summarisation,855,588,143,4.1119,3,1.6831
v2-summ-091,summarisation,144,98,25,3.92,5,1.68
v2-summ-092,summarisation,214,152,36,4.2222,3,1.6667
v2-summ-093,summarisation,264,186,45,4.1333,3,1.8864
v2-summ-094,summarisation,233,156,37,4.2162,3,1.6389
v2-summ-095,summarisation,926,650,152,4.2763,3,1.8571
v2-summ-096,summarisation,110,84,18,4.6667,3,1.8333
v2-summ-097,summarisation,534,381,98,3.8878,3,1.6224
v2-summ-098,summarisation,942,648,161,4.0248,3,1.6899
v2-summ-099,summarisation,898,618,153,4.0392,3,1.6739
v2-summ-100,summarisation,214,152,34,4.4706,4,1.8235
v2-summ-101,summarisation,841,566,144,3.9306,3,1.75
v2-summ-102,summarisation,841,594,136,4.3676,3,1.75
v2-summ-103,summarisation,114,77,20,3.85,3,1.6
v2-summ-104,summarisation,927,643,157,4.0955,5,1.7935
v2-summ-105,summarisation,271,189,46,4.1087,3,1.8043
v2-summ-106,summarisation,215,150,37,4.0541,3,1.6667
v2-summ-107,summarisation,265,176,47,3.7447,3,1.5
v2-summ-108,summarisation,354,242,65,3.7231,3,1.5625
v2-summ-109,summarisation,106,72,18,4.0,3,1.6111
v2-summ-110,summarisation,950,634,154,4.1169,7,1.9116
v2-summ-111,summarisation,311,221,51,4.3333,3,1.6667
v2-summ-112,summarisation,819,577,141,4.0922,11,1.7445
v2-summ-113,summarisation,131,90,20,4.5,4,1.9
v2-summ-114,summarisation,301,200,53,3.7736,3,1.6226
v2-summ-115,summarisation,216,148,38,3.8947,3,1.5789
v2-summ-116,summarisation,132,90,25,3.6,3,1.4
v2-summ-117,summarisation,942,642,159,4.0377,3,1.8153
v2-summ-118,summarisation,119,86,20,4.3,3,1.55
v2-summ-119,summarisation,868,585,154,3.7987,15,1.5594
v2-summ-120,summarisation,255,175,44,3.9773,3,1.6364
v2-summ-121,summarisation,735,507,124,4.0887,3,1.8824
v2-summ-122,summarisation,239,169,43,3.9302,3,1.7619
v2-summ-123,summarisation,320,212,52,4.0769,3,1.8269
v2-summ-124,summarisation,844,585,136,4.3015,3,1.6741
v2-summ-125,summarisation,111,79,20,3.95,3,1.65
v2-summ-126,summarisation,251,164,43,3.814,3,1.7442
v2-summ-127,summarisation,111,80,24,3.3333,3,1.5714
v2-summ-128,summarisation,696,483,122,3.959,5,1.6949
v2-summ-129,summarisation,861,598,139,4.3022,4,1.6739
v2-summ-130,summarisation,837,583,132,4.4167,5,1.6923
v2-summ-131,summarisation,310,210,57,3.6842,4,1.6071
v2-summ-132,summarisation,662,463,113,4.0973,10,1.6981
v2-summ-133,summarisation,212,143,35,4.0857,3,1.9118
v2-summ-134,summarisation,272,187,47,3.9787,3,1.6383
v2-summ-135,summarisation,263,185,44,4.2045,5,1.6818
v2-summ-136,summarisation,744,528,113,4.6726,11,1.991
v2-summ-137,summarisation,297,209,53,3.9434,3,1.7059
v2-summ-138,summarisation,323,231,56,4.125,4,1.5185
v2-summ-139,summarisation,288,211,48,4.3958,3,1.8936
v2-summ-140,summarisation,801,549,135,4.0667,3,1.7313
v2-summ-141,summarisation,342,235,61,3.8525,3,1.6724
v2-summ-142,summarisation,869,612,147,4.1633,8,1.7183
v2-summ-143,summarisation,791,567,128,4.4297,3,1.808
v2-summ-144,summarisation,908,596,159,3.7484,5,1.6781
v2-summ-145,summarisation,934,648,150,4.32,6,1.7762
v2-summ-146,summarisation,375,255,67,3.806,6,1.4923
v2-summ-147,summarisation,850,610,150,4.0667,12,1.669
v2-summ-148,summarisation,284,201,50,4.02,5,1.66
v2-summ-149,summarisation,125,85,21,4.0476,3,1.8
v2-summ-150,summarisation,266,195,46,4.2391,3,1.4565
v2-summ-151,summarisation,866,585,141,4.1489,5,1.6667
v2-summ-152,summarisation,804,552,131,4.2137,3,1.8015
v2-summ-153,summarisation,340,240,52,4.6154,6,2.1538
v2-summ-154,summarisation,310,225,54,4.1667,4,1.566
v2-summ-155,summarisation,288,201,57,3.5263,6,1.5714
v2-summ-156,summarisation,733,537,117,4.5897,3,1.5333
v2-summ-157,summarisation,104,68,19,3.5789,3,1.6667
v2-summ-158,summarisation,64,46,13,3.5385,3,1.3077
v2-summ-159,summarisation,354,233,65,3.5846,4,1.7193
v2-summ-160,summarisation,360,244,61,4.0,3,1.8136
v2-summ-161,summarisation,360,232,63,3.6825,3,1.7
v2-summ-162,summarisation,881,621,157,3.9554,3,1.7219
v2-summ-163,summarisation,295,207,55,3.7636,3,1.5833
v2-summ-164,summarisation,917,624,157,3.9745,3,1.707
v2-summ-165,summarisation,911,626,152,4.1184,3,1.7059
v2-summ-166,summarisation,328,212,57,3.7193,5,1.6071
v2-summ-167,summarisation,472,333,79,4.2152,3,1.9178
v2-summ-168,summarisation,756,535,134,3.9925,3,1.7099
v2-summ-169,summarisation,308,222,54,4.1111,3,1.6604
v2-summ-170,summarisation,683,460,118,3.8983,3,1.5546
v2-summ-171,summarisation,89,62,15,4.1333,3,1.6
v2-summ-172,summarisation,837,559,149,3.7517,5,1.7877
v2-summ-173,summarisation,270,185,51,3.6275,3,1.5106
v2-summ-174,summarisation,837,608,140,4.3429,15,1.7574
v2-summ-175,summarisation,351,231,53,4.3585,3,1.9434
v2-summ-176,summarisation,336,228,59,3.8644,3,1.6897
v2-summ-177,summarisation,308,203,52,3.9038,3,1.6875
v2-summ-178,summarisation,115,80,19,4.2105,3,1.8947
v2-summ-179,summarisation,84,60,15,4.0,3,1.6667
v2-summ-180,summarisation,838,596,144,4.1389,3,1.6549
v2-summ-181,summarisation,121,78,20,3.9,3,1.6
v2-summ-182,summarisation,112,80,21,3.8095,3,1.5238
v2-summ-183,summarisation,791,551,131,4.2061,3,1.6562
v2-summ-184,summarisation,152,110,26,4.2308,3,1.6923
v2-summ-185,summarisation,259,175,46,3.8043,5,1.6957
v2-summ-186,summarisation,606,420,103,4.0777,3,1.8316
v2-summ-187,summarisation,850,577,150,3.8467,3,1.5267
v2-summ-188,summarisation,258,179,42,4.2619,3,1.9048
v2-summ-189,summarisation,331,239,58,4.1207,3,1.7273
v2-summ-190,summarisation,844,597,148,4.0338,3,1.6493
v2-summ-191,summarisation,838,604,153,3.9477,3,1.5197
v2-summ-192,summarisation,337,238,59,4.0339,6,1.5536
v2-summ-193,summarisation,342,237,60,3.95,5,1.6034
v2-summ-194,summarisation,343,230,57,4.0351,5,1.8246
v2-summ-195,summarisation,319,223,57,3.9123,3,1.7143
v2-summ-196,summarisation,118,88,20,4.4,3,1.8421
v2-summ-197,summarisation,886,623,157,3.9682,3,1.7325
v2-summ-198,summarisation,781,538,132,4.0758,3,1.7967
v2-summ-199,summarisation,328,225,57,3.9474,5,1.8113
v2-summ-200,summarisation,789,550,141,3.9007,3,1.7279
v2-summ-201,summarisation,125,86,22,3.9091,3,1.6818
v2-summ-202,summarisation,709,503,128,3.9297,5,1.5397
v2-summ-203,summarisation,113,78,21,3.7143,3,1.3
v2-summ-204,summarisation,301,202,55,3.6727,5,1.4909
v2-summ-205,summarisation,273,197,49,4.0204,8,1.6809
v2-summ-206,summarisation,760,535,128,4.1797,3,1.792
v2-summ-207,summarisation,802,549,132,4.1591,3,1.6667
v2-summ-208,summarisation,106,69,21,3.2857,3,1.2381
v2-summ-209,summarisation,872,620,138,4.4928,12,2.0407
v2-summ-210,summarisation,306,203,58,3.5,7,1.6296
v2-summ-211,summarisation,196,145,33,4.3939,3,1.8182
v2-summ-212,summarisation,304,210,51,4.1176,3,1.7451
v2-summ-213,summarisation,911,615,158,3.8924,3,1.6968
v2-summ-214,summarisation,197,139,32,4.3438,3,1.7812
v2-summ-215,summarisation,258,191,43,4.4419,3,1.6047
v2-summ-216,summarisation,292,200,51,3.9216,3,1.6471
v2-summ-217,summarisation,845,579,130,4.4538,7,1.688
v2-summ-218,summarisation,98,68,17,4.0,3,1.6471
v2-summ-219,summarisation,351,244,63,3.873,6,1.8333
v2-summ-220,summarisation,303,211,43,4.907,6,2.1628
v2-summ-221,summarisation,274,191,49,3.898,3,1.7347
v2-summ-222,summarisation,107,73,19,3.8421,3,1.6316
v2-summ-223,summarisation,340,228,61,3.7377,3,1.6949
v2-summ-224,summarisation,853,594,128,4.6406,13,2.2109
v2-summ-225,summarisation,170,119,28,4.25,4,1.8214
v2-summ-226,summarisation,773,559,128,4.3672,3,1.627
v2-summ-227,summarisation,217,154,35,4.4,3,1.9706
v2-summ-228,summarisation,105,78,21,3.7143,3,1.45
v2-summ-229,summarisation,140,92,23,4.0,3,1.7826
v2-summ-230,summarisation,887,617,152,4.0592,5,1.7329
v2-summ-231,summarisation,349,241,61,3.9508,3,1.6271
v2-summ-232,summarisation,693,486,125,3.888,3,1.5635
v2-summ-233,summarisation,91,60,17,3.5294,3,1.5882
v2-summ-234,summarisation,347,239,66,3.6212,3,1.5538
v2-summ-235,summarisation,878,601,149,4.0336,3,1.6913
v2-summ-236,summarisation,900,637,161,3.9565,5,1.4907
v2-summ-237,summarisation,648,436,117,3.7265,10,1.6696
v2-summ-238,summarisation,106,73,20,3.65,3,1.5
v2-summ-239,summarisation,942,643,167,3.8503,13,1.6235
v2-summ-240,summarisation,280,189,46,4.1087,3,1.7391
v2-summ-241,summarisation,865,596,139,4.2878,3,1.7914
v2-summ-242,summarisation,100,66,19,3.4737,3,1.4737
v2-summ-243,summarisation,909,635,159,3.9937,3,1.7564
v2-summ-244,summarisation,87,61,16,3.8125,3,1.5
v2-summ-245,summarisation,339,230,60,3.8333,3,1.6552
v2-summ-246,summarisation,230,160,40,4.0,3,1.55
v2-summ-247,summarisation,124,86,21,4.0952,3,1.7143
v2-summ-248,summarisation,300,213,52,4.0962,3,1.6346
v2-summ-249,summarisation,859,596,135,4.4148,3,1.963
v2-summ-250,summarisation,323,223,57,3.9123,3,1.6111
v2-qa-001,qa,264,189,43,4.3953,6,1.7368
v2-qa-002,qa,122,86,21,4.0952,11,1.6
v2-qa-003,qa,495,346,84,4.119,7,1.619
v2-qa-004,qa,119,82,22,3.7273,8,1.4737
v2-qa-005,qa,328,230,59,3.8983,10,1.6379
v2-qa-006,qa,371,260,71,3.662,9,1.507
v2-qa-007,qa,325,219,53,4.1321,10,1.78
v2-qa-008,qa,342,228,56,4.0714,13,1.5833
v2-qa-009,qa,287,206,52,3.9615,14,1.4231
v2-qa-010,qa,97,63,18,3.5,6,1.4706
v2-qa-011,qa,388,267,65,4.1077,8,1.8387
v2-qa-012,qa,368,253,60,4.2167,6,1.7759
v2-qa-013,qa,751,518,117,4.4274,6,1.8182
v2-qa-014,qa,415,296,69,4.2899,6,1.6087
v2-qa-015,qa,107,73,21,3.4762,8,1.3684
v2-qa-016,qa,114,79,21,3.7619,6,1.619
v2-qa-017,qa,131,87,23,3.7826,6,1.7727
v2-qa-018,qa,443,313,77,4.0649,6,1.5405
v2-qa-019,qa,492,341,82,4.1585,6,1.675
v2-qa-020,qa,221,155,37,4.1892,8,1.8333
v2-qa-021,qa,298,190,49,3.8776,8,1.5455
v2-qa-022,qa,570,390,96,4.0625,6,1.8316
v2-qa-023,qa,547,392,92,4.2609,10,1.7191
v2-qa-024,qa,102,69,18,3.8333,6,1.5
v2-qa-025,qa,111,79,20,3.95,8,1.4118
v2-qa-026,qa,344,246,62,3.9677,11,1.5902
v2-qa-027,qa,431,298,71,4.1972,6,1.8286
v2-qa-028,qa,749,531,122,4.3525,19,1.6975
v2-qa-029,qa,655,442,117,3.7778,8,1.6
v2-qa-030,qa,128,86,23,3.7391,8,1.6316
v2-qa-031,qa,382,249,54,4.6111,8,2.04
v2-qa-032,qa,481,350,75,4.6667,14,1.973
v2-qa-033,qa,127,88,22,4.0,4,1.3636
v2-qa-034,qa,476,330,83,3.9759,8,1.5132
v2-qa-035,qa,914,646,162,3.9877,6,1.7563
v2-qa-036,qa,766,532,132,4.0303,7,1.6947
v2-qa-037,qa,111,77,17,4.5294,6,1.5294
v2-qa-038,qa,903,618,158,3.9114,10,1.7203
v2-qa-039,qa,306,209,51,4.098,12,1.625
v2-qa-040,qa,317,220,55,4.0,4,1.6792
v2-qa-041,qa,141,101,27,3.7407,6,1.44
v2-qa-042,qa,194,137,30,4.5667,8,1.8966
v2-qa-043,qa,469,326,81,4.0247,18,1.7887
v2-qa-044,qa,352,247,65,3.8,6,1.5645
v2-qa-045,qa,615,416,88,4.7273,10,2.0
v2-qa-046,qa,279,205,46,4.4565,6,1.9348
v2-qa-047,qa,115,77,22,3.5,7,1.6667
v2-qa-048,qa,358,250,69,3.6232,12,1.3548
v2-qa-049,qa,838,581,115,5.0522,22,1.7027
v2-qa-050,qa,175,137,30,4.5667,8,1.6897
v2-qa-051,qa,398,287,65,4.4154,8,1.5938
v2-qa-052,qa,706,491,121,4.0579,6,1.713
v2-qa-053,qa,484,347,77,4.5065,8,1.7237
v2-qa-054,qa,128,87,23,3.7826,6,1.55
v2-qa-055,qa,175,134,28,4.7857,8,1.3333
v2-qa-056,qa,713,504,122,4.1311,21,1.5726
v2-qa-057,qa,442,309,71,4.3521,10,1.7391
v2-qa-058,qa,564,373,88,4.2386,7,1.8072
v2-qa-059,qa,868,598,142,4.2113,8,1.875
v2-qa-060,qa,91,63,16,3.9375,6,1.4375
v2-qa-061,qa,425,293,75,3.9067,8,1.411
v2-qa-062,qa,261,185,48,3.8542,6,1.6818
v2-qa-063,qa,450,323,79,4.0886,6,1.5949
v2-qa-064,qa,300,208,50,4.16,4,1.5833
v2-qa-065,qa,528,367,96,3.8229,12,1.5119
v2-qa-066,qa,946,647,168,3.8512,6,1.7545
v2-qa-067,qa,562,379,92,4.1196,10,1.747
v2-qa-068,qa,130,90,21,4.2857,7,1.8
v2-qa-069,qa,593,420,105,4.0,7,1.699
v2-qa-070,qa,687,471,124,3.7984,6,1.6071
v2-qa-071,qa,342,231,54,4.2778,9,1.8077
v2-qa-072,qa,270,191,45,4.2444,6,1.6744
v2-qa-073,qa,267,182,48,3.7917,6,1.6444
v2-qa-074,qa,103,72,17,4.2353,8,1.6875
v2-qa-075,qa,680,490,109,4.4954,4,1.963
v2-qa-076,qa,883,604,145,4.1655,6,1.8112
v2-qa-077,qa,295,223,46,4.8478,6,1.7174
v2-qa-078,qa,362,247,55,4.4909,9,1.8519
v2-qa-079,qa,122,85,20,4.25,6,1.55
v2-qa-080,qa,126,82,21,3.9048,4,1.5
v2-qa-081,qa,159,112,27,4.1481,10,1.6923
v2-qa-082,qa,252,176,45,3.9111,4,1.4634
v2-qa-083,qa,822,570,151,3.7748,8,1.5224
v2-qa-084,qa,450,328,85,3.8588,8,1.5244
v2-qa-085,qa,623,452,107,4.2243,6,1.8667
v2-qa-086,qa,266,190,48,3.9583,6,1.7234
v2-qa-087,qa,468,316,81,3.9012,11,1.7361
v2-qa-088,qa,275,206,50,4.12,6,1.54
v2-qa-089,qa,247,166,42,3.9524,8,1.641
v2-qa-090,qa,116,81,20,4.05,10,1.6875
v2-qa-091,qa,539,378,94,4.0213,6,1.7416
v2-qa-092,qa,121,82,20,4.1,14,1.6316
v2-qa-093,qa,390,263,69,3.8116,4,1.5692
v2-qa-094,qa,123,85,25,3.4,6,1.3636
v2-qa-095,qa,310,215,53,4.0566,7,1.6154
v2-qa-096,qa,344,246,57,4.3158,4,1.8214
v2-qa-097,qa,352,247,61,4.0492,6,1.5424
v2-qa-098,qa,190,132,33,4.0,6,1.5484
v2-qa-099,qa,222,166,38,4.3684,12,1.6389
v2-qa-100,qa,86,59,16,3.6875,8,1.7143
v2-qa-101,qa,342,242,62,3.9032,14,1.5082
v2-qa-102,qa,311,214,54,3.963,9,1.7547
v2-qa-103,qa,337,225,54,4.1667,4,1.6909
v2-qa-104,qa,133,90,23,3.913,10,1.5909
v2-qa-105,qa,318,226,57,3.9649,6,1.5926
v2-qa-106,qa,364,255,62,4.1129,4,1.7541
v2-qa-107,qa,658,440,108,4.0741,27,1.7212
v2-qa-108,qa,445,305,75,4.0667,9,1.6714
v2-qa-109,qa,312,216,54,4.0,9,1.7547
v2-qa-110,qa,306,225,54,4.1667,6,1.7037
v2-qa-111,qa,348,244,59,4.1356,8,1.8269
v2-qa-112,qa,338,236,48,4.9167,10,2.1042
v2-qa-113,qa,333,223,58,3.8448,6,1.7018
v2-qa-114,qa,321,217,63,3.4444,8,1.5345
v2-qa-115,qa,574,387,96,4.0312,8,1.7079
v2-qa-116,qa,120,85,22,3.8636,6,1.3158
v2-qa-117,qa,316,212,56,3.7857,10,1.6364
v2-qa-118,qa,683,483,117,4.1282,16,1.6476
v2-qa-119,qa,550,377,83,4.5422,11,1.8289
v2-qa-120,qa,307,218,55,3.9636,4,1.6078
v2-qa-121,qa,449,315,77,4.0909,6,1.5775
v2-qa-122,qa,125,85,21,4.0476,8,1.4444
v2-qa-123,qa,310,216,53,4.0755,4,1.6981
v2-qa-124,qa,309,229,56,4.0893,4,1.5714
v2-qa-125,qa,305,213,48,4.4375,8,1.7755
v2-qa-126,qa,848,596,137,4.3504,8,1.6596
v2-qa-127,qa,561,399,99,4.0303,14,1.6778
v2-qa-128,qa,144,99,26,3.8077,8,1.6667
v2-qa-129,qa,611,434,104,4.1731,10,1.602
v2-qa-130,qa,280,189,44,4.2955,12,1.625
v2-qa-131,qa,110,81,21,3.8571,7,1.5
v2-qa-132,qa,342,232,62,3.7419,6,1.55
v2-qa-133,qa,614,401,109,3.6789,6,1.7041
v2-qa-134,qa,288,200,52,3.8462,8,1.5217
v2-qa-135,qa,752,533,108,4.9352,30,1.75
v2-qa-136,qa,98,71,18,3.9444,7,1.5882
v2-qa-137,qa,388,253,67,3.7761,6,1.7302
v2-qa-138,qa,119,81,23,3.5217,6,1.6364
v2-qa-139,qa,105,75,17,4.4118,7,1.7647
v2-qa-140,qa,760,518,110,4.7091,13,2.1101
v2-qa-141,qa,328,222,55,4.0364,10,1.8511
v2-qa-142,qa,303,207,44,4.7045,7,1.9
v2-qa-143,qa,297,206,60,3.4333,6,1.4737
v2-qa-144,qa,459,319,72,4.4306,13,1.5634
v2-qa-145,qa,217,153,37,4.1351,4,1.5405
v2-qa-146,qa,543,385,89,4.3258,28,1.6591
v2-qa-147,qa,481,330,84,3.9286,8,1.5132
v2-qa-148,qa,118,81,22,3.6818,8,1.4737
v2-qa-149,qa,377,256,66,3.8788,8,1.6557
v2-qa-150,qa,408,265,70,3.7857,6,1.7538
v2-qa-151,qa,109,79,20,3.95,6,1.6
v2-qa-152,qa,446,300,77,3.8961,9,1.7794
v2-qa-153,qa,266,209,45,4.6444,8,1.5
v2-qa-154,qa,508,342,81,4.2222,11,1.7179
v2-qa-155,qa,125,90,19,4.7368,8,1.6316
v2-qa-156,qa,845,596,144,4.1389,17,1.7206
v2-qa-157,qa,326,222,54,4.1111,9,1.6538
v2-qa-158,qa,294,196,54,3.6296,4,1.4792
v2-qa-159,qa,289,208,48,4.3333,6,1.7609
v2-qa-160,qa,360,233,55,4.2364,19,1.76
v2-qa-161,qa,317,217,56,3.875,6,1.625
v2-qa-162,qa,499,352,86,4.093,8,1.6543
v2-qa-163,qa,719,498,124,4.0161,6,1.7177
v2-qa-164,qa,125,85,25,3.4,8,1.2857
v2-qa-165,qa,711,505,115,4.3913,14,1.6607
v2-qa-166,qa,826,589,137,4.2993,6,1.8421
v2-qa-167,qa,341,234,55,4.2545,4,1.7636
v2-qa-168,qa,813,549,141,3.8936,18,1.6212
v2-qa-169,qa,599,415,93,4.4624,6,1.8721
v2-qa-170,qa,132,89,23,3.8696,4,1.8
v2-qa-171,qa,120,80,19,4.2105,9,1.5
v2-qa-172,qa,294,208,52,4.0,10,1.625
v2-qa-173,qa,114,78,19,4.1053,6,1.7222
v2-qa-174,qa,273,186,47,3.9574,10,1.3488
v2-qa-175,qa,234,165,42,3.9286,6,1.6047
v2-qa-176,qa,564,398,101,3.9406,8,1.4896
v2-qa-177,qa,107,75,18,4.1667,6,1.7647
v2-qa-178,qa,276,188,48,3.9167,6,1.6596
v2-qa-179,qa,129,88,19,4.6316,7,1.8947
v2-qa-180,qa,501,342,85,4.0235,12,1.7108
v2-qa-181,qa,678,466,115,4.0522,4,1.7876
v2-qa-182,qa,129,89,22,4.0455,8,1.5
v2-qa-183,qa,301,204,52,3.9231,8,1.6667
v2-qa-184,qa,256,175,47,3.7234,6,1.5435
v2-qa-185,qa,502,340,84,4.0476,4,1.622
v2-qa-186,qa,629,434,126,3.4444,18,1.3964
v2-qa-187,qa,729,502,113,4.4425,8,1.8585
v2-qa-188,qa,124,88,19,4.6316,8,1.7895
v2-qa-189,qa,311,216,52,4.1538,6,1.8431
v2-qa-190,qa,299,213,52,4.0962,4,1.549
v2-qa-191,qa,352,234,59,3.9661,6,1.8214
v2-qa-192,qa,380,249,58,4.2931,9,1.7447
v2-qa-193,qa,329,220,55,4.0,13,1.58
v2-qa-194,qa,626,432,103,4.1942,12,1.703
v2-qa-195,qa,611,423,102,4.1471,6,1.8
v2-qa-196,qa,377,248,60,4.1333,4,1.7167
v2-qa-197,qa,275,186,45,4.1333,9,1.5814
v2-qa-198,qa,285,196,49,4.0,4,1.5833
v2-qa-199,qa,370,260,55,4.7273,13,2.0556
v2-qa-200,qa,498,355,76,4.6711,13,1.8714
v2-qa-201,qa,448,307,71,4.3239,7,1.9275
v2-qa-202,qa,753,520,125,4.16,8,1.8226
v2-qa-203,qa,117,84,22,3.8182,6,1.5714
v2-qa-204,qa,804,543,148,3.6689,11,1.7483
v2-qa-205,qa,183,131,31,4.2258,6,1.5806
v2-qa-206,qa,374,246,70,3.5143,9,1.5312
v2-qa-207,qa,371,227,55,4.1273,10,1.7843
v2-qa-208,qa,434,311,69,4.5072,14,1.56
v2-qa-209,qa,324,226,57,3.9649,10,1.6964
v2-qa-210,qa,473,333,83,4.012,6,1.7105
v2-qa-211,qa,110,76,20,3.8,6,1.3
v2-qa-212,qa,325,222,57,3.8947,4,1.5818
v2-qa-213,qa,685,502,98,5.1224,24,1.7766
v2-qa-214,qa,763,522,129,4.0465,6,1.6557
v2-qa-215,qa,134,89,26,3.4231,6,1.3636
v2-qa-216,qa,118,83,23,3.6087,6,1.4762
v2-qa-217,qa,362,237,55,4.3091,9,1.8462
v2-qa-218,qa,323,228,52,4.3846,6,1.74
v2-qa-219,qa,657,463,104,4.4519,16,1.8235
v2-qa-220,qa,757,523,122,4.2869,6,1.9328
v2-qa-221,qa,295,205,53,3.8679,9,1.6122
v2-qa-222,qa,353,244,62,3.9355,14,1.5714
v2-qa-223,qa,820,568,136,4.1765,10,1.6357
v2-qa-224,qa,381,258,70,3.6857,6,1.6571
v2-qa-225,qa,130,89,23,3.8696,8,1.3684
v2-qa-226,qa,113,79,19,4.1579,7,1.6842
v2-qa-227,qa,345,236,55,4.2909,8,1.5283
v2-qa-228,qa,386,264,68,3.8824,6,1.5625
v2-qa-229,qa,816,554,141,3.9291,8,1.6148
v2-qa-230,qa,125,87,23,3.7826,4,1.7727
v2-qa-231,qa,123,82,24,3.4167,8,1.5238
v2-qa-232,qa,116,81,24,3.375,6,1.4167
v2-qa-233,qa,121,85,21,4.0476,11,1.6
v2-qa-234,qa,307,208,53,3.9245,6,1.6667
v2-qa-235,qa,161,113,27,4.1852,6,1.4815
v2-qa-236,qa,97,70,17,4.1176,7,1.6
v2-qa-237,qa,529,371,105,3.5333,14,1.4194
v2-qa-238,qa,643,460,106,4.3396,8,1.7048
v2-qa-239,qa,346,238,55,4.3273,10,1.8491
v2-qa-240,qa,856,637,162,3.9321,8,1.675
v2-qa-241,qa,101,73,20,3.65,6,1.4211
v2-qa-242,qa,108,78,20,3.9,6,1.4118
v2-qa-243,qa,499,348,90,3.8667,10,1.6742
v2-qa-244,qa,253,180,41,4.3902,12,1.55
v2-qa-245,qa,723,502,113,4.4425,12,1.5676
v2-qa-246,qa,129,90,24,3.75,6,1.4583
v2-qa-247,qa,111,79,22,3.5909,6,1.6
v2-qa-248,qa,351,244,65,3.7538,6,1.5873
v2-qa-249,qa,133,89,24,3.7083,6,1.6522
v2-qa-250,qa,349,236,60,3.9333,4,1.6667
v2-creat-001,creative,107,79,20,3.95,0,1.65
v2-creat-002,creative,259,205,50,4.1,0,1.64
v2-creat-003,creative,770,564,134,4.209,9,1.6791
v2-creat-004,creative,252,180,45,4.0,1,1.6222
v2-creat-005,creative,267,208,46,4.5217,0,1.7391
v2-creat-006,creative,102,74,20,3.7,0,1.65
v2-creat-007,creative,102,71,19,3.7368,0,1.7368
v2-creat-008,creative,288,209,50,4.18,0,1.86
v2-creat-009,creative,280,205,51,4.0196,0,1.5882
v2-creat-010,creative,271,211,48,4.3958,0,1.75
v2-creat-011,creative,272,199,50,3.98,1,1.62
v2-creat-012,creative,668,498,111,4.4865,7,1.7117
v2-creat-013,creative,106,75,19,3.9474,2,1.35
v2-creat-014,creative,286,213,50,4.26,0,1.64
v2-creat-015,creative,268,193,45,4.2889,2,1.8222
v2-creat-016,creative,281,210,50,4.2,3,1.64
v2-creat-017,creative,250,190,42,4.5238,2,1.7857
v2-creat-018,creative,282,206,48,4.2917,2,1.6458
v2-creat-019,creative,289,206,52,3.9615,1,1.6923
v2-creat-020,creative,96,71,17,4.1765,0,1.6471
v2-creat-021,creative,778,564,127,4.4409,8,1.8492
v2-creat-022,creative,120,89,22,4.0455,0,1.6818
v2-creat-023,creative,743,528,127,4.1575,5,1.8189
v2-creat-024,creative,107,81,18,4.5,0,1.7222
v2-creat-025,creative,115,87,21,4.1429,0,1.5714
v2-creat-026,creative,114,84,22,3.8182,0,1.3636
v2-creat-027,creative,846,610,144,4.2361,10,1.7413
v2-creat-028,creative,275,200,47,4.2553,0,1.9149
v2-creat-029,creative,107,82,19,4.3158,0,1.9474
v2-creat-030,creative,281,204,55,3.7091,0,1.5636
v2-creat-031,creative,772,576,135,4.2667,4,1.7333
v2-creat-032,creative,109,84,20,4.2,0,1.7
v2-creat-033,creative,294,222,49,4.5306,0,1.898
v2-creat-034,creative,119,92,21,4.381,0,1.6667
v2-creat-035,creative,112,86,21,4.0952,0,1.5238
v2-creat-036,creative,287,207,51,4.0588,0,1.549
v2-creat-037,creative,286,213,50,4.26,5,1.62
v2-creat-038,creative,115,87,21,4.1429,0,1.8571
v2-creat-039,creative,139,111,26,4.2692,0,1.6923
v2-creat-040,creative,114,84,21,4.0,0,1.7619
v2-creat-041,creative,114,81,20,4.05,0,1.85
v2-creat-042,creative,897,653,145,4.5034,7,1.8966
v2-creat-043,creative,115,83,21,3.9524,0,1.7143
v2-creat-044,creative,873,623,149,4.1812,8,1.7584
v2-creat-045,creative,244,190,45,4.2222,1,1.5778
v2-creat-046,creative,580,416,103,4.0388,5,1.6117
v2-creat-047,creative,95,67,19,3.5263,0,1.6316
v2-creat-048,creative,276,200,52,3.8462,2,1.5769
v2-creat-049,creative,121,92,20,4.6,1,1.85
v2-creat-050,creative,116,87,22,3.9545,0,1.4545
v2-creat-051,creative,293,220,53,4.1509,1,1.6038
v2-creat-052,creative,263,192,47,4.0851,0,1.6383
v2-creat-053,creative,267,200,49,4.0816,1,1.6939
v2-creat-054,creative,262,193,46,4.1957,2,1.6957
v2-creat-055,creative,271,204,46,4.4348,2,1.8696
v2-creat-056,creative,115,86,23,3.7391,0,1.4348
v2-creat-057,creative,103,83,20,4.15,0,1.55
v2-creat-058,creative,685,481,117,4.1111,7,1.6838
v2-creat-059,creative,272,199,50,3.98,0,1.78
v2-creat-060,creative,272,206,49,4.2041,2,1.5306
v2-creat-061,creative,732,532,127,4.189,4,1.7717
v2-creat-062,creative,261,188,47,4.0,2,1.8085
v2-creat-063,creative,282,221,47,4.7021,0,1.9149
v2-creat-064,creative,846,609,139,4.3813,13,1.8235
v2-creat-065,creative,253,195,46,4.2391,1,1.6304
v2-creat-066,creative,92,68,19,3.5789,0,1.4737
v2-creat-067,creative,260,189,47,4.0213,1,1.6809
v2-creat-068,creative,120,95,21,4.5238,0,1.8095
v2-creat-069,creative,111,83,20,4.15,0,1.7
v2-creat-070,creative,147,108,26,4.1538,1,1.5769
v2-creat-071,creative,105,77,20,3.85,0,1.55
v2-creat-072,creative,110,88,20,4.4,1,1.7
v2-creat-073,creative,909,657,151,4.351,9,1.8095
v2-creat-074,creative,246,191,42,4.5476,0,1.6429
v2-creat-075,creative,304,235,53,4.434,0,1.7925
v2-creat-076,creative,115,85,24,3.5417,0,1.2917
v2-creat-077,creative,286,213,47,4.5319,1,1.8085
v2-creat-078,creative,875,639,152,4.2039,11,1.6928
v2-creat-079,creative,128,95,22,4.3182,0,1.7273
v2-creat-080,creative,710,526,125,4.208,5,1.696
v2-creat-081,creative,106,79,19,4.1579,0,1.5789
v2-creat-082,creative,108,84,19,4.4211,0,1.7368
v2-creat-083,creative,110,82,20,4.1,0,1.65
v2-creat-084,creative,746,543,122,4.4508,5,1.843
v2-creat-085,creative,94,66,19,3.4737,0,1.4737
v2-creat-086,creative,719,522,116,4.5,10,1.8609
v2-creat-087,creative,129,104,21,4.9524,0,1.9048
v2-creat-088,creative,130,101,23,4.3913,1,1.6957
v2-creat-089,creative,891,638,157,4.0637,8,1.8
v2-creat-090,creative,281,198,49,4.0408,2,1.7143
v2-creat-091,creative,218,165,41,4.0244,2,1.6098
v2-creat-092,creative,799,585,131,4.4656,8,1.8485
v2-creat-093,creative,262,194,45,4.3111,0,1.9111
v2-creat-094,creative,813,595,145,4.1034,9,1.6596
v2-creat-095,creative,119,93,21,4.4286,1,1.8571
v2-creat-096,creative,820,606,141,4.2979,8,1.7465
v2-creat-097,creative,243,181,46,3.9348,1,1.6304
v2-creat-098,creative,739,542,124,4.371,6,1.7742
v2-creat-099,creative,272,194,47,4.1277,0,1.766
v2-creat-100,creative,266,195,47,4.1489,0,1.5957
v2-creat-101,creative,265,199,47,4.234,1,1.7447
v2-creat-102,creative,119,88,24,3.6667,0,1.4167
v2-creat-103,creative,122,94,22,4.2727,1,1.7273
v2-creat-104,creative,277,213,50,4.26,0,1.74
v2-creat-105,creative,106,80,19,4.2105,0,1.5789
v2-creat-106,creative,266,204,45,4.5333,0,1.7778
v2-creat-107,creative,855,621,143,4.3427,6,1.8582
v2-creat-108,creative,113,80,20,4.0,1,1.45
v2-creat-109,creative,103,78,20,3.9,0,1.45
v2-creat-110,creative,103,76,18,4.2222,0,1.6111
v2-creat-111,creative,109,82,21,3.9048,0,1.4286
v2-creat-112,creative,111,83,21,3.9524,0,1.5238
v2-creat-113,creative,110,79,20,3.95,0,1.65
v2-creat-114,creative,279,211,47,4.4894,1,1.766
v2-creat-115,creative,805,609,137,4.4453,9,1.7883
v2-creat-116,creative,127,95,23,4.1304,0,1.6522
v2-creat-117,creative,108,81,21,3.8571,0,1.5714
v2-creat-118,creative,253,187,49,3.8163,1,1.551
v2-creat-119,creative,254,199,41,4.8537,1,1.9756
v2-creat-120,creative,695,509,115,4.4261,9,1.9043
v2-creat-121,creative,923,649,156,4.1603,6,1.7778
v2-creat-122,creative,740,529,127,4.1654,3,1.7302
v2-creat-123,creative,116,86,19,4.5263,0,1.7368
v2-creat-124,creative,240,185,41,4.5122,0,1.6585
v2-creat-125,creative,792,572,134,4.2687,8,1.7537
v2-creat-126,creative,96,70,20,3.5,0,1.45
v2-creat-127,creative,139,110,24,4.5833,1,1.8333
v2-creat-128,creative,144,102,25,4.08,0,1.64
v2-creat-129,creative,293,218,51,4.2745,1,1.8627
v2-creat-130,creative,268,202,41,4.9268,2,1.9268
v2-creat-131,creative,111,78,22,3.5455,0,1.4545
v2-creat-132,creative,110,76,20,3.8,0,1.7
v2-creat-133,creative,242,172,42,4.0952,2,1.6905
v2-creat-134,creative,247,172,43,4.0,2,1.6512
v2-creat-135,creative,927,664,162,4.0988,9,1.7771
v2-creat-136,creative,273,203,48,4.2292,3,1.75
v2-creat-137,creative,281,195,50,3.9,0,1.7
v2-creat-138,creative,682,495,121,4.0909,6,1.6198
v2-creat-139,creative,276,201,50,4.02,0,1.66
v2-creat-140,creative,703,515,113,4.5575,11,1.8509
v2-creat-141,creative,262,204,46,4.4348,0,1.7391
v2-creat-142,creative,807,603,141,4.2766,7,1.7801
v2-creat-143,creative,899,646,149,4.3356,10,1.8649
v2-creat-144,creative,258,193,46,4.1957,1,1.5435
v2-creat-145,creative,686,488,122,4.0,5,1.7311
v2-creat-146,creative,274,209,47,4.4468,1,1.8085
v2-creat-147,creative,268,198,48,4.125,3,1.7292
v2-creat-148,creative,677,500,113,4.4248,5,1.7522
v2-creat-149,creative,256,197,45,4.3778,1,1.6889
v2-creat-150,creative,276,203,45,4.5111,3,1.7556
probe-inst-001,instruction,105,74,17,4.3529,0,1.8824
probe-inst-002,instruction,104,75,17,4.4118,2,1.8235
probe-inst-003,instruction,106,76,18,4.2222,0,1.5556
probe-inst-004,instruction,176,141,28,5.0357,2,1.9286
probe-inst-005,instruction,96,74,18,4.1111,0,1.5556
probe-inst-006,instruction,100,74,18,4.1111,0,1.6667
probe-inst-007,instruction,100,76,15,5.0667,1,1.8667
probe-inst-008,instruction,109,74,21,3.5238,0,1.381
probe-inst-009,instruction,69,52,13,4.0,0,1.7692
probe-inst-010,instruction,101,84,17,4.9412,0,1.5294
probe-inst-011,instruction,100,76,17,4.4706,1,1.6471
probe-inst-012,instruction,141,99,21,4.7143,1,1.8571
probe-inst-013,instruction,94,70,18,3.8889,0,1.5
probe-inst-014,instruction,100,80,16,5.0,1,1.8125
probe-inst-015,instruction,105,77,16,4.8125,2,1.875
probe-inst-016,instruction,282,222,44,5.0455,2,1.8636
probe-inst-017,instruction,248,190,41,4.6341,1,1.8537
probe-inst-018,instruction,249,189,38,4.9737,2,2.0789
probe-inst-019,instruction,325,228,53,4.3019,2,1.7708
probe-inst-020,instruction,243,175,41,4.2683,0,1.6829
probe-inst-021,instruction,223,167,39,4.2821,1,1.6667
probe-inst-022,instruction,373,262,66,3.9697,2,1.6515
probe-inst-023,instruction,284,217,47,4.617,5,1.8372
probe-inst-024,instruction,252,189,43,4.3953,1,1.8372
probe-inst-025,instruction,237,174,40,4.35,0,1.725
probe-inst-026,instruction,296,218,50,4.36,1,1.6531
probe-inst-027,instruction,842,629,133,4.7293,14,1.918
probe-inst-028,instruction,891,648,147,4.4082,12,1.726
probe-inst-029,instruction,742,561,118,4.7542,5,1.8462
probe-inst-030,instruction,702,518,115,4.5043,11,1.9358
probe-qa-031,qa,140,110,23,4.7826,0,1.8095
probe-qa-032,qa,144,109,25,4.36,2,2.1364
probe-qa-033,qa,164,125,31,4.0323,0,1.6786
probe-qa-034,qa,224,160,38,4.2105,4,1.8824
probe-qa-035,qa,116,91,21,4.3333,0,1.5789
probe-qa-036,qa,208,153,33,4.6364,3,2.0333
probe-qa-037,qa,138,100,26,3.8462,0,1.6
probe-qa-038,qa,508,363,87,4.1724,3,1.9012
probe-qa-039,qa,423,294,75,3.92,4,1.7879
probe-qa-040,qa,329,247,58,4.2586,5,1.8148
probe-qa-041,qa,490,358,83,4.3133,6,1.5732
probe-qa-042,qa,413,299,71,4.2113,4,1.8923
probe-qa-043,qa,372,277,64,4.3281,4,2.0159
probe-qa-044,qa,397,274,70,3.9143,3,1.6567
probe-qa-045,qa,355,260,64,4.0625,5,1.6333
probe-qa-046,qa,453,350,78,4.4872,4,1.8649
probe-qa-047,qa,407,297,74,4.0135,5,1.7206
probe-qa-048,qa,1203,824,200,4.12,4,1.7835
probe-qa-049,qa,1152,816,190,4.2947,4,1.7838
probe-qa-050,qa,1154,805,196,4.1071,4,1.8245
probe-qa-051,qa,865,651,145,4.4897,6,1.741
probe-qa-052,qa,887,668,145,4.6069,10,1.8849
probe-qa-053,qa,1038,736,190,3.8737,3,1.7011
probe-qa-054,qa,1009,759,167,4.5449,15,1.9467
probe-qa-055,qa,1032,749,174,4.3046,5,1.8012
probe-qa-056,qa,1095,769,192,4.0052,9,1.7443
probe-qa-057,qa,1131,818,193,4.2383,5,1.7672
probe-qa-058,qa,1124,828,182,4.5495,9,1.8012
probe-qa-059,qa,940,682,158,4.3165,12,1.8176
probe-summ-060,summarisation,208,142,34,4.1765,2,1.9688
probe-summ-061,summarisation,243,180,41,4.3902,2,1.9024
probe-summ-062,summarisation,235,160,38,4.2105,2,1.7632
probe-summ-063,summarisation,264,185,46,4.0217,3,1.6957
probe-summ-064,summarisation,294,200,48,4.1667,2,1.8125
probe-summ-065,summarisation,215,161,34,4.7353,2,2.1875
probe-summ-066,summarisation,236,166,42,3.9524,3,1.6667
probe-summ-067,summarisation,656,457,106,4.3113,4,1.7925
probe-summ-068,summarisation,626,432,104,4.1538,3,1.84
probe-summ-069,summarisation,585,418,107,3.9065,2,1.7238
probe-summ-070,summarisation,683,472,110,4.2909,4,1.8241
probe-summ-071,summarisation,548,382,94,4.0638,2,1.7912
probe-summ-072,summarisation,590,406,98,4.1429,2,1.8144
probe-summ-073,summarisation,583,416,94,4.4255,3,1.9783
probe-summ-074,summarisation,641,451,103,4.3786,3,1.7573
probe-summ-075,summarisation,584,419,94,4.4574,8,1.7895
probe-summ-076,summarisation,650,467,110,4.2455,4,1.7778
probe-summ-077,summarisation,597,418,99,4.2222,5,1.7245
probe-summ-078,summarisation,591,441,97,4.5464,6,1.7732
probe-summ-079,summarisation,663,475,109,4.3578,4,1.8624
probe-summ-080,summarisation,661,458,115,3.9826,6,1.6786
probe-summ-081,summarisation,833,599,134,4.4701,5,1.8507
probe-summ-082,summarisation,799,541,133,4.0677,2,1.6692
probe-summ-083,summarisation,717,518,124,4.1774,3,1.6557
probe-summ-084,summarisation,802,578,133,4.3459,2,1.855
probe-summ-085,summarisation,793,546,132,4.1364,2,1.7955
probe-summ-086,summarisation,701,517,119,4.3445,3,1.6897
probe-summ-087,summarisation,778,550,122,4.5082,2,1.9083
probe-summ-088,summarisation,822,587,132,4.447,3,1.7652
probe-summ-089,summarisation,736,507,124,4.0887,3,1.7984
probe-qa-090,qa,70,56,13,4.3077,0,1.5
probe-qa-091,qa,49,38,8,4.75,2,2.1667
probe-qa-092,qa,50,42,10,4.2,0,1.5556
probe-qa-093,qa,83,68,14,4.8571,0,1.8333
probe-qa-094,qa,64,45,11,4.0909,2,1.5455
probe-qa-095,qa,77,57,16,3.5625,0,1.5714
probe-qa-096,qa,64,50,13,3.8462,0,1.8333
probe-qa-097,qa,79,60,13,4.6154,0,2.0
probe-summ-098,summarisation,89,64,14,4.5714,2,2.0714
probe-summ-099,summarisation,90,63,16,3.9375,2,1.8125
probe-summ-100,summarisation,95,71,15,4.7333,2,1.6
probe-summ-101,summarisation,97,69,17,4.0588,2,1.8235
probe-summ-102,summarisation,93,66,15,4.4,2,1.9333
probe-summ-103,summarisation,89,62,15,4.1333,2,1.6667
probe-summ-104,summarisation,106,78,17,4.5882,2,1.8235
probe-summ-105,summarisation,92,64,16,4.0,2,1.5333
probe-inst-106,instruction,42,33,8,4.125,0,1.5
probe-inst-107,instruction,65,48,11,4.3636,2,1.6364
probe-inst-108,instruction,57,49,11,4.4545,0,1.4545
probe-inst-109,instruction,60,46,11,4.1818,1,1.2727
probe-inst-110,instruction,56,42,9,4.6667,0,1.8889
probe-inst-111,instruction,66,45,9,5.0,2,2.1111
probe-inst-112,instruction,42,32,7,4.5714,0,1.5714
probe-inst-113,instruction,51,37,10,3.7,0,1.5
probe-inst-114,instruction,65,50,10,5.0,1,1.8
probe-inst-115,instruction,53,36,9,4.0,0,1.8889
probe-inst-116,instruction,49,41,8,5.125,0,1.875
probe-inst-117,instruction,54,38,10,3.8,0,1.7
probe-inst-118,instruction,52,38,9,4.2222,0,2.0
probe-inst-119,instruction,50,37,9,4.1111,2,1.3333
probe-inst-120,instruction,35,30,6,5.0,0,1.3333
probe-inst-121,instruction,44,34,8,4.25,0,1.625
probe-inst-122,instruction,47,33,8,4.125,1,1.875
probe-inst-123,instruction,52,45,8,5.625,0,2.125
probe-inst-124,instruction,55,43,8,5.375,0,1.75
probe-inst-125,instruction,46,33,9,3.6667,0,1.6667
probe-inst-126,instruction,75,57,11,5.1818,1,1.7273
probe-inst-127,instruction,45,36,8,4.5,0,1.875
probe-inst-128,instruction,49,37,8,4.625,0,1.625
probe-inst-129,instruction,56,39,9,4.3333,2,1.7778
probe-inst-130,instruction,44,35,8,4.375,0,1.875
probe-inst-131,instruction,51,39,10,3.9,0,1.4
probe-inst-132,instruction,52,37,8,4.625,0,2.0
probe-inst-133,instruction,58,39,12,3.25,0,1.1667
probe-inst-134,instruction,40,28,6,4.6667,0,2.0
probe-inst-135,instruction,51,38,10,3.8,0,1.6
probe-inst-136,instruction,43,31,7,4.4286,0,2.0
probe-inst-137,instruction,69,49,11,4.4545,2,1.5455
probe-inst-138,instruction,42,30,8,3.75,0,1.625
probe-inst-139,instruction,37,31,6,5.1667,0,1.3333
probe-inst-140,instruction,45,34,9,3.7778,0,1.6667
probe-inst-141,instruction,60,40,10,4.0,1,1.7
probe-inst-142,instruction,47,42,8,5.25,0,1.875
probe-inst-143,instruction,45,34,7,4.8571,0,1.7143
probe-inst-144,instruction,45,36,7,5.1429,0,1.8571
probe-inst-145,instruction,37,28,7,4.0,0,1.7143
probe-inst-146,instruction,51,34,9,3.7778,2,1.7778
probe-inst-147,instruction,38,33,7,4.7143,0,1.5714
probe-inst-148,instruction,45,32,8,4.0,0,1.375
probe-inst-149,instruction,55,38,10,3.8,0,1.6
probe-inst-150,instruction,46,37,8,4.625,0,1.5
probe-inst-151,instruction,46,34,9,3.7778,0,1.4444
probe-inst-152,instruction,38,29,7,4.1429,0,1.7143
probe-inst-153,instruction,53,40,9,4.4444,0,1.4444
probe-inst-154,instruction,60,40,10,4.0,2,1.7
probe-inst-155,instruction,58,41,11,3.7273,0,1.4545
probe-inst-156,instruction,44,34,7,4.8571,0,2.1429
probe-inst-157,instruction,48,42,9,4.6667,0,1.5556
probe-inst-158,instruction,52,38,9,4.2222,1,1.3333
probe-inst-159,instruction,42,35,8,4.375,0,1.625
probe-inst-160,instruction,37,30,7,4.2857,0,1.4286
probe-inst-161,instruction,49,39,9,4.3333,0,1.6667
probe-inst-162,instruction,45,33,8,4.125,1,1.375
probe-inst-163,instruction,49,35,9,3.8889,0,1.7778
probe-inst-164,instruction,54,38,9,4.2222,2,1.7778
probe-inst-165,instruction,46,36,8,4.5,0,1.625
probe-inst-166,instruction,43,34,7,4.8571,0,1.5714
probe-inst-167,instruction,48,37,10,3.7,0,1.6
probe-inst-168,instruction,58,43,9,4.7778,0,1.7778
probe-inst-169,instruction,44,35,7,5.0,0,2.1429
probe-inst-170,instruction,49,43,8,5.375,0,1.625
probe-inst-171,instruction,45,39,8,4.875,0,1.5
probe-inst-172,instruction,55,40,10,4.0,1,1.5
probe-inst-173,instruction,54,36,9,4.0,0,2.1111
probe-inst-174,instruction,43,33,7,4.7143,0,1.5714
probe-inst-175,instruction,44,34,7,4.8571,0,1.8571
probe-inst-176,instruction,52,42,9,4.6667,0,1.7778
probe-inst-177,instruction,40,31,8,3.875,0,1.625
probe-inst-178,instruction,65,43,9,4.7778,1,2.1111
probe-inst-179,instruction,51,38,10,3.8,0,1.5
probe-inst-180,instruction,40,29,6,4.8333,0,2.0
probe-inst-181,instruction,170,125,27,4.6296,0,1.8148
probe-inst-182,instruction,136,101,25,4.04,0,1.68
probe-inst-183,instruction,163,115,24,4.7917,1,2.0833
probe-inst-184,instruction,162,119,29,4.1034,0,1.5517
probe-inst-185,instruction,160,110,25,4.4,1,1.72
probe-inst-186,instruction,145,112,25,4.48,0,1.6
probe-inst-187,instruction,182,137,30,4.5667,0,1.7667
probe-inst-188,instruction,152,116,27,4.2963,0,1.5185
probe-inst-189,instruction,123,92,23,4.0,0,1.5217
probe-inst-190,instruction,157,122,26,4.6923,0,1.5
probe-inst-191,instruction,147,106,25,4.24,0,1.8
probe-inst-192,instruction,146,113,26,4.3462,2,1.7308
probe-inst-193,instruction,173,132,28,4.7143,1,1.9286
probe-inst-194,instruction,123,88,22,4.0,1,1.5909
probe-inst-195,instruction,140,102,26,3.9231,0,1.4615
probe-inst-196,instruction,157,122,26,4.6923,0,1.8077
probe-inst-197,instruction,174,131,31,4.2258,3,1.5806
probe-inst-198,instruction,152,107,22,4.8636,0,1.9545
probe-inst-199,instruction,126,100,23,4.3478,0,1.7826
probe-inst-200,instruction,163,115,27,4.2593,0,1.9259
probe-inst-201,instruction,178,133,29,4.5862,0,1.8276
probe-inst-202,instruction,155,121,27,4.4815,0,1.6296
probe-inst-203,instruction,143,112,23,4.8696,1,1.6087
probe-inst-204,instruction,128,95,22,4.3182,0,1.7273
probe-inst-205,instruction,123,96,21,4.5714,1,1.619
probe-inst-206,instruction,197,144,34,4.2353,1,1.7059
probe-inst-207,instruction,127,105,23,4.5652,0,1.7619
probe-inst-208,instruction,133,98,23,4.2609,0,1.8696
probe-inst-209,instruction,152,117,26,4.5,1,1.6154
probe-inst-210,instruction,152,108,26,4.1538,0,1.6154
probe-inst-211,instruction,182,143,31,4.6129,0,1.7097
probe-inst-212,instruction,165,123,26,4.7308,0,1.7308
probe-inst-213,instruction,152,112,27,4.1481,0,1.6667
probe-inst-214,instruction,144,104,24,4.3333,1,1.7083
probe-inst-215,instruction,147,102,27,3.7778,0,1.4444
probe-inst-216,instruction,144,107,24,4.4583,0,1.7083
probe-inst-217,instruction,165,120,31,3.871,2,1.5556
probe-inst-218,instruction,138,108,24,4.5,0,1.5
probe-inst-219,instruction,159,121,27,4.4815,0,1.7778
probe-inst-220,instruction,108,83,21,3.9524,0,1.5238
probe-inst-221,instruction,142,112,25,4.48,0,1.68
probe-inst-222,instruction,143,104,24,4.3333,1,1.6667
probe-inst-223,instruction,158,112,28,4.0,1,1.6071
probe-inst-224,instruction,145,105,23,4.5652,0,2.0435
probe-inst-225,instruction,167,125,29,4.3103,0,1.7586
probe-inst-226,instruction,142,104,25,4.16,0,1.72
probe-inst-227,instruction,133,99,25,3.96,0,1.6
probe-inst-228,instruction,131,98,25,3.92,0,1.4
probe-inst-229,instruction,136,98,23,4.2609,0,1.9565
probe-inst-230,instruction,195,137,34,4.0294,1,1.5588
probe-inst-231,instruction,142,107,25,4.28,1,1.56
probe-inst-232,instruction,129,103,22,4.6818,2,1.7273
probe-inst-233,instruction,562,426,92,4.6304,3,1.8295
probe-inst-234,instruction,588,430,95,4.5263,6,1.8105
probe-inst-235,instruction,644,472,107,4.4112,3,1.7383
probe-inst-236,instruction,637,474,106,4.4717,4,1.7619
probe-inst-237,instruction,759,558,125,4.464,10,1.7769
probe-inst-238,instruction,673,484,103,4.699,4,1.8544
probe-inst-239,instruction,698,499,121,4.124,11,1.6786
probe-inst-240,instruction,757,553,126,4.3889,9,1.719
probe-inst-241,instruction,782,551,130,4.2385,2,1.8385
probe-inst-242,instruction,705,514,117,4.3932,7,1.7586
probe-inst-243,instruction,750,568,124,4.5806,11,1.8293
probe-inst-244,instruction,722,548,125,4.384,3,1.864
probe-qa-245,qa,93,73,17,4.2941,0,1.7333
probe-qa-246,qa,95,68,16,4.25,2,1.875
probe-qa-247,qa,72,55,13,4.2308,0,1.75
probe-qa-248,qa,90,72,16,4.5,0,1.9286
probe-qa-249,qa,74,50,15,3.3333,2,1.5385
probe-qa-250,qa,59,49,11,4.4545,0,1.9
probe-qa-251,qa,82,66,16,4.125,0,1.6429
probe-qa-252,qa,85,64,14,4.5714,3,2.0
probe-qa-253,qa,71,54,14,3.8571,0,1.6923
probe-qa-254,qa,68,54,14,3.8571,0,1.6923
probe-qa-255,qa,97,76,16,4.75,3,1.8462
probe-qa-256,qa,81,63,15,4.2,0,1.6154
probe-qa-257,qa,106,81,20,4.05,0,1.8421
probe-qa-258,qa,82,61,15,4.0667,2,1.4667
probe-qa-259,qa,85,66,16,4.125,0,1.5385
probe-qa-260,qa,86,70,17,4.1176,2,1.7143
probe-qa-261,qa,72,48,13,3.6923,2,1.6364
probe-qa-262,qa,88,66,16,4.125,0,1.5714
probe-qa-263,qa,73,55,14,3.9286,1,1.4167
probe-qa-264,qa,80,67,15,4.4667,2,1.7143
probe-qa-265,qa,242,179,42,4.2619,4,1.9474
probe-qa-266,qa,303,227,51,4.451,3,1.913
probe-qa-267,qa,258,192,42,4.5714,3,1.8462
probe-qa-268,qa,248,167,40,4.175,3,1.8378
probe-qa-269,qa,184,141,30,4.7,3,2.0714
probe-qa-270,qa,209,157,38,4.1316,3,1.6765
probe-qa-271,qa,240,180,40,4.5,4,1.8158
probe-qa-272,qa,234,159,39,4.0769,6,1.7143
probe-qa-273,qa,204,152,36,4.2222,3,1.7941
probe-qa-274,qa,227,173,40,4.325,2,1.7778
probe-qa-275,qa,204,164,35,4.6857,3,1.7188
probe-qa-276,qa,195,153,35,4.3714,3,1.625
probe-qa-277,qa,170,117,31,3.7742,3,1.5556
probe-qa-278,qa,183,137,37,3.7027,3,1.3529
probe-qa-279,qa,203,143,35,4.0857,3,1.7941
probe-qa-280,qa,208,151,37,4.0811,3,1.75
probe-qa-281,qa,188,143,32,4.4688,4,2.0
probe-qa-282,qa,208,155,38,4.0789,2,1.8529
probe-qa-283,qa,160,113,27,4.1852,4,2.12
probe-qa-284,qa,207,146,35,4.1714,2,1.6176
probe-qa-285,qa,213,163,37,4.4054,3,1.7143
probe-qa-286,qa,173,129,31,4.1613,2,1.6071
probe-qa-287,qa,181,139,33,4.2121,3,1.4516
probe-qa-288,qa,207,154,39,3.9487,3,1.6389
probe-qa-289,qa,211,156,38,4.1053,4,1.6364
probe-qa-290,qa,178,142,34,4.1765,2,1.6667
probe-qa-291,qa,240,184,42,4.381,3,1.7179
probe-qa-292,qa,244,171,42,4.0714,3,1.6316
probe-qa-293,qa,209,155,36,4.3056,6,1.7812
probe-qa-294,qa,198,149,37,4.027,3,1.697
probe-qa-295,qa,260,190,43,4.4186,3,1.8293
probe-qa-296,qa,252,192,44,4.3636,4,1.75
probe-qa-297,qa,189,134,30,4.4667,2,1.7407
probe-qa-298,qa,194,153,35,4.3714,2,1.8125
probe-qa-299,qa,194,147,35,4.2,3,1.7059
probe-qa-300,qa,258,185,45,4.1111,3,1.7317
probe-qa-301,qa,303,234,52,4.5,12,1.8182
probe-qa-302,qa,218,165,39,4.2308,4,1.7632
probe-qa-303,qa,264,189,47,4.0213,4,1.5333
probe-qa-304,qa,205,141,37,3.8108,4,1.6875
probe-qa-305,qa,952,694,158,4.3924,5,1.7763
probe-qa-306,qa,773,570,131,4.3511,3,1.8
probe-qa-307,qa,875,620,150,4.1333,3,1.8699
probe-qa-308,qa,856,615,145,4.2414,8,1.7122
probe-qa-309,qa,911,666,165,4.0364,5,1.7603
probe-qa-310,qa,773,565,128,4.4141,14,1.7966
probe-qa-311,qa,904,694,159,4.3648,7,1.7806
probe-qa-312,qa,997,699,161,4.3416,4,1.8323
probe-qa-313,qa,780,577,137,4.2117,9,1.782
probe-qa-314,qa,765,569,127,4.4803,10,1.775
probe-qa-315,qa,1058,768,175,4.3886,12,1.8187
probe-qa-316,qa,1018,735,165,4.4545,10,1.8896
probe-qa-317,qa,797,584,134,4.3582,6,1.7778
probe-qa-318,qa,866,628,149,4.2148,11,1.8085
probe-qa-319,qa,1048,780,173,4.5087,7,1.8012
probe-qa-320,qa,916,664,155,4.2839,8,1.8027
probe-qa-321,qa,928,672,154,4.3636,14,1.8462
probe-qa-322,qa,887,642,149,4.3087,7,1.8621
probe-qa-323,qa,906,650,152,4.2763,8,1.7466
probe-qa-324,qa,823,600,142,4.2254,12,1.8333
probe-qa-325,qa,958,703,168,4.1845,6,1.7
probe-qa-326,qa,727,552,124,4.4516,6,1.7227
probe-qa-327,qa,726,516,124,4.1613,9,1.7826
probe-qa-328,qa,847,610,147,4.1497,6,1.7721
probe-qa-329,qa,867,629,147,4.2789,8,1.8043
probe-qa-330,qa,802,583,132,4.4167,8,1.7323
probe-qa-331,qa,980,717,174,4.1207,8,1.6036
probe-qa-332,qa,798,584,134,4.3582,9,1.7846
probe-qa-333,qa,1026,737,166,4.4398,10,1.8599
probe-qa-334,qa,1082,778,177,4.3955,9,1.8647
probe-qa-335,qa,999,731,169,4.3254,7,1.8272
probe-qa-336,qa,853,624,135,4.6222,6,1.8615
probe-qa-337,qa,856,626,143,4.3776,6,1.7176
probe-qa-338,qa,851,621,142,4.3732,9,1.7794
probe-qa-339,qa,1018,751,169,4.4438,8,1.7791
probe-summ-340,summarisation,119,82,19,4.3158,2,1.7368
probe-summ-341,summarisation,117,86,20,4.3,2,1.6
probe-summ-342,summarisation,110,74,19,3.8947,2,1.7368
probe-summ-343,summarisation,98,74,19,3.8947,2,1.4211
probe-summ-344,summarisation,111,82,18,4.5556,2,1.8889
probe-summ-345,summarisation,123,81,20,4.05,2,1.95
probe-summ-346,summarisation,110,75,18,4.1667,2,1.8235
probe-summ-347,summarisation,130,89,21,4.2381,2,1.9048
probe-summ-348,summarisation,110,75,19,3.9474,2,1.5789
probe-summ-349,summarisation,111,80,18,4.4444,2,1.7222
probe-summ-350,summarisation,123,83,21,3.9524,2,1.6667
probe-summ-351,summarisation,93,70,18,3.8889,2,1.6471
probe-summ-352,summarisation,134,90,21,4.2857,2,1.7619
probe-summ-353,summarisation,104,75,19,3.9474,2,1.4737
probe-summ-354,summarisation,113,79,17,4.6471,2,2.1765
probe-summ-355,summarisation,116,87,20,4.35,2,1.7895
probe-summ-356,summarisation,109,75,18,4.1667,2,1.7778
probe-summ-357,summarisation,103,76,17,4.4706,2,1.7647
probe-summ-358,summarisation,112,87,20,4.35,2,1.5
probe-summ-359,summarisation,96,72,16,4.5,2,1.75
probe-summ-360,summarisation,358,237,56,4.2321,2,1.8214
probe-summ-361,summarisation,327,245,52,4.7115,3,1.8846
probe-summ-362,summarisation,332,251,55,4.5636,2,1.8113
probe-summ-363,summarisation,399,273,60,4.55,3,1.9333
probe-summ-364,summarisation,336,235,53,4.434,2,1.8077
probe-summ-365,summarisation,393,280,67,4.1791,4,1.7385
probe-summ-366,summarisation,376,267,63,4.2381,3,1.7049
probe-summ-367,summarisation,356,243,61,3.9836,2,1.661
probe-summ-368,summarisation,329,233,54,4.3148,5,1.9038
probe-summ-369,summarisation,375,268,62,4.3226,2,1.8333
probe-summ-370,summarisation,406,283,67,4.2239,3,1.791
probe-summ-371,summarisation,422,309,68,4.5441,5,1.8788
probe-summ-372,summarisation,412,282,71,3.9718,2,1.7571
probe-summ-373,summarisation,352,246,56,4.3929,2,1.8214
probe-summ-374,summarisation,360,243,58,4.1897,2,1.807
probe-summ-375,summarisation,357,265,62,4.2742,3,1.629
probe-summ-376,summarisation,356,248,56,4.4286,2,1.9444
probe-summ-377,summarisation,427,313,71,4.4085,5,1.8286
probe-summ-378,summarisation,406,289,67,4.3134,4,1.9104
probe-summ-379,summarisation,356,250,56,4.4643,2,1.7857
probe-summ-380,summarisation,392,280,63,4.4444,3,1.7937
probe-summ-381,summarisation,395,276,64,4.3125,5,1.8413
probe-summ-382,summarisation,394,285,65,4.3846,3,1.875
probe-summ-383,summarisation,278,206,47,4.383,5,1.8511
probe-summ-384,summarisation,388,271,60,4.5167,4,1.8983
probe-summ-385,summarisation,350,260,58,4.4828,2,1.9636
probe-summ-386,summarisation,428,304,73,4.1644,5,1.7671
probe-summ-387,summarisation,317,231,52,4.4423,3,1.902
probe-summ-388,summarisation,426,301,64,4.7031,5,2.0781
probe-summ-389,summarisation,363,264,56,4.7143,5,1.9273
probe-summ-390,summarisation,387,264,63,4.1905,4,1.7903
probe-summ-391,summarisation,348,259,57,4.5439,3,1.807
probe-summ-392,summarisation,374,274,59,4.6441,2,1.7759
probe-summ-393,summarisation,397,275,66,4.1667,3,1.7031
probe-summ-394,summarisation,354,263,58,4.5345,3,1.8621
probe-summ-395,summarisation,366,255,62,4.1129,2,1.7833
probe-summ-396,summarisation,401,285,67,4.2537,6,1.7727
probe-summ-397,summarisation,366,258,60,4.3,2,1.8136
probe-summ-398,summarisation,390,282,67,4.209,6,1.7463
probe-summ-399,summarisation,376,265,61,4.3443,3,1.85
probe-summ-400,summarisation,384,279,64,4.3594,4,1.7541
probe-summ-401,summarisation,369,267,61,4.377,5,1.8814
probe-summ-402,summarisation,328,232,61,3.8033,3,1.6721
probe-summ-403,summarisation,831,598,140,4.2714,4,1.708
probe-summ-404,summarisation,779,566,134,4.2239,5,1.7634
probe-summ-405,summarisation,761,531,124,4.2823,3,1.9016
probe-summ-406,summarisation,867,640,147,4.3537,4,1.7447
probe-summ-407,summarisation,731,528,118,4.4746,11,1.9145
probe-summ-408,summarisation,816,572,134,4.2687,5,1.7984
probe-summ-409,summarisation,829,592,143,4.1399,7,1.766
probe-summ-410,summarisation,926,642,153,4.1961,7,1.7651
probe-summ-411,summarisation,866,608,139,4.3741,4,1.8971
probe-summ-412,summarisation,674,482,113,4.2655,5,1.7699
probe-summ-413,summarisation,810,577,136,4.2426,8,1.6992
probe-summ-414,summarisation,869,644,148,4.3514,9,1.7448
probe-summ-415,summarisation,872,614,144,4.2639,7,1.8978
probe-summ-416,summarisation,888,632,147,4.2993,7,1.8611
probe-summ-417,summarisation,683,501,110,4.5545,6,1.8624
probe-summ-418,summarisation,906,644,154,4.1818,8,1.7241
probe-summ-419,summarisation,550,390,92,4.2391,4,1.7416
probe-summ-420,summarisation,776,548,121,4.5289,3,1.95
probe-summ-421,summarisation,868,616,140,4.4,7,1.9104
probe-summ-422,summarisation,765,552,125,4.416,5,1.9752
probe-summ-423,summarisation,672,487,116,4.1983,6,1.7611
probe-summ-424,summarisation,677,481,113,4.2566,6,1.7909
probe-summ-425,summarisation,880,619,145,4.269,5,1.8042
probe-summ-426,summarisation,868,599,143,4.1888,4,1.8433
probe-summ-427,summarisation,290,207,45,4.6,2,1.8889
probe-summ-428,summarisation,273,199,48,4.1458,3,1.625
probe-summ-429,summarisation,315,224,50,4.48,3,1.7551
probe-summ-430,summarisation,312,227,50,4.54,2,1.9
probe-summ-431,summarisation,326,231,50,4.62,2,1.88
probe-summ-432,summarisation,307,211,49,4.3061,2,1.9167
probe-summ-433,summarisation,347,248,60,4.1333,3,1.7
probe-summ-434,summarisation,312,225,51,4.4118,3,1.7843
probe-summ-435,summarisation,273,203,48,4.2292,2,1.6667
probe-summ-436,summarisation,304,211,51,4.1373,3,1.902
probe-summ-437,summarisation,344,237,54,4.3889,3,1.8302
probe-summ-438,summarisation,348,242,56,4.3214,6,1.9286
probe-summ-439,summarisation,334,244,57,4.2807,3,1.9298
probe-summ-440,summarisation,338,244,56,4.3571,5,1.6909
probe-summ-441,summarisation,338,247,58,4.2586,3,1.7368
probe-summ-442,summarisation,370,262,56,4.6786,6,1.9464
probe-summ-443,summarisation,316,214,52,4.1154,3,1.8
probe-summ-444,summarisation,364,256,61,4.1967,3,1.8689
probe-summ-445,summarisation,326,232,52,4.4615,3,1.9
probe-summ-446,summarisation,356,255,57,4.4737,2,1.8421
probe-summ-447,summarisation,331,242,53,4.566,3,1.717
probe-summ-448,summarisation,315,223,52,4.2885,2,1.88
probe-summ-449,summarisation,362,265,62,4.2742,6,1.7258
probe-summ-450,summarisation,342,256,58,4.4138,3,1.6667
probe-summ-451,summarisation,285,197,47,4.1915,2,1.6304
probe-qa-452,qa,944,678,154,4.4026,9,1.8725
probe-qa-453,qa,1016,738,165,4.4727,12,1.8375
probe-qa-454,qa,976,729,161,4.528,9,1.7125
probe-qa-455,qa,966,697,156,4.4679,9,1.7972
probe-qa-456,qa,931,679,147,4.619,17,2.0526
