method,target_rate,feature,rho,p,n
llmlingua2,0.3,token_count,0.332,4.578147189090473e-22,800
llmlingua2,0.3,structural_complexity,0.105,0.002942567376665479,800
llmlingua2,0.3,fragmentation_ratio,-0.02,0.5790729842646555,800
llmlingua2,0.3,morphological_density,0.076,0.031732340735286066,800
llmlingua2,0.5,token_count,0.279,8.790202367037969e-16,800
llmlingua2,0.5,structural_complexity,0.19,5.741505549825209e-08,800
llmlingua2,0.5,fragmentation_ratio,-0.117,0.0009309590661241298,800
llmlingua2,0.5,morphological_density,0.008,0.8317776569469526,800
llmlingua2,0.7,token_count,0.22,2.95965480829914e-10,800
llmlingua2,0.7,structural_complexity,0.298,6.597532980668132e-18,800
llmlingua2,0.7,fragmentation_ratio,-0.137,0.00010704725129109737,800
llmlingua2,0.7,morphological_density,-0.021,0.5581643315245566,800
llmlingua_qwen,0.3,token_count,-0.695,1.540000097756471e-116,800
llmlingua_qwen,0.3,structural_complexity,-0.283,3.4327565418606596e-16,800
llmlingua_qwen,0.3,fragmentation_ratio,-0.131,0.00021181839902775041,800
llmlingua_qwen,0.3,morphological_density,-0.235,1.662027961290168e-11,800
llmlingua_qwen,0.5,token_count,-0.67,3.7152445927857356e-105,800
llmlingua_qwen,0.5,structural_complexity,-0.286,1.490328672680443e-16,800
llmlingua_qwen,0.5,fragmentation_ratio,-0.122,0.0005190549093434835,800
llmlingua_qwen,0.5,morphological_density,-0.212,1.505340402201975e-09,800
llmlingua_qwen,0.7,token_count,-0.621,1.2979027587008403e-86,800
llmlingua_qwen,0.7,structural_complexity,-0.247,1.3203152408588786e-12,800
llmlingua_qwen,0.7,fragmentation_ratio,-0.159,5.824610177785933e-06,800
llmlingua_qwen,0.7,morphological_density,-0.224,1.6129575316900442e-10,800
random_deletion,0.3,token_count,0.414,1.5492306554942271e-34,800
random_deletion,0.3,structural_complexity,0.155,1.0800682105327114e-05,800
random_deletion,0.3,fragmentation_ratio,0.075,0.0349371216195099,800
random_deletion,0.3,morphological_density,0.161,4.501004089738251e-06,800
random_deletion,0.5,token_count,0.251,5.858083588515628e-13,800
random_deletion,0.5,structural_complexity,0.2,1.1237566739904808e-08,800
random_deletion,0.5,fragmentation_ratio,0.006,0.8599212337998311,800
random_deletion,0.5,morphological_density,0.035,0.32297571258839647,800
random_deletion,0.7,token_count,0.172,9.999169545637606e-07,800
random_deletion,0.7,structural_complexity,0.203,6.9654168862929336e-09,800
random_deletion,0.7,fragmentation_ratio,-0.035,0.3191804410575458,800
random_deletion,0.7,morphological_density,0.032,0.37201780776968674,800
