method,target_rate,feature,outcome,rho,p
llmlingua2,0.3,character_length,out_f1_arabert,0.398,1.9834260235352288e-20
llmlingua2,0.3,token_count,out_f1_arabert,0.396,2.886078974770042e-20
llmlingua2,0.3,fragmentation_ratio,out_f1_arabert,0.175,8.344501077462526e-05
llmlingua2,0.3,structural_complexity,out_f1_arabert,0.219,7.790138435461022e-07
llmlingua2,0.3,morphological_density,out_f1_arabert,0.032,0.47669022765933733
llmlingua2,0.5,character_length,out_f1_arabert,0.381,9.389423099019198e-19
llmlingua2,0.5,token_count,out_f1_arabert,0.376,2.8908605278642314e-18
llmlingua2,0.5,fragmentation_ratio,out_f1_arabert,0.162,0.0002671034423074909
llmlingua2,0.5,structural_complexity,out_f1_arabert,0.264,2.06864663957513e-09
llmlingua2,0.5,morphological_density,out_f1_arabert,0.103,0.021783835107024647
llmlingua2,0.7,character_length,out_f1_arabert,0.361,8.252153521965899e-17
llmlingua2,0.7,token_count,out_f1_arabert,0.362,6.638699089587565e-17
llmlingua2,0.7,fragmentation_ratio,out_f1_arabert,0.162,0.00028678859942977156
llmlingua2,0.7,structural_complexity,out_f1_arabert,0.334,1.8547410129884156e-14
llmlingua2,0.7,morphological_density,out_f1_arabert,0.158,0.00038055776028259974
llmlingua_qwen,0.3,character_length,out_f1_arabert,-0.737,1.0294239379116877e-86
llmlingua_qwen,0.3,token_count,out_f1_arabert,-0.738,5.322903170334666e-87
llmlingua_qwen,0.3,fragmentation_ratio,out_f1_arabert,-0.302,5.566480748845074e-12
llmlingua_qwen,0.3,structural_complexity,out_f1_arabert,-0.324,1.0725732919177526e-13
llmlingua_qwen,0.3,morphological_density,out_f1_arabert,-0.071,0.11228908964146479
llmlingua_qwen,0.5,character_length,out_f1_arabert,-0.714,5.631672682056353e-79
llmlingua_qwen,0.5,token_count,out_f1_arabert,-0.714,3.7208212656049663e-79
llmlingua_qwen,0.5,fragmentation_ratio,out_f1_arabert,-0.3,6.82930717489934e-12
llmlingua_qwen,0.5,structural_complexity,out_f1_arabert,-0.335,1.3879205945152886e-14
llmlingua_qwen,0.5,morphological_density,out_f1_arabert,-0.084,0.05983363221941924
llmlingua_qwen,0.7,character_length,out_f1_arabert,-0.687,3.624646269062843e-71
llmlingua_qwen,0.7,token_count,out_f1_arabert,-0.688,1.800185970999329e-71
llmlingua_qwen,0.7,fragmentation_ratio,out_f1_arabert,-0.288,5.3587587539470144e-11
llmlingua_qwen,0.7,structural_complexity,out_f1_arabert,-0.33,3.802338816128155e-14
llmlingua_qwen,0.7,morphological_density,out_f1_arabert,-0.083,0.06288840714347264
random_deletion,0.3,character_length,out_f1_arabert,0.231,1.833151834365274e-07
random_deletion,0.3,token_count,out_f1_arabert,0.228,2.4087801162262137e-07
random_deletion,0.3,fragmentation_ratio,out_f1_arabert,0.21,2.1334312836901996e-06
random_deletion,0.3,structural_complexity,out_f1_arabert,0.124,0.005435051987648884
random_deletion,0.3,morphological_density,out_f1_arabert,0.135,0.002457923246307377
random_deletion,0.5,character_length,out_f1_arabert,0.195,1.083368483289086e-05
random_deletion,0.5,token_count,out_f1_arabert,0.19,1.866546188518035e-05
random_deletion,0.5,fragmentation_ratio,out_f1_arabert,0.11,0.013454667952537275
random_deletion,0.5,structural_complexity,out_f1_arabert,0.172,0.000112420472069219
random_deletion,0.5,morphological_density,out_f1_arabert,0.12,0.007008939535614921
random_deletion,0.7,character_length,out_f1_arabert,0.157,0.00044256306821361774
random_deletion,0.7,token_count,out_f1_arabert,0.154,0.0005599343922018242
random_deletion,0.7,fragmentation_ratio,out_f1_arabert,0.067,0.13229532737673186
random_deletion,0.7,structural_complexity,out_f1_arabert,0.211,2.037694078645081e-06
random_deletion,0.7,morphological_density,out_f1_arabert,0.101,0.02355176524054344
llmlingua_qwen,0.3,character_length,achieved_keep,-0.765,3.403606034464652e-97
llmlingua_qwen,0.3,token_count,achieved_keep,-0.766,1.9235212077859536e-97
llmlingua_qwen,0.3,fragmentation_ratio,achieved_keep,-0.3,7.595549110131219e-12
llmlingua_qwen,0.3,structural_complexity,achieved_keep,-0.377,2.326662132511431e-18
llmlingua_qwen,0.3,morphological_density,achieved_keep,-0.087,0.05194186342901279
llmlingua_qwen,0.5,character_length,achieved_keep,-0.744,2.7473089051370373e-89
llmlingua_qwen,0.5,token_count,achieved_keep,-0.744,2.2110898453099997e-89
llmlingua_qwen,0.5,fragmentation_ratio,achieved_keep,-0.303,4.65198124766609e-12
llmlingua_qwen,0.5,structural_complexity,achieved_keep,-0.384,5.436487376795223e-19
llmlingua_qwen,0.5,morphological_density,achieved_keep,-0.104,0.019850076863118172
llmlingua_qwen,0.7,character_length,achieved_keep,-0.722,7.944278322501003e-82
llmlingua_qwen,0.7,token_count,achieved_keep,-0.722,1.2795781455970364e-81
llmlingua_qwen,0.7,fragmentation_ratio,achieved_keep,-0.302,4.9360908051779696e-12
llmlingua_qwen,0.7,structural_complexity,achieved_keep,-0.378,1.942398589979473e-18
llmlingua_qwen,0.7,morphological_density,achieved_keep,-0.105,0.01842200920019595
