prompt_id,task_category,subcategory,character_length,token_count,word_count,fragmentation_ratio,structural_complexity,morphological_density
inst-001,instruction,explanation,224,165,35,4.7143,1,2.0571
inst-002,instruction,explanation,233,175,39,4.4872,0,1.7436
inst-003,instruction,explanation,234,177,39,4.5385,0,1.7436
inst-004,instruction,explanation,233,171,40,4.275,0,1.825
inst-005,instruction,explanation,254,187,42,4.4524,0,1.8095
inst-006,instruction,explanation,232,177,38,4.6579,0,1.7632
inst-007,instruction,explanation,212,156,35,4.4571,0,1.8286
inst-008,instruction,explanation,226,171,36,4.75,0,1.8333
inst-009,instruction,explanation,231,174,40,4.35,0,1.725
inst-010,instruction,explanation,233,173,39,4.4359,0,1.7949
inst-011,instruction,writing,248,187,42,4.4524,0,1.6905
inst-012,instruction,writing,227,172,38,4.5263,0,1.7368
inst-013,instruction,writing,219,164,37,4.4324,0,1.7568
inst-014,instruction,writing,256,195,42,4.6429,1,1.7857
inst-015,instruction,writing,232,182,38,4.7895,0,1.8421
inst-016,instruction,writing,228,176,37,4.7568,0,1.8649
inst-017,instruction,writing,219,167,38,4.3947,0,1.7368
inst-018,instruction,writing,233,183,38,4.8158,0,1.9211
inst-019,instruction,writing,221,167,39,4.2821,0,1.6923
inst-020,instruction,writing,231,176,38,4.6316,0,1.8947
inst-021,instruction,procedural,237,181,39,4.641,0,1.7179
inst-022,instruction,procedural,214,160,36,4.4444,0,1.8056
inst-023,instruction,procedural,205,157,34,4.6176,0,1.8529
inst-024,instruction,procedural,228,175,39,4.4872,0,1.7436
inst-025,instruction,procedural,206,153,35,4.3714,0,1.6571
inst-026,instruction,procedural,220,171,38,4.5,0,1.7368
inst-027,instruction,procedural,229,173,41,4.2195,0,1.6829
inst-028,instruction,procedural,202,148,35,4.2286,0,1.6857
inst-029,instruction,procedural,218,161,36,4.4722,0,1.8056
inst-030,instruction,procedural,211,163,35,4.6571,0,1.8
inst-031,instruction,planning,230,173,38,4.5526,0,1.7895
inst-032,instruction,planning,216,165,37,4.4595,0,1.8108
inst-033,instruction,planning,222,167,35,4.7714,0,1.9143
inst-034,instruction,planning,217,164,37,4.4324,0,1.7027
inst-035,instruction,planning,212,161,36,4.4722,0,1.75
inst-036,instruction,planning,226,177,38,4.6579,0,1.8158
inst-037,instruction,planning,210,160,35,4.5714,0,1.8286
inst-038,instruction,planning,218,165,38,4.3421,0,1.7632
inst-039,instruction,planning,222,170,36,4.7222,0,1.75
inst-040,instruction,planning,226,165,38,4.3421,0,1.7632
inst-041,instruction,brainstorming,251,188,41,4.5854,0,1.7561
inst-042,instruction,brainstorming,224,174,38,4.5789,0,1.8158
inst-043,instruction,brainstorming,200,150,34,4.4118,0,1.7941
inst-044,instruction,brainstorming,221,161,38,4.2368,0,1.7368
inst-045,instruction,brainstorming,219,166,36,4.6111,0,1.7778
inst-046,instruction,brainstorming,222,164,36,4.5556,0,1.8056
inst-047,instruction,brainstorming,221,165,38,4.3421,0,1.8421
inst-048,instruction,brainstorming,238,175,40,4.375,0,1.725
inst-049,instruction,brainstorming,219,171,35,4.8857,0,1.9429
inst-050,instruction,brainstorming,229,174,36,4.8333,0,1.9167
inst-051,instruction,classification,253,191,43,4.4419,0,1.7442
inst-052,instruction,classification,210,153,35,4.3714,0,1.7714
inst-053,instruction,classification,225,168,38,4.4211,0,1.7368
inst-054,instruction,classification,205,154,34,4.5294,0,1.7941
inst-055,instruction,classification,191,142,32,4.4375,0,1.8125
inst-056,instruction,classification,208,158,34,4.6471,0,1.8824
inst-057,instruction,classification,207,159,35,4.5429,0,1.7143
inst-058,instruction,classification,195,144,32,4.5,0,1.8125
inst-059,instruction,classification,226,169,37,4.5676,0,1.8919
inst-060,instruction,classification,207,157,34,4.6176,0,1.8235
inst-061,instruction,editing,220,160,36,4.4444,0,1.8611
inst-062,instruction,editing,200,149,35,4.2571,0,1.6857
inst-063,instruction,editing,213,162,37,4.3784,0,1.7297
inst-064,instruction,editing,211,158,34,4.6471,0,1.8824
inst-065,instruction,editing,209,156,35,4.4571,0,1.8286
inst-066,instruction,editing,208,158,35,4.5143,0,1.7714
inst-067,instruction,editing,194,143,33,4.3333,0,1.8182
inst-068,instruction,editing,224,166,36,4.6111,0,1.9167
inst-069,instruction,editing,220,167,36,4.6389,0,1.8333
inst-070,instruction,editing,208,159,36,4.4167,0,1.8333
inst-071,instruction,rewriting,217,164,37,4.4324,0,1.8108
inst-072,instruction,rewriting,220,165,37,4.4595,0,1.7838
inst-073,instruction,rewriting,204,150,34,4.4118,0,1.7647
inst-074,instruction,rewriting,199,146,35,4.1714,0,1.7143
inst-075,instruction,rewriting,219,166,36,4.6111,0,1.8056
inst-076,instruction,rewriting,206,157,36,4.3611,0,1.6389
inst-077,instruction,rewriting,218,162,36,4.5,0,1.75
inst-078,instruction,rewriting,215,164,36,4.5556,0,1.75
inst-079,instruction,rewriting,193,144,33,4.3636,0,1.7576
inst-080,instruction,rewriting,215,159,36,4.4167,0,1.8056
inst-081,instruction,recommendation,242,183,40,4.575,0,1.8
inst-082,instruction,recommendation,226,167,36,4.6389,0,1.8889
inst-083,instruction,recommendation,216,166,36,4.6111,0,1.9167
inst-084,instruction,recommendation,221,167,36,4.6389,0,1.8056
inst-085,instruction,recommendation,198,149,34,4.3824,0,1.7941
inst-086,instruction,recommendation,211,156,35,4.4571,0,1.8857
inst-087,instruction,recommendation,221,164,36,4.5556,0,1.7222
inst-088,instruction,recommendation,200,152,34,4.4706,0,1.7647
inst-089,instruction,recommendation,210,161,34,4.7353,0,1.8235
inst-090,instruction,recommendation,221,172,36,4.7778,0,1.75
inst-091,instruction,comparison,200,151,34,4.4412,0,1.7941
inst-092,instruction,comparison,235,174,37,4.7027,0,1.9189
inst-093,instruction,comparison,220,164,35,4.6857,0,1.8286
inst-094,instruction,comparison,197,149,32,4.6562,0,1.9062
inst-095,instruction,comparison,212,156,35,4.4571,0,1.8286
inst-096,instruction,comparison,216,160,34,4.7059,0,1.9118
inst-097,instruction,comparison,204,152,32,4.75,0,1.9688
inst-098,instruction,comparison,212,154,35,4.4,0,1.8571
inst-099,instruction,comparison,219,165,34,4.8529,0,2.0
inst-100,instruction,comparison,197,146,34,4.2941,0,1.7353
summ-001,summarisation,news,859,614,134,4.5821,9,2.0149
summ-002,summarisation,news,823,590,130,4.5385,9,1.9923
summ-003,summarisation,news,838,604,130,4.6462,9,2.0077
summ-004,summarisation,news,852,613,131,4.6794,9,2.0305
summ-005,summarisation,news,813,585,130,4.5,9,1.9308
summ-006,summarisation,news,848,610,133,4.5865,9,1.9549
summ-007,summarisation,news,849,611,134,4.5597,9,1.9776
summ-008,summarisation,news,855,610,133,4.5865,9,2.0075
summ-009,summarisation,news,850,606,132,4.5909,10,2.0303
summ-010,summarisation,news,848,614,133,4.6165,9,1.9549
summ-011,summarisation,scientific,810,576,128,4.5,9,2.0078
summ-012,summarisation,scientific,784,560,126,4.4444,9,1.9206
summ-013,summarisation,scientific,773,559,124,4.5081,9,1.8871
summ-014,summarisation,scientific,799,572,125,4.576,9,1.976
summ-015,summarisation,scientific,777,552,124,4.4516,9,1.8871
summ-016,summarisation,scientific,786,564,125,4.512,9,1.912
summ-017,summarisation,scientific,797,573,126,4.5476,9,1.9524
summ-018,summarisation,scientific,787,570,127,4.4882,9,1.8898
summ-019,summarisation,scientific,788,569,126,4.5159,10,1.9286
summ-020,summarisation,scientific,794,574,127,4.5197,9,1.9134
summ-021,summarisation,academic,792,560,126,4.4444,9,2.0556
summ-022,summarisation,academic,778,545,124,4.3952,9,2.0323
summ-023,summarisation,academic,747,537,120,4.475,9,1.9833
summ-024,summarisation,academic,788,560,123,4.5528,9,2.1057
summ-025,summarisation,academic,745,533,120,4.4417,9,1.9667
summ-026,summarisation,academic,762,546,123,4.439,9,2.0081
summ-027,summarisation,academic,787,558,124,4.5,9,2.0323
summ-028,summarisation,academic,759,542,121,4.4793,9,2.0
summ-029,summarisation,academic,788,558,124,4.5,10,2.0242
summ-030,summarisation,academic,766,543,123,4.4146,9,1.9756
summ-031,summarisation,narrative,749,548,135,4.0593,10,1.7333
summ-032,summarisation,narrative,747,540,133,4.0602,10,1.7519
summ-033,summarisation,narrative,720,528,129,4.093,10,1.7287
summ-034,summarisation,narrative,763,558,132,4.2273,10,1.7727
summ-035,summarisation,narrative,735,531,131,4.0534,10,1.7481
summ-036,summarisation,narrative,752,547,134,4.0821,10,1.7164
summ-037,summarisation,narrative,754,556,133,4.1805,10,1.7669
summ-038,summarisation,narrative,755,560,136,4.1176,10,1.7426
summ-039,summarisation,narrative,753,555,133,4.1729,11,1.7669
summ-040,summarisation,narrative,763,557,136,4.0956,10,1.7353
summ-041,summarisation,legal,789,559,130,4.3,9,1.9154
summ-042,summarisation,legal,767,551,126,4.373,9,1.8413
summ-043,summarisation,legal,754,541,124,4.3629,9,1.8548
summ-044,summarisation,legal,792,567,127,4.4646,9,1.9134
summ-045,summarisation,legal,739,527,122,4.3197,9,1.8689
summ-046,summarisation,legal,760,549,125,4.392,9,1.832
summ-047,summarisation,legal,771,554,126,4.3968,9,1.873
summ-048,summarisation,legal,773,559,127,4.4016,9,1.8425
summ-049,summarisation,legal,766,550,126,4.3651,10,1.881
summ-050,summarisation,legal,784,559,129,4.3333,9,1.8217
summ-051,summarisation,medical,757,545,127,4.2913,9,1.9055
summ-052,summarisation,medical,743,537,125,4.296,9,1.896
summ-053,summarisation,medical,738,528,125,4.224,9,1.848
summ-054,summarisation,medical,786,565,126,4.4841,9,1.9841
summ-055,summarisation,medical,721,522,123,4.2439,9,1.8455
summ-056,summarisation,medical,758,547,128,4.2734,9,1.8594
summ-057,summarisation,medical,781,556,131,4.2443,9,1.8855
summ-058,summarisation,medical,763,553,128,4.3203,9,1.8672
summ-059,summarisation,medical,754,541,125,4.328,10,1.904
summ-060,summarisation,medical,776,556,130,4.2769,9,1.8154
summ-061,summarisation,technical,752,535,115,4.6522,9,2.0609
summ-062,summarisation,technical,742,529,113,4.6814,9,2.0531
summ-063,summarisation,technical,729,516,111,4.6486,9,2.036
summ-064,summarisation,technical,765,535,114,4.693,9,2.0965
summ-065,summarisation,technical,720,514,111,4.6306,9,1.982
summ-066,summarisation,technical,759,539,116,4.6466,9,1.9914
summ-067,summarisation,technical,746,528,111,4.7568,9,2.0721
summ-068,summarisation,technical,746,531,114,4.6579,9,2.0175
summ-069,summarisation,technical,759,540,115,4.6957,10,2.0261
summ-070,summarisation,technical,763,537,114,4.7105,9,2.0439
summ-071,summarisation,business,761,548,123,4.4553,9,1.9837
summ-072,summarisation,business,769,554,125,4.432,9,1.912
summ-073,summarisation,business,750,537,121,4.438,9,1.9587
summ-074,summarisation,business,774,562,122,4.6066,9,2.0328
summ-075,summarisation,business,739,535,121,4.4215,9,1.9256
summ-076,summarisation,business,778,562,124,4.5323,9,1.9516
summ-077,summarisation,business,771,561,123,4.561,9,1.9431
summ-078,summarisation,business,749,546,122,4.4754,9,1.9262
summ-079,summarisation,business,768,557,125,4.456,10,1.968
summ-080,summarisation,business,774,556,124,4.4839,9,1.9355
summ-081,summarisation,historical,780,560,120,4.6667,9,2.175
summ-082,summarisation,historical,750,540,118,4.5763,9,2.0508
summ-083,summarisation,historical,749,541,116,4.6638,9,2.0862
summ-084,summarisation,historical,759,548,115,4.7652,9,2.1478
summ-085,summarisation,historical,740,531,116,4.5776,9,2.0517
summ-086,summarisation,historical,759,548,119,4.605,9,2.0588
summ-087,summarisation,historical,764,551,118,4.6695,9,2.0847
summ-088,summarisation,historical,766,552,119,4.6387,9,2.0672
summ-089,summarisation,historical,773,557,120,4.6417,10,2.1083
summ-090,summarisation,historical,769,556,119,4.6723,9,2.0756
summ-091,summarisation,opinion,755,544,123,4.4228,10,1.935
summ-092,summarisation,opinion,753,544,127,4.2835,10,1.8346
summ-093,summarisation,opinion,746,541,123,4.3984,10,1.9106
summ-094,summarisation,opinion,756,544,122,4.459,10,1.9508
summ-095,summarisation,opinion,745,535,123,4.3496,10,1.8943
summ-096,summarisation,opinion,768,550,128,4.2969,10,1.8438
summ-097,summarisation,opinion,769,556,125,4.448,10,1.896
summ-098,summarisation,opinion,757,545,126,4.3254,10,1.8492
summ-099,summarisation,opinion,776,559,127,4.4016,11,1.9055
summ-100,summarisation,opinion,766,552,126,4.381,10,1.873
qa-001,qa,factual,87,59,14,4.2143,0,2.1429
qa-002,qa,factual,83,61,15,4.0667,0,1.8667
qa-003,qa,factual,100,71,17,4.1765,0,2.0
qa-004,qa,factual,76,58,14,4.1429,0,1.5714
qa-005,qa,factual,76,52,14,3.7143,0,2.0
qa-006,qa,factual,69,51,11,4.6364,0,2.3636
qa-007,qa,factual,67,50,11,4.5455,0,1.8182
qa-008,qa,factual,69,51,12,4.25,1,2.0
qa-009,qa,factual,78,60,14,4.2857,0,1.5
qa-010,qa,factual,64,46,10,4.6,0,2.3
qa-011,qa,contextual,117,98,19,5.1579,2,2.1579
qa-012,qa,contextual,90,71,15,4.7333,3,2.4
qa-013,qa,contextual,104,76,17,4.4706,2,2.2353
qa-014,qa,contextual,122,90,21,4.2857,2,1.8095
qa-015,qa,contextual,108,81,18,4.5,2,2.0
qa-016,qa,contextual,127,93,19,4.8947,2,2.2105
qa-017,qa,contextual,106,75,17,4.4118,2,2.0
qa-018,qa,contextual,104,82,19,4.3158,2,1.8947
qa-019,qa,contextual,111,84,16,5.25,2,2.4375
qa-020,qa,contextual,129,98,23,4.2609,2,1.6957
qa-021,qa,explanation,92,70,17,4.1176,0,1.5882
qa-022,qa,explanation,89,62,12,5.1667,0,2.25
qa-023,qa,explanation,85,64,13,4.9231,0,1.7692
qa-024,qa,explanation,81,61,15,4.0667,0,1.6667
qa-025,qa,explanation,79,59,14,4.2143,0,1.7143
qa-026,qa,explanation,83,67,15,4.4667,0,1.4667
qa-027,qa,explanation,68,53,12,4.4167,0,1.6667
qa-028,qa,explanation,68,52,13,4.0,0,1.3077
qa-029,qa,explanation,64,48,9,5.3333,0,2.1111
qa-030,qa,explanation,86,66,14,4.7143,0,1.7143
qa-031,qa,reasoning,133,100,24,4.1667,0,1.75
qa-032,qa,reasoning,102,75,18,4.1667,0,1.8333
qa-033,qa,reasoning,117,88,21,4.1905,0,1.7143
qa-034,qa,reasoning,104,82,19,4.3158,0,1.6842
qa-035,qa,reasoning,112,81,18,4.5,0,1.8333
qa-036,qa,reasoning,99,73,16,4.5625,0,1.9375
qa-037,qa,reasoning,91,66,15,4.4,0,1.8
qa-038,qa,reasoning,86,65,13,5.0,0,2.1538
qa-039,qa,reasoning,101,78,18,4.3333,0,1.5
qa-040,qa,reasoning,104,74,16,4.625,0,1.875
qa-041,qa,arithmetic,87,66,16,4.125,0,1.9375
qa-042,qa,arithmetic,56,37,11,3.3636,0,1.6364
qa-043,qa,arithmetic,76,61,14,4.3571,0,1.5714
qa-044,qa,arithmetic,68,53,11,4.8182,1,2.0
qa-045,qa,arithmetic,77,57,13,4.3846,0,2.0769
qa-046,qa,arithmetic,63,46,12,3.8333,1,2.0833
qa-047,qa,arithmetic,64,48,12,4.0,0,1.6667
qa-048,qa,arithmetic,74,57,14,4.0714,0,1.6429
qa-049,qa,arithmetic,87,67,16,4.1875,1,1.875
qa-050,qa,arithmetic,83,61,17,3.5882,0,1.7059
qa-051,qa,comparison,95,67,17,3.9412,1,1.9412
qa-052,qa,comparison,103,79,18,4.3889,1,2.0556
qa-053,qa,comparison,75,63,17,3.7059,2,1.8824
qa-054,qa,comparison,92,68,19,3.5789,2,1.6316
qa-055,qa,comparison,75,55,17,3.2353,2,1.7647
qa-056,qa,comparison,85,65,17,3.8235,2,1.8235
qa-057,qa,comparison,93,68,19,3.5789,0,1.6842
qa-058,qa,comparison,80,59,17,3.4706,0,1.4706
qa-059,qa,comparison,90,64,15,4.2667,1,1.6667
qa-060,qa,comparison,105,76,18,4.2222,0,1.8889
qa-061,qa,cause_effect,86,68,14,4.8571,0,1.8571
qa-062,qa,cause_effect,89,62,15,4.1333,0,1.6
qa-063,qa,cause_effect,98,68,16,4.25,0,1.8125
qa-064,qa,cause_effect,84,60,15,4.0,0,1.6
qa-065,qa,cause_effect,87,64,15,4.2667,0,1.7333
qa-066,qa,cause_effect,81,59,14,4.2143,0,1.7143
qa-067,qa,cause_effect,82,60,14,4.2857,0,1.8571
qa-068,qa,cause_effect,78,63,13,4.8462,0,1.8462
qa-069,qa,cause_effect,85,64,14,4.5714,0,1.8571
qa-070,qa,cause_effect,86,66,14,4.7143,0,1.7857
qa-071,qa,multi_hop,97,71,16,4.4375,1,2.1875
qa-072,qa,multi_hop,70,59,13,4.5385,0,1.7692
qa-073,qa,multi_hop,91,71,17,4.1765,0,1.7647
qa-074,qa,multi_hop,69,54,15,3.6,0,1.4667
qa-075,qa,multi_hop,91,64,16,4.0,0,1.8125
qa-076,qa,multi_hop,99,75,22,3.4091,0,1.5909
qa-077,qa,multi_hop,73,59,12,4.9167,1,2.0833
qa-078,qa,multi_hop,71,54,14,3.8571,0,1.5714
qa-079,qa,multi_hop,81,60,15,4.0,1,1.8
qa-080,qa,multi_hop,82,55,13,4.2308,0,1.9231
qa-081,qa,commonsense,84,64,14,4.5714,0,1.7143
qa-082,qa,commonsense,80,58,14,4.1429,0,1.9286
qa-083,qa,commonsense,74,54,13,4.1538,1,1.7692
qa-084,qa,commonsense,55,40,11,3.6364,0,1.5455
qa-085,qa,commonsense,78,57,14,4.0714,0,1.4286
qa-086,qa,commonsense,61,48,12,4.0,0,1.5833
qa-087,qa,commonsense,82,61,14,4.3571,0,1.8571
qa-088,qa,commonsense,79,57,13,4.3846,0,1.9231
qa-089,qa,commonsense,58,46,10,4.6,0,2.0
qa-090,qa,commonsense,89,66,16,4.125,0,1.5625
qa-091,qa,logical_deduction,108,84,22,3.8182,0,1.6364
qa-092,qa,logical_deduction,100,77,17,4.5294,0,1.7059
qa-093,qa,logical_deduction,91,67,15,4.4667,0,2.0
qa-094,qa,logical_deduction,62,43,13,3.3077,0,1.5385
qa-095,qa,logical_deduction,87,68,16,4.25,0,1.625
qa-096,qa,logical_deduction,88,68,15,4.5333,0,1.8667
qa-097,qa,logical_deduction,88,62,16,3.875,0,1.8125
qa-098,qa,logical_deduction,94,69,16,4.3125,0,1.9375
qa-099,qa,logical_deduction,98,74,17,4.3529,0,1.9412
qa-100,qa,logical_deduction,86,65,20,3.25,0,1.5
creat-001,creative,story,131,99,24,4.125,0,1.8333
creat-002,creative,story,113,85,20,4.25,0,2.0
creat-003,creative,story,99,73,17,4.2941,0,1.8235
creat-004,creative,story,107,80,20,4.0,0,1.85
creat-005,creative,story,99,73,18,4.0556,1,2.1667
creat-006,creative,story,93,68,20,3.4,0,1.5
creat-007,creative,story,91,67,18,3.7222,0,1.7222
creat-008,creative,story,84,61,17,3.5882,0,1.3529
creat-009,creative,story,84,69,16,4.3125,0,1.625
creat-010,creative,story,94,75,15,5.0,0,2.0
creat-011,creative,dialogue,105,84,18,4.6667,0,1.8889
creat-012,creative,dialogue,88,69,16,4.3125,0,1.9375
creat-013,creative,dialogue,113,85,18,4.7222,0,2.0
creat-014,creative,dialogue,89,69,16,4.3125,0,1.625
creat-015,creative,dialogue,102,81,17,4.7647,0,1.7647
creat-016,creative,dialogue,94,76,17,4.4706,0,1.5294
creat-017,creative,dialogue,75,56,13,4.3077,0,1.6154
creat-018,creative,dialogue,85,64,14,4.5714,0,2.1429
creat-019,creative,dialogue,88,68,17,4.0,0,1.5882
creat-020,creative,dialogue,81,60,15,4.0,0,1.6667
creat-021,creative,poetry,82,60,16,3.75,0,1.75
creat-022,creative,poetry,79,55,14,3.9286,0,2.0714
creat-023,creative,poetry,78,59,15,3.9333,1,1.8
creat-024,creative,poetry,71,54,15,3.6,0,1.6
creat-025,creative,poetry,77,54,14,3.8571,0,2.0
creat-026,creative,poetry,72,53,14,3.7857,0,1.7857
creat-027,creative,poetry,67,54,14,3.8571,0,1.3571
creat-028,creative,poetry,72,55,14,3.9286,0,1.7143
creat-029,creative,poetry,85,66,15,4.4,0,1.9333
creat-030,creative,poetry,78,58,14,4.1429,0,1.9286
creat-031,creative,description,95,68,17,4.0,0,1.5294
creat-032,creative,description,73,53,14,3.7857,0,1.8571
creat-033,creative,description,65,49,13,3.7692,0,1.6154
creat-034,creative,description,71,57,13,4.3846,0,2.0
creat-035,creative,description,86,69,17,4.0588,0,1.5294
creat-036,creative,description,75,55,13,4.2308,0,1.8462
creat-037,creative,description,83,61,15,4.0667,0,2.0
creat-038,creative,description,92,64,16,4.0,0,1.875
creat-039,creative,description,84,62,15,4.1333,0,1.8
creat-040,creative,description,80,60,14,4.2857,0,1.6429
creat-041,creative,essay,87,63,14,4.5,0,2.2857
creat-042,creative,essay,71,59,12,4.9167,0,2.0833
creat-043,creative,essay,99,69,16,4.3125,0,2.3125
creat-044,creative,essay,75,55,13,4.2308,0,1.9231
creat-045,creative,essay,79,55,14,3.9286,0,1.9286
creat-046,creative,essay,90,66,16,4.125,0,1.75
creat-047,creative,essay,86,61,15,4.0667,0,1.7333
creat-048,creative,essay,82,60,14,4.2857,0,2.0
creat-049,creative,essay,85,61,16,3.8125,0,1.625
creat-050,creative,essay,90,64,14,4.5714,0,2.4286
creat-051,creative,script,101,85,18,4.7222,0,1.7222
creat-052,creative,script,99,75,16,4.6875,0,2.1875
creat-053,creative,script,103,85,18,4.7222,0,1.6111
creat-054,creative,script,91,74,16,4.625,0,2.0
creat-055,creative,script,99,77,19,4.0526,0,1.4737
creat-056,creative,script,84,69,14,4.9286,0,1.9286
creat-057,creative,script,84,67,15,4.4667,0,1.7333
creat-058,creative,script,83,71,13,5.4615,0,2.0
creat-059,creative,script,98,76,17,4.4706,0,1.6471
creat-060,creative,script,103,80,19,4.2105,0,1.8421
creat-061,creative,speech,110,89,17,5.2353,0,2.1176
creat-062,creative,speech,88,69,18,3.8333,0,1.4444
creat-063,creative,speech,80,63,16,3.9375,0,1.4375
creat-064,creative,speech,78,63,13,4.8462,0,1.9231
creat-065,creative,speech,83,64,13,4.9231,0,2.0769
creat-066,creative,speech,88,68,14,4.8571,0,2.1429
creat-067,creative,speech,79,58,12,4.8333,0,2.0
creat-068,creative,speech,76,58,14,4.1429,0,1.7857
creat-069,creative,speech,78,60,14,4.2857,0,1.7143
creat-070,creative,speech,85,62,14,4.4286,0,2.2857
creat-071,creative,social_media_post,100,76,18,4.2222,0,1.8333
creat-072,creative,social_media_post,85,65,15,4.3333,0,1.7333
creat-073,creative,social_media_post,104,76,16,4.75,0,2.25
creat-074,creative,social_media_post,104,76,19,4.0,0,1.8947
creat-075,creative,social_media_post,111,80,18,4.4444,0,2.0556
creat-076,creative,social_media_post,103,74,20,3.7,0,1.7
creat-077,creative,social_media_post,107,78,17,4.5882,0,2.0
creat-078,creative,social_media_post,98,76,15,5.0667,0,2.1333
creat-079,creative,social_media_post,91,68,14,4.8571,0,2.1429
creat-080,creative,social_media_post,98,72,15,4.8,0,2.2
creat-081,creative,fairy_tale,84,62,14,4.4286,0,2.1429
creat-082,creative,fairy_tale,95,68,18,3.7778,0,1.6667
creat-083,creative,fairy_tale,83,60,15,4.0,0,1.7333
creat-084,creative,fairy_tale,82,63,15,4.2,0,1.6667
creat-085,creative,fairy_tale,99,66,18,3.6667,0,1.6111
creat-086,creative,fairy_tale,73,53,14,3.7857,0,1.8571
creat-087,creative,fairy_tale,88,67,17,3.9412,0,1.6471
creat-088,creative,fairy_tale,84,65,15,4.3333,0,1.7333
creat-089,creative,fairy_tale,80,55,15,3.6667,0,1.7333
creat-090,creative,fairy_tale,90,62,17,3.6471,0,1.5294
creat-091,creative,alternate_history,122,88,20,4.4,0,2.0
creat-092,creative,alternate_history,119,81,20,4.05,0,1.9
creat-093,creative,alternate_history,91,67,15,4.4667,0,1.8667
creat-094,creative,alternate_history,108,82,19,4.3158,0,1.7895
creat-095,creative,alternate_history,105,79,18,4.3889,0,1.6667
creat-096,creative,alternate_history,111,75,18,4.1667,0,1.9444
creat-097,creative,alternate_history,97,70,16,4.375,0,1.875
creat-098,creative,alternate_history,119,83,21,3.9524,0,1.7143
creat-099,creative,alternate_history,101,72,18,4.0,0,1.6667
creat-100,creative,alternate_history,119,84,19,4.4211,0,2.1053
inst-101,instruction,explanation,212,159,34,4.6765,0,1.9412
inst-102,instruction,explanation,196,140,34,4.1176,0,1.7647
inst-103,instruction,explanation,168,128,26,4.9231,2,2.1538
inst-104,instruction,writing,181,134,31,4.3226,0,1.7742
inst-105,instruction,writing,156,117,26,4.5,0,1.9615
inst-106,instruction,writing,196,144,32,4.5,0,1.9688
inst-107,instruction,procedural,174,117,31,3.7742,0,1.6452
inst-108,instruction,procedural,178,131,28,4.6786,0,1.8929
inst-109,instruction,procedural,181,131,31,4.2258,0,1.871
inst-110,instruction,planning,173,130,28,4.6429,0,2.1429
inst-111,instruction,planning,167,128,27,4.7407,0,1.8889
inst-112,instruction,planning,167,128,27,4.7407,0,2.0
inst-113,instruction,brainstorming,162,118,29,4.069,1,1.6897
inst-114,instruction,brainstorming,185,144,32,4.5,1,1.9062
inst-115,instruction,brainstorming,162,123,26,4.7308,0,1.9231
inst-116,instruction,classification,250,188,47,4.0,7,1.8723
inst-117,instruction,classification,174,124,28,4.4286,1,2.0
inst-118,instruction,editing,215,158,35,4.5143,2,2.0571
inst-119,instruction,editing,197,139,33,4.2121,2,1.9394
inst-120,instruction,rewriting,226,153,35,4.3714,2,2.0286
inst-121,instruction,rewriting,207,146,36,4.0556,2,1.9167
inst-122,instruction,recommendation,184,148,29,5.1034,0,1.8966
inst-123,instruction,recommendation,189,136,28,4.8571,0,2.2143
inst-124,instruction,comparison,178,121,28,4.3214,0,1.9643
inst-125,instruction,comparison,173,123,28,4.3929,0,2.0
summ-101,summarisation,news,514,374,83,4.506,2,2.0
summ-102,summarisation,news,459,331,80,4.1375,3,1.75
summ-103,summarisation,news,432,304,77,3.9481,2,1.6623
summ-104,summarisation,scientific,498,366,91,4.022,2,1.7582
summ-105,summarisation,scientific,455,325,79,4.1139,2,1.8734
summ-106,summarisation,scientific,445,324,71,4.5634,3,1.9859
summ-107,summarisation,academic,531,375,83,4.5181,2,2.0843
summ-108,summarisation,academic,486,342,80,4.275,2,1.825
summ-109,summarisation,academic,444,313,72,4.3472,2,1.8472
summ-110,summarisation,narrative,435,329,75,4.3867,2,1.9333
summ-111,summarisation,narrative,402,299,73,4.0959,2,1.8219
summ-112,summarisation,narrative,450,336,81,4.1481,2,1.7901
summ-113,summarisation,legal,428,289,77,3.7532,5,1.7143
summ-114,summarisation,legal,426,304,68,4.4706,2,1.9118
summ-115,summarisation,legal,446,308,78,3.9487,3,1.7564
summ-116,summarisation,medical,478,346,82,4.2195,2,1.7805
summ-117,summarisation,medical,467,332,72,4.6111,2,2.0139
summ-118,summarisation,technical,471,321,74,4.3378,3,1.9324
summ-119,summarisation,technical,432,311,76,4.0921,2,1.7632
summ-120,summarisation,business,439,304,75,4.0533,2,1.7333
summ-121,summarisation,business,389,274,64,4.2812,3,1.8281
summ-122,summarisation,historical,471,327,78,4.1923,2,1.9231
summ-123,summarisation,historical,397,274,67,4.0896,2,1.8507
summ-124,summarisation,opinion,426,314,72,4.3611,3,1.8333
summ-125,summarisation,opinion,455,322,78,4.1282,2,1.7821
qa-101,qa,factual,77,54,13,4.1538,0,2.2308
qa-102,qa,factual,63,47,13,3.6154,0,1.6154
qa-103,qa,factual,74,47,13,3.6154,0,2.0
qa-104,qa,contextual,235,168,39,4.3077,2,1.9744
qa-105,qa,contextual,162,113,32,3.5312,2,1.5
qa-106,qa,contextual,146,104,26,4.0,3,1.8846
qa-107,qa,explanation,120,81,25,3.24,0,1.4
qa-108,qa,explanation,105,81,17,4.7647,0,1.8235
qa-109,qa,explanation,80,59,13,4.5385,0,1.8462
qa-110,qa,reasoning,178,145,33,4.3939,0,1.7273
qa-111,qa,reasoning,191,148,33,4.4848,0,1.9697
qa-112,qa,reasoning,156,123,26,4.7308,3,2.0
qa-113,qa,arithmetic,122,93,22,4.2273,0,1.8636
qa-114,qa,arithmetic,92,70,17,4.1176,0,1.8824
qa-115,qa,arithmetic,152,107,26,4.1154,1,1.8462
qa-116,qa,comparison,89,65,16,4.0625,0,1.8125
qa-117,qa,comparison,128,101,24,4.2083,0,1.8333
qa-118,qa,cause_effect,162,118,27,4.3704,0,2.037
qa-119,qa,cause_effect,137,98,25,3.92,0,1.44
qa-120,qa,multi_hop,162,109,29,3.7586,0,2.1379
qa-121,qa,multi_hop,147,106,29,3.6552,2,1.7586
qa-122,qa,commonsense,98,76,17,4.4706,0,1.6471
qa-123,qa,commonsense,113,86,19,4.5263,0,1.9474
qa-124,qa,logical_deduction,141,107,26,4.1154,0,1.5385
qa-125,qa,logical_deduction,104,78,20,3.9,0,1.5
creat-101,creative,story,193,142,35,4.0571,0,1.8
creat-102,creative,story,156,116,28,4.1429,0,1.7857
creat-103,creative,story,159,120,27,4.4444,0,1.8148
creat-104,creative,dialogue,164,130,24,5.4167,0,2.0417
creat-105,creative,dialogue,140,110,24,4.5833,0,1.7083
creat-106,creative,dialogue,146,118,22,5.3636,0,2.0
creat-107,creative,poetry,141,109,23,4.7391,2,2.087
creat-108,creative,poetry,139,97,24,4.0417,0,1.875
creat-109,creative,poetry,122,89,22,4.0455,0,1.6818
creat-110,creative,description,159,114,28,4.0714,0,1.7857
creat-111,creative,description,139,106,25,4.24,0,1.68
creat-112,creative,description,127,95,20,4.75,0,1.95
creat-113,creative,essay,148,123,23,5.3478,0,2.0
creat-114,creative,essay,141,110,23,4.7826,0,1.9565
creat-115,creative,essay,155,119,24,4.9583,1,2.125
creat-116,creative,script,162,121,28,4.3214,0,1.6786
creat-117,creative,script,128,95,23,4.1304,0,1.8696
creat-118,creative,speech,156,115,23,5.0,0,2.2609
creat-119,creative,speech,150,112,24,4.6667,0,2.0
creat-120,creative,social_media_post,147,118,25,4.72,0,1.96
creat-121,creative,social_media_post,150,106,29,3.6552,0,1.5172
creat-122,creative,fairy_tale,162,122,27,4.5185,0,1.9259
creat-123,creative,fairy_tale,142,119,25,4.76,0,1.84
creat-124,creative,alternate_history,178,130,29,4.4828,0,2.0
creat-125,creative,alternate_history,167,120,28,4.2857,0,1.7143
