prompt_id,category,tokens,apcs_v1_recommend,apcs_v2_recommend,llmlingua2_gpu,llmlingua2_protected_gpu,llmlingua_qwen_gpu,llmlingua2_cpu
v2-inst-128,instruction,114,0.04130000888835639,0.05869999586138874,33.49839999282267,28.788099996745586,25.88359999936074,398.7537000066368
v2-inst-083,instruction,51,0.02230000973213464,0.03090000245720148,30.687899998156354,28.61269999993965,26.249200003803708,401.15679999871645
v2-inst-211,instruction,43,0.025999994250014424,0.02920000406447798,31.5110000083223,28.501099994173273,25.62719999696128,401.6987000068184
v2-inst-196,instruction,51,0.02200000744778663,0.025599991204217076,31.34019998833537,28.403599993907847,26.31709999695886,396.5043000061996
v2-inst-185,instruction,35,0.030399998649954796,0.020000006770715117,30.45229999406729,29.54459999455139,25.684599997475743,398.9036999992095
v2-inst-142,instruction,158,0.05369998689275235,0.04880000778939575,30.898500001057982,28.655999994953163,34.90389999933541,398.05459999479353
v2-inst-123,instruction,261,0.08170001092366874,0.07650000043213367,31.209300010232255,29.262500000186265,35.23280000081286,401.37789999425877
v2-inst-350,instruction,100,0.041799998143687844,0.04149999585933983,30.317600001581013,29.075900005409494,26.3072999950964,400.29009999125265
v2-inst-115,instruction,51,0.021799991372972727,0.02370000584051013,30.231799988541752,28.997499990509823,26.42090000153985,402.81359999789856
v2-inst-287,instruction,251,0.06659999780822545,0.06760000542271882,31.679400010034442,28.928999992785975,30.742100003408268,400.14050000172574
v2-inst-087,instruction,268,0.06849999772384763,0.06969999230932444,31.572899999446236,29.090299998642877,27.107100002467632,405.37189999304246
v2-inst-086,instruction,311,0.08680000610183924,0.0897999998414889,30.842099993606098,29.758500008028932,34.11510000296403,399.98519999790005
v2-inst-118,instruction,37,0.017799990018829703,0.020400009816512465,30.867299996316433,29.472200010786764,36.02330001012888,403.14650000073016
v2-inst-182,instruction,142,0.040400002035312355,0.04260000423528254,30.888200009940192,28.689400001894683,28.379800001857802,399.2147999961162
v2-inst-190,instruction,37,0.018799997633323073,0.0202999945031479,30.794799997238442,28.33049999026116,27.0019999879878,398.57609999307897
v2-inst-329,instruction,39,0.01780000457074493,0.021100000594742596,30.101399999693967,28.26259999710601,26.148999997531064,398.7619999970775
v2-inst-084,instruction,60,0.02339998900424689,0.025600005756132305,30.223499998101033,28.582099999766797,26.38440000009723,403.95529998932034
v2-inst-172,instruction,106,0.03290000313427299,0.03749999450519681,30.232699995394796,29.22779999789782,26.594399998430163,406.5628999960609
v2-inst-285,instruction,36,0.016099991626106203,0.019700004486367106,29.867999997804873,28.78920000512153,395.7490000029793,397.8688999923179
v2-inst-183,instruction,193,0.0568000104976818,0.056899996707215905,30.627100000856444,30.062300007557496,32.70429999975022,399.6058000047924
v2-inst-300,instruction,264,0.06369999027810991,0.06429999484680593,31.335899999248795,29.276100001879968,32.60069999669213,400.6001999950968
v2-inst-213,instruction,140,0.03950000973418355,0.040400002035312355,30.924100006814115,29.54219999082852,27.61839999584481,404.31420000095386
v2-inst-074,instruction,106,0.03540000761859119,0.03619999915827066,29.67220000573434,31.716299999970943,28.064400001312606,402.6155000028666
v2-inst-152,instruction,256,0.06999999459367245,0.06939999002497643,30.647400009911507,29.187699998146854,32.50560000014957,405.25480000360403
v2-inst-245,instruction,41,0.017600003047846258,0.01920000067912042,29.012700004386716,28.22819999710191,31.234900001436472,401.56199999910314
v2-summ-122,summarisation,169,0.04669999179895967,0.0467000063508749,29.523699995479546,28.836199999204837,33.65470000426285,406.32340000593103
v2-summ-090,summarisation,588,0.13490000856108963,0.1311999949393794,32.21869999833871,29.721300001256168,37.786699991556816,407.6838000037242
v2-summ-106,summarisation,150,0.04270000499673188,0.044200001866556704,29.748799992376007,28.52100000018254,26.85389999533072,402.2909999912372
v2-summ-246,summarisation,160,0.04199999966658652,0.04410000110510737,29.802599994582124,28.816400008508936,26.271800001268275,403.62009999807924
v2-summ-137,summarisation,209,0.05079999391455203,0.08190001244656742,29.460499994456768,28.710300000966527,28.144099997007288,405.0630999990972
v2-summ-077,summarisation,91,0.029800008633174002,0.03560000914148986,28.709500009426847,28.63479999359697,34.65259999211412,405.3989000094589
v2-summ-074,summarisation,71,0.02479999966453761,0.028700000257231295,28.654499998083338,28.558899997733533,29.34320000349544,401.6350000019884
v2-summ-148,summarisation,201,0.0526000076206401,0.055100012104958296,29.164299994590692,28.9277999982005,30.343700011144392,396.7831999907503
v2-summ-075,summarisation,598,0.13699999544769526,0.1337999856332317,31.11229999922216,30.504799986374564,39.692300008027814,404.473999995389
v2-summ-142,summarisation,612,0.13760000001639128,0.1362000039080158,30.97900000284426,30.048000000533648,34.988800005521625,408.21819999837317
v2-summ-139,summarisation,211,0.0523999915458262,0.052799994591623545,29.50379998947028,28.940000003785826,28.084199992008507,401.1238999955822
v2-summ-205,summarisation,197,0.054100004490464926,0.05370000144466758,29.494500005966984,29.074399993987754,30.943799996748567,405.60360001109075
v2-summ-118,summarisation,86,0.02680000034160912,0.02890000178012997,30.096600006800145,29.606399999465793,27.91070000967011,392.1200000040699
v2-summ-062,summarisation,192,0.04820000322069973,0.0720999960321933,29.635200000484474,30.034700001124293,28.36750001006294,395.55149999796413
v2-summ-168,summarisation,535,0.11609999637585133,0.12830000196117908,30.423999996855855,30.90709999378305,30.759999994188547,401.18210000218824
v2-summ-188,summarisation,179,0.044899992644786835,0.04820000322069973,28.89889999642037,30.502899986458942,27.92950000730343,402.40809999522753
v2-summ-082,summarisation,238,0.0712000037310645,0.06460001168306917,29.064199989079498,29.45259999250993,29.419400001643226,405.6817999953637
v2-summ-147,summarisation,610,0.13699999544769526,0.13479999324772507,30.14380000240635,31.098100007511675,33.52479999011848,397.2504000121262
v2-summ-071,summarisation,163,0.040400002035312355,0.043799998820759356,28.734799998346716,29.096199999912642,27.715300006093457,405.741599999601
v2-summ-192,summarisation,238,0.06059999577701092,0.06219999340828508,29.15180000127293,29.722799998125993,28.340499993646517,394.3669000000227
v2-summ-126,summarisation,164,0.041799998143687844,0.04430000262800604,28.913799993460998,29.192100002546795,29.04750000743661,405.559999999241
v2-summ-211,summarisation,145,0.035899996873922646,0.03749999450519681,28.80369999911636,28.942100005224347,31.788100008270703,404.6859000081895
v2-summ-209,summarisation,620,0.14390000433195382,0.14319999900180846,31.44909998809453,30.148199992254376,34.60909999557771,404.2549000005238
v2-summ-143,summarisation,567,0.16929999401327223,0.11660000018309802,30.07419999630656,29.899900007876568,32.11889999511186,409.8757000028854
v2-summ-198,summarisation,538,0.1362999901175499,0.11239999730605632,30.612400005338714,29.944499998237006,38.18959998898208,398.70419999351725
v2-qa-100,qa,59,0.03440000000409782,0.02990000939462334,29.730199996265583,28.38890001294203,29.16890000051353,397.34630000020843
v2-qa-231,qa,82,0.03579999611247331,0.03410001227166504,29.108699993230402,28.643500001635402,28.662099997745827,402.75529999053106
v2-qa-068,qa,90,0.03540000761859119,0.032899988582357764,29.482699988875538,28.700800001388416,27.626100010820664,404.1895999980625
v2-qa-062,qa,185,0.05289999535307288,0.050300004659220576,29.97740000137128,28.450800004065968,27.808099999674596,403.6669999914011
v2-qa-220,qa,523,0.12879999121651053,0.11749999248422682,31.602300005033612,29.33189999021124,30.91320001112763,407.3593999928562
v2-qa-109,qa,216,0.059600002714432776,0.059600002714432776,29.978400008985773,28.81419999175705,34.82060000533238,402.0083999930648
v2-qa-125,qa,213,0.05709999823011458,0.05810000584460795,29.62300000945106,28.737600005115382,28.938799994648434,408.6215999996057
v2-qa-071,qa,231,0.06249999569263309,0.09709999721962959,29.48520000791177,28.509000010672025,30.019800004083663,408.60629999951925
v2-qa-110,qa,225,0.05149999924469739,0.06609999400097877,29.097000006004237,28.70219999749679,28.456300002289936,399.1976999968756
v2-qa-076,qa,604,0.13329999637790024,0.14999999257270247,30.310200003441423,29.90049999789335,32.24620000401046,405.9272000013152
v2-qa-148,qa,81,0.030399998649954796,0.0391000066883862,28.57919999223668,29.19260000635404,30.196199993952177,404.2310000077123
v2-qa-122,qa,85,0.02989999484270811,0.034199998481199145,28.59370000078343,28.170800011139363,34.851599993999116,398.7353999982588
v2-qa-167,qa,234,0.10590000601951033,0.06179999036248773,29.07190000405535,28.782800000044517,29.096199999912642,400.2379000012297
v2-qa-213,qa,502,0.14069999451749027,0.1407000090694055,30.108699997072108,29.51379999285564,29.705799999646842,398.81769999919925
v2-qa-144,qa,319,0.07530000584665686,0.07840000034775585,29.239299998153,56.46150000393391,34.49809999438003,399.67490000708494
v2-qa-092,qa,82,0.03099998866673559,0.034200013033114374,28.49850000347942,28.65659999952186,29.12960000685416,399.99099999840837
v2-qa-145,qa,153,0.04120000812690705,0.04400000034365803,28.889799999888055,28.540800005430356,28.12019998964388,400.510999999824
v2-qa-141,qa,222,0.06219999340828508,0.06510000093840063,29.243600001791492,29.107300011673942,29.538100003264844,402.072800003225
v2-qa-104,qa,90,0.03300000389572233,0.03599999763537198,29.673800003365614,28.467199997976422,28.558399993926287,402.0153000019491
v2-qa-222,qa,244,0.06890000076964498,0.07110000296961516,29.151700000511482,29.16979999281466,29.87579999899026,402.4943000113126
v2-qa-119,qa,377,0.08789999992586672,0.09129999671131372,29.5884999941336,29.331800004001707,30.3427000035299,408.8372999976855
v2-qa-225,qa,89,0.03130000550299883,0.03399999695830047,29.282800009241328,28.475500002969056,32.83910000754986,398.2737000042107
v2-qa-216,qa,83,0.055199998314492404,0.03409999771974981,28.85400000377558,28.51070000906475,28.851399998529814,404.75810000498313
v2-qa-069,qa,420,0.11039999662898481,0.10289999772794545,29.954199999338016,30.10299999732524,30.545899993740022,403.8847000047099
v2-qa-206,qa,246,0.0746000005165115,0.07199999527074397,29.516399998101406,28.799899999285117,29.59809999447316,405.48679999483284
v2-creat-112,creative,83,0.0278999941656366,0.02890000178012997,28.461199995945208,28.131700004450977,27.961599989794195,401.8342999916058
v2-creat-052,creative,192,0.05089999467600137,0.05360000068321824,29.163399987737648,29.49050000461284,28.617299991310574,394.3786000018008
v2-creat-099,creative,194,0.05129999772179872,0.0543000060133636,28.864899999462068,28.770899996743537,30.455100000835955,405.3583000059007
v2-creat-124,creative,185,0.04640000406652689,0.0475000124424696,28.773300000466406,29.080799999064766,29.18090000457596,396.9012999878032
v2-creat-062,creative,188,0.11449999874457717,0.05149999924469739,28.907699990668334,28.48880000237841,28.22849999938626,397.36879999691155
v2-creat-051,creative,220,0.056199991377070546,0.05439999222289771,29.076799997710623,28.577200006111525,28.338300005998462,402.80119999079034
v2-creat-090,creative,198,0.05329999839887023,0.05370000144466758,28.94899999955669,28.50620000390336,28.335800001514144,448.65109999955166
v2-creat-079,creative,95,0.0281000102404505,0.029499991796910763,28.80610000283923,28.285499996854924,27.9688000009628,400.7994999992661
v2-creat-065,creative,195,0.04870000702794641,0.05050000618211925,29.066000002785586,28.680700008408166,28.340799995930865,399.21980000508483
v2-creat-150,creative,203,0.05020000389777124,0.052799994591623545,28.972799991606735,28.772300007403828,28.973200009204447,396.8520000053104
v2-creat-119,creative,199,0.09640000644139946,0.05099999543745071,28.861200000392273,28.66110000468325,31.35160000238102,397.3015999945346
v2-creat-102,creative,88,0.028700000257231295,0.041400009649805725,28.64140000019688,29.240200005006045,28.586400003405288,396.6101999976672
v2-creat-059,creative,199,0.04820000322069973,0.07129998994059861,29.173099988838658,28.393100001267157,28.027600012137555,391.59110000764485
v2-creat-118,creative,187,0.04640000406652689,0.06920000305399299,29.009299993049353,28.491399993072264,27.873900005943142,399.4775000028312
v2-creat-072,creative,88,0.026599998818710446,0.04060000355821103,28.462800008128397,28.119700000388548,28.166799995233305,397.9938999982551
v2-creat-129,creative,218,0.052700008382089436,0.0785999873187393,28.919899996253662,28.683800002909265,28.675199995632283,389.68199999362696
v2-creat-130,creative,202,0.04890000855084509,0.0740000104997307,29.39650000189431,28.454799990868196,27.95289999630768,399.4567000045208
v2-creat-038,creative,87,0.025699991965666413,0.03929999365936965,28.606899999431334,28.241799998795614,27.945599998929538,399.91100000042934
v2-creat-060,creative,206,0.050000002374872565,0.07559999357908964,29.115799989085644,28.64110001246445,27.435800002422184,394.3347000022186
v2-creat-035,creative,86,0.02510000194888562,0.053099996875971556,28.638899995712563,28.683600001386367,28.00289999868255,397.236899996642
v2-creat-071,creative,77,0.02780000795610249,0.04020000051241368,28.546000001369976,28.218400009791367,28.2015999982832,401.2261000025319
v2-creat-082,creative,84,0.02469999890308827,0.03759999526664615,28.64689999842085,28.367699997033924,31.81590000167489,396.2249000032898
v2-creat-142,creative,603,0.13639999087899923,0.1962000096682459,30.222300003515556,29.548599995905533,30.504099995596334,403.7551999936113
v2-creat-039,creative,111,0.16370000957977027,0.0475000124424696,28.745599993271753,28.19110000564251,30.83390000392683,401.3225999951828
v2-creat-058,creative,481,0.11229999654460698,0.16239999968092889,30.251699994551018,57.449300002190284,31.548500002827495,405.4770000075223
