share,rep,T1,T2,r_mid,r_long,accuracy,mix_size,label_noop_share,mean_tokens
0.15,0,40,250,0.5,0.3,0.385,800,0.1275,218.5
0.15,1,80,350,0.5,0.3,0.3812,800,0.13,216.1
0.15,2,40,250,0.5,0.3,0.3725,800,0.1187,218.0
0.15,3,80,250,0.5,0.3,0.3688,800,0.1325,216.2
0.15,4,40,250,0.5,0.3,0.39,800,0.12,215.2
0.15,5,80,250,0.5,0.3,0.3825,800,0.125,215.4
0.15,6,40,250,0.5,0.3,0.38,800,0.1313,216.0
0.15,7,60,250,0.5,0.3,0.3912,800,0.1275,215.1
0.15,8,60,350,0.5,0.3,0.3725,800,0.1437,216.2
0.15,9,60,250,0.5,0.3,0.3762,800,0.1212,214.1
0.15,10,40,250,0.5,0.3,0.3837,800,0.1225,217.2
0.15,11,60,350,0.5,0.3,0.3925,800,0.1288,215.0
0.15,12,40,350,0.5,0.3,0.3738,800,0.1225,216.0
0.15,13,40,250,0.5,0.3,0.3812,800,0.1212,216.6
0.15,14,80,300,0.5,0.3,0.3837,800,0.13,215.6
0.15,15,40,250,0.5,0.3,0.3762,800,0.1163,217.6
0.15,16,60,250,0.5,0.3,0.3725,800,0.1263,217.4
0.15,17,40,250,0.5,0.3,0.3837,800,0.1225,216.7
0.15,18,80,250,0.5,0.3,0.3738,800,0.1313,213.8
0.15,19,40,250,0.5,0.3,0.3862,800,0.1363,217.4
0.15,20,40,250,0.5,0.3,0.3812,800,0.1275,216.4
0.15,21,60,350,0.5,0.3,0.37,800,0.1237,216.3
0.15,22,40,300,0.5,0.3,0.385,800,0.1325,215.1
0.15,23,40,250,0.5,0.3,0.3875,800,0.1263,216.9
0.15,24,40,350,0.5,0.3,0.3713,800,0.1212,216.6
0.15,25,80,250,0.5,0.3,0.3775,800,0.1325,216.2
0.15,26,60,250,0.5,0.3,0.3775,800,0.1263,216.9
0.15,27,40,250,0.5,0.3,0.37,800,0.1263,215.8
0.15,28,40,250,0.5,0.3,0.3812,800,0.1288,217.9
0.15,29,40,250,0.5,0.3,0.37,800,0.1263,217.3
0.15,30,80,350,0.5,0.3,0.3675,800,0.1288,216.6
0.15,31,80,250,0.5,0.3,0.3762,800,0.12,215.9
0.15,32,60,250,0.5,0.3,0.38,800,0.1225,215.6
0.15,33,60,250,0.5,0.3,0.3787,800,0.1237,217.2
0.15,34,60,250,0.5,0.3,0.3775,800,0.1325,216.6
0.15,35,40,250,0.5,0.3,0.38,800,0.1237,218.0
0.15,36,40,250,0.5,0.3,0.38,800,0.1325,214.3
0.15,37,40,250,0.5,0.3,0.38,800,0.1163,216.9
0.15,38,40,250,0.5,0.3,0.375,800,0.125,215.6
0.15,39,60,350,0.5,0.3,0.375,800,0.1288,217.8
0.15,40,60,250,0.5,0.3,0.37,800,0.1263,216.1
0.15,41,80,250,0.5,0.3,0.3738,800,0.13,215.4
0.15,42,80,250,0.5,0.3,0.3762,800,0.1275,218.0
0.15,43,80,300,0.5,0.3,0.3675,800,0.1187,214.4
0.15,44,40,300,0.5,0.3,0.3837,800,0.1187,215.7
0.15,45,40,350,0.5,0.3,0.3812,800,0.1175,218.3
0.15,46,40,350,0.5,0.3,0.3825,800,0.1138,215.1
0.15,47,40,250,0.5,0.3,0.3862,800,0.1288,218.0
0.15,48,60,250,0.5,0.3,0.3837,800,0.13,217.2
0.15,49,40,250,0.5,0.3,0.38,800,0.1275,217.3
0.15,50,40,250,0.5,0.3,0.3875,800,0.1187,217.3
0.15,51,80,250,0.5,0.3,0.3787,800,0.1313,216.9
0.15,52,40,250,0.5,0.3,0.3912,800,0.1237,216.1
0.15,53,80,250,0.5,0.3,0.3862,800,0.1263,217.2
0.15,54,80,250,0.5,0.3,0.3787,800,0.1313,218.4
0.15,55,40,300,0.5,0.3,0.3625,800,0.1212,216.3
0.15,56,40,250,0.5,0.3,0.39,800,0.1338,217.1
0.15,57,60,400,0.5,0.3,0.3738,800,0.1275,218.3
0.15,58,40,300,0.5,0.3,0.3675,800,0.1237,217.4
0.15,59,60,250,0.5,0.3,0.3837,800,0.13,216.4
0.15,60,80,250,0.5,0.3,0.39,800,0.1313,214.9
0.15,61,40,300,0.5,0.3,0.3887,800,0.1263,218.0
0.15,62,40,250,0.5,0.3,0.3787,800,0.1187,218.0
0.15,63,40,300,0.5,0.3,0.38,800,0.1275,215.5
0.15,64,40,250,0.5,0.3,0.38,800,0.1225,215.4
0.15,65,60,250,0.5,0.3,0.3812,800,0.1288,216.9
0.15,66,40,250,0.5,0.3,0.3912,800,0.125,216.5
0.15,67,40,250,0.5,0.3,0.3738,800,0.1187,216.8
0.15,68,40,250,0.5,0.3,0.3862,800,0.1187,215.6
0.15,69,80,250,0.5,0.3,0.3837,800,0.1288,217.5
0.15,70,60,250,0.5,0.3,0.3875,800,0.1338,215.6
0.15,71,40,250,0.5,0.3,0.3762,800,0.1288,216.2
0.15,72,40,250,0.5,0.3,0.3962,800,0.1225,217.4
0.15,73,40,250,0.5,0.3,0.3862,800,0.1263,215.7
0.15,74,60,350,0.5,0.3,0.3725,800,0.13,217.3
0.15,75,40,350,0.5,0.3,0.3775,800,0.1212,215.6
0.15,76,40,350,0.5,0.3,0.3725,800,0.1288,215.9
0.15,77,40,250,0.5,0.3,0.3837,800,0.1263,217.5
0.15,78,60,350,0.5,0.3,0.3713,800,0.1288,214.8
0.15,79,80,300,0.5,0.3,0.3762,800,0.1313,215.3
0.15,80,40,350,0.5,0.3,0.3775,800,0.1212,217.0
0.15,81,40,250,0.5,0.3,0.3762,800,0.1175,216.4
0.15,82,80,250,0.5,0.3,0.395,800,0.14,215.9
0.15,83,80,350,0.5,0.3,0.3825,800,0.1225,216.6
0.15,84,40,250,0.5,0.3,0.3787,800,0.1288,214.6
0.15,85,40,250,0.5,0.3,0.3725,800,0.1237,217.3
0.15,86,80,250,0.5,0.3,0.3738,800,0.1288,215.6
0.15,87,40,250,0.5,0.3,0.37,800,0.1263,215.6
0.15,88,40,250,0.5,0.3,0.3713,800,0.1225,216.4
0.15,89,80,300,0.5,0.3,0.3787,800,0.1288,216.8
0.15,90,80,300,0.5,0.3,0.3887,800,0.13,218.3
0.15,91,40,250,0.5,0.3,0.37,800,0.12,214.9
0.15,92,40,250,0.5,0.3,0.3725,800,0.12,215.8
0.15,93,60,250,0.5,0.3,0.3837,800,0.1275,215.8
0.15,94,40,250,0.5,0.3,0.3812,800,0.1263,217.6
0.15,95,40,250,0.5,0.3,0.3812,800,0.125,215.9
0.15,96,60,250,0.5,0.3,0.38,800,0.125,217.1
0.15,97,80,250,0.5,0.3,0.3837,800,0.1263,214.8
0.15,98,40,250,0.5,0.3,0.385,800,0.1263,216.1
0.15,99,60,350,0.5,0.3,0.3725,800,0.1225,216.4
0.15,100,60,300,0.5,0.3,0.3688,800,0.1225,217.2
0.15,101,80,250,0.5,0.3,0.3862,800,0.1237,216.4
0.15,102,40,300,0.5,0.3,0.385,800,0.1288,214.2
0.15,103,80,350,0.5,0.3,0.3837,800,0.1275,217.1
0.15,104,60,350,0.5,0.3,0.39,800,0.1288,215.1
0.15,105,80,250,0.5,0.3,0.3925,800,0.1363,215.3
0.15,106,40,250,0.5,0.3,0.3825,800,0.1187,215.4
0.15,107,40,250,0.5,0.3,0.3862,800,0.1263,217.1
0.15,108,60,350,0.5,0.3,0.3787,800,0.1313,216.4
0.15,109,60,250,0.5,0.3,0.3925,800,0.1237,215.0
0.15,110,40,400,0.5,0.3,0.375,800,0.125,216.0
0.15,111,40,250,0.5,0.3,0.3875,800,0.1288,217.8
0.15,112,80,250,0.5,0.3,0.3825,800,0.1375,215.0
0.15,113,60,250,0.5,0.3,0.3787,800,0.1263,216.2
0.15,114,40,350,0.5,0.3,0.3812,800,0.1237,216.2
0.15,115,40,250,0.5,0.3,0.365,800,0.1212,216.5
0.15,116,40,300,0.5,0.3,0.3862,800,0.1288,214.8
0.15,117,40,300,0.5,0.3,0.3738,800,0.1263,217.0
0.15,118,60,250,0.5,0.3,0.3825,800,0.1237,217.2
0.15,119,40,250,0.5,0.3,0.385,800,0.1275,218.3
0.15,120,80,250,0.5,0.3,0.3812,800,0.1313,216.0
0.15,121,40,250,0.5,0.3,0.3812,800,0.1212,216.3
0.15,122,60,300,0.5,0.3,0.3825,800,0.1288,216.2
0.15,123,60,350,0.5,0.3,0.3787,800,0.12,218.1
0.15,124,40,250,0.5,0.3,0.3787,800,0.12,217.9
0.15,125,60,250,0.5,0.3,0.38,800,0.13,214.1
0.15,126,40,250,0.5,0.3,0.3713,800,0.1288,215.2
0.15,127,40,250,0.5,0.3,0.375,800,0.13,217.3
0.15,128,80,250,0.5,0.3,0.3738,800,0.1237,215.2
0.15,129,40,250,0.5,0.3,0.3775,800,0.1288,217.9
0.15,130,40,250,0.5,0.3,0.3625,800,0.1187,216.9
0.15,131,40,250,0.5,0.3,0.3937,800,0.125,216.1
0.15,132,40,250,0.5,0.3,0.3787,800,0.1212,219.0
0.15,133,40,300,0.5,0.3,0.3812,800,0.1263,215.8
0.15,134,60,250,0.5,0.3,0.375,800,0.1275,216.7
0.15,135,40,350,0.5,0.3,0.3862,800,0.1225,214.9
0.15,136,40,250,0.5,0.3,0.3738,800,0.1237,217.4
0.15,137,40,250,0.5,0.3,0.37,800,0.1263,216.2
0.15,138,80,250,0.5,0.3,0.3762,800,0.1288,218.0
0.15,139,80,250,0.5,0.3,0.38,800,0.1275,217.8
0.15,140,40,250,0.5,0.3,0.3775,800,0.12,217.7
0.15,141,80,350,0.5,0.3,0.385,800,0.1338,217.8
0.15,142,40,250,0.5,0.3,0.37,800,0.1237,216.0
0.15,143,80,250,0.5,0.3,0.38,800,0.1275,216.5
0.15,144,40,250,0.5,0.3,0.3762,800,0.1225,214.7
0.15,145,80,250,0.5,0.3,0.3725,800,0.1288,215.6
0.15,146,60,250,0.5,0.3,0.3837,800,0.13,217.6
0.15,147,40,300,0.5,0.3,0.3675,800,0.125,216.4
0.15,148,80,250,0.5,0.3,0.3725,800,0.1325,215.3
0.15,149,40,250,0.5,0.3,0.3825,800,0.1175,215.6
0.15,150,40,250,0.5,0.3,0.38,800,0.1175,216.4
0.15,151,40,250,0.5,0.3,0.38,800,0.1263,216.9
0.15,152,40,300,0.5,0.3,0.3862,800,0.1325,217.2
0.15,153,40,350,0.5,0.3,0.38,800,0.1175,216.0
0.15,154,80,250,0.5,0.3,0.3787,800,0.1263,216.9
0.15,155,40,250,0.5,0.3,0.385,800,0.12,217.2
0.15,156,40,250,0.5,0.3,0.3887,800,0.13,216.4
0.15,157,40,300,0.5,0.3,0.3825,800,0.1237,216.2
0.15,158,80,250,0.5,0.3,0.3812,800,0.1212,215.8
0.15,159,60,250,0.5,0.3,0.3762,800,0.12,217.1
0.15,160,40,350,0.5,0.3,0.3925,800,0.12,216.8
0.15,161,80,250,0.5,0.3,0.3688,800,0.125,217.1
0.15,162,40,350,0.5,0.3,0.3837,800,0.1263,215.7
0.15,163,40,250,0.5,0.3,0.3825,800,0.1212,216.4
0.15,164,40,250,0.5,0.3,0.3812,800,0.1237,215.5
0.15,165,40,250,0.5,0.3,0.3812,800,0.1263,216.5
0.15,166,40,250,0.5,0.3,0.3688,800,0.1263,214.3
0.15,167,40,250,0.5,0.3,0.3775,800,0.1225,218.3
0.15,168,40,350,0.5,0.3,0.3825,800,0.1288,216.3
0.15,169,80,250,0.5,0.3,0.3862,800,0.1263,217.8
0.15,170,60,300,0.5,0.3,0.3825,800,0.1225,217.1
0.15,171,60,250,0.5,0.3,0.3762,800,0.1225,215.5
0.15,172,80,250,0.5,0.3,0.3738,800,0.12,215.8
0.15,173,40,250,0.5,0.3,0.3862,800,0.1212,217.6
0.15,174,40,350,0.5,0.3,0.3762,800,0.125,215.3
0.15,175,80,250,0.5,0.3,0.375,800,0.1237,215.4
0.15,176,60,250,0.5,0.3,0.3725,800,0.1263,217.4
0.15,177,80,250,0.5,0.3,0.3912,800,0.135,214.8
0.15,178,40,250,0.5,0.3,0.3713,800,0.12,216.1
0.15,179,80,250,0.5,0.3,0.3762,800,0.1263,217.2
0.15,180,40,250,0.5,0.3,0.3812,800,0.1212,215.7
0.15,181,40,250,0.5,0.3,0.3775,800,0.12,216.0
0.15,182,80,350,0.5,0.3,0.3862,800,0.1225,217.4
0.15,183,80,250,0.5,0.3,0.3812,800,0.125,216.6
0.15,184,60,250,0.5,0.3,0.3775,800,0.1212,217.2
0.15,185,40,250,0.5,0.3,0.38,800,0.1313,215.3
0.15,186,40,250,0.5,0.3,0.385,800,0.1275,214.7
0.15,187,80,250,0.5,0.3,0.3837,800,0.1313,217.7
0.15,188,80,250,0.5,0.3,0.38,800,0.1263,216.5
0.15,189,40,250,0.5,0.3,0.3762,800,0.1237,214.8
0.15,190,60,250,0.5,0.3,0.38,800,0.1187,215.4
0.15,191,80,250,0.5,0.3,0.375,800,0.13,216.9
0.15,192,60,250,0.5,0.3,0.375,800,0.1275,216.0
0.15,193,60,250,0.5,0.3,0.3812,800,0.1237,216.7
0.15,194,40,250,0.5,0.3,0.3937,800,0.1113,215.4
0.15,195,40,350,0.5,0.3,0.3887,800,0.1225,216.2
0.15,196,40,250,0.5,0.3,0.3837,800,0.1237,216.4
0.15,197,60,250,0.5,0.3,0.385,800,0.1225,216.8
0.15,198,40,250,0.5,0.3,0.3675,800,0.115,218.0
0.15,199,60,250,0.5,0.3,0.3688,800,0.1263,215.1
0.3,0,60,250,0.5,0.3,0.3862,800,0.1288,217.6
0.3,1,40,250,0.5,0.3,0.3738,800,0.1237,215.0
0.3,2,40,350,0.5,0.3,0.3912,800,0.1225,214.8
0.3,3,60,250,0.5,0.3,0.38,800,0.1225,217.4
0.3,4,60,250,0.5,0.3,0.3837,800,0.13,213.5
0.3,5,60,250,0.5,0.3,0.3725,800,0.1275,214.6
0.3,6,60,250,0.5,0.3,0.3875,800,0.125,214.4
0.3,7,40,350,0.5,0.3,0.38,800,0.12,213.3
0.3,8,60,250,0.5,0.3,0.37,800,0.1225,215.2
0.3,9,40,350,0.5,0.3,0.38,800,0.125,215.6
0.3,10,40,350,0.5,0.3,0.3625,800,0.1237,215.2
0.3,11,80,300,0.5,0.3,0.3787,800,0.1288,214.6
0.3,12,40,250,0.5,0.3,0.3663,800,0.1212,216.0
0.3,13,60,250,0.5,0.3,0.3738,800,0.125,217.9
0.3,14,60,350,0.5,0.3,0.365,800,0.1288,214.3
0.3,15,60,300,0.5,0.3,0.3812,800,0.1187,216.7
0.3,16,40,250,0.5,0.3,0.3812,800,0.125,212.3
0.3,17,40,250,0.5,0.3,0.3762,800,0.125,214.6
0.3,18,60,350,0.5,0.3,0.385,800,0.1275,216.0
0.3,19,40,300,0.5,0.3,0.3825,800,0.1263,216.7
0.3,20,60,350,0.5,0.3,0.3775,800,0.1212,215.9
0.3,21,60,300,0.5,0.3,0.38,800,0.1275,214.7
0.3,22,60,300,0.5,0.3,0.3762,800,0.1263,214.7
0.3,23,60,250,0.5,0.3,0.395,800,0.1288,217.9
0.3,24,40,250,0.5,0.3,0.3825,800,0.1275,213.9
0.3,25,60,300,0.5,0.3,0.3688,800,0.1225,214.2
0.3,26,60,300,0.5,0.3,0.3675,800,0.14,216.8
0.3,27,40,250,0.5,0.3,0.3738,800,0.115,216.0
0.3,28,60,250,0.5,0.3,0.3775,800,0.1263,213.4
0.3,29,60,300,0.5,0.3,0.3812,800,0.1338,213.3
0.3,30,60,250,0.5,0.3,0.3738,800,0.1263,216.3
0.3,31,60,350,0.5,0.3,0.3725,800,0.125,211.7
0.3,32,80,350,0.5,0.3,0.3738,800,0.1263,213.6
0.3,33,60,250,0.5,0.3,0.3762,800,0.115,216.4
0.3,34,40,250,0.5,0.3,0.3762,800,0.1225,215.9
0.3,35,40,350,0.5,0.3,0.3762,800,0.115,214.2
0.3,36,40,300,0.5,0.3,0.3875,800,0.1212,214.1
0.3,37,60,300,0.5,0.3,0.3875,800,0.1225,216.8
0.3,38,40,250,0.5,0.3,0.3825,800,0.1187,215.1
0.3,39,60,250,0.5,0.3,0.375,800,0.1313,213.3
0.3,40,60,350,0.5,0.3,0.3812,800,0.125,215.2
0.3,41,40,300,0.5,0.3,0.3663,800,0.1325,215.8
0.3,42,60,250,0.5,0.3,0.3825,800,0.1325,213.6
0.3,43,60,300,0.5,0.3,0.3812,800,0.1263,211.8
0.3,44,60,350,0.5,0.3,0.3937,800,0.1288,216.3
0.3,45,60,250,0.5,0.3,0.3812,800,0.12,216.4
0.3,46,40,250,0.5,0.3,0.37,800,0.1138,215.8
0.3,47,40,250,0.5,0.3,0.3738,800,0.1187,214.9
0.3,48,40,250,0.5,0.3,0.3638,800,0.1125,216.5
0.3,49,60,350,0.5,0.3,0.3675,800,0.1263,213.0
0.3,50,40,250,0.5,0.3,0.3588,800,0.125,216.0
0.3,51,40,350,0.5,0.3,0.3675,800,0.1138,216.7
0.3,52,60,250,0.5,0.3,0.3787,800,0.125,215.3
0.3,53,40,250,0.5,0.3,0.375,800,0.1225,216.7
0.3,54,40,250,0.5,0.3,0.375,800,0.125,215.7
0.3,55,60,250,0.5,0.3,0.3738,800,0.125,215.0
0.3,56,40,350,0.5,0.3,0.3825,800,0.1325,215.4
0.3,57,60,250,0.5,0.3,0.3837,800,0.125,216.2
0.3,58,60,250,0.5,0.3,0.385,800,0.125,216.2
0.3,59,60,250,0.5,0.3,0.3725,800,0.1212,215.0
0.3,60,40,300,0.5,0.3,0.375,800,0.1113,215.4
0.3,61,40,250,0.5,0.3,0.3875,800,0.12,216.3
0.3,62,60,250,0.5,0.3,0.3837,800,0.125,215.2
0.3,63,60,350,0.5,0.3,0.3613,800,0.13,216.3
0.3,64,60,250,0.5,0.3,0.3713,800,0.13,215.2
0.3,65,60,250,0.5,0.3,0.3875,800,0.13,214.8
0.3,66,40,250,0.5,0.3,0.3775,800,0.125,214.9
0.3,67,40,250,0.5,0.3,0.3762,800,0.1187,216.1
0.3,68,40,300,0.5,0.3,0.3725,800,0.115,214.7
0.3,69,60,300,0.5,0.3,0.3837,800,0.1263,216.4
0.3,70,60,250,0.5,0.3,0.38,800,0.1225,213.1
0.3,71,60,250,0.5,0.3,0.3825,800,0.1263,212.7
0.3,72,60,250,0.5,0.3,0.3825,800,0.1212,215.4
0.3,73,40,250,0.5,0.3,0.3787,800,0.1187,213.1
0.3,74,60,350,0.5,0.3,0.3875,800,0.1375,215.3
0.3,75,40,250,0.5,0.3,0.365,800,0.1237,214.9
0.3,76,40,250,0.5,0.3,0.385,800,0.13,214.9
0.3,77,60,250,0.5,0.3,0.3875,800,0.1263,213.7
0.3,78,60,350,0.5,0.3,0.3812,800,0.125,215.3
0.3,79,40,250,0.5,0.3,0.355,800,0.1163,213.1
0.3,80,60,250,0.5,0.3,0.385,800,0.1175,214.1
0.3,81,60,350,0.5,0.3,0.3738,800,0.1187,218.1
0.3,82,40,250,0.5,0.3,0.3812,800,0.1113,215.2
0.3,83,40,250,0.5,0.3,0.3862,800,0.1263,214.6
0.3,84,40,350,0.5,0.3,0.3837,800,0.1175,215.5
0.3,85,40,350,0.5,0.3,0.3862,800,0.1288,214.1
0.3,86,40,250,0.5,0.3,0.3762,800,0.12,215.5
0.3,87,40,300,0.5,0.3,0.3825,800,0.12,215.3
0.3,88,40,300,0.5,0.3,0.3912,800,0.1263,215.3
0.3,89,40,350,0.5,0.3,0.3738,800,0.1212,213.4
0.3,90,40,300,0.5,0.3,0.3837,800,0.1212,212.0
0.3,91,60,250,0.5,0.3,0.3713,800,0.1263,216.2
0.3,92,40,250,0.5,0.3,0.3675,800,0.1138,214.3
0.3,93,40,250,0.5,0.3,0.3837,800,0.1338,214.0
0.3,94,60,300,0.5,0.3,0.3613,800,0.12,214.2
0.3,95,60,350,0.5,0.3,0.4,800,0.1263,213.1
0.3,96,40,300,0.5,0.3,0.38,800,0.1263,216.8
0.3,97,60,300,0.5,0.3,0.3725,800,0.12,214.4
0.3,98,40,250,0.5,0.3,0.3775,800,0.1212,213.4
0.3,99,40,250,0.5,0.3,0.3812,800,0.1138,215.0
0.3,100,40,350,0.5,0.3,0.3688,800,0.1288,216.0
0.3,101,40,300,0.5,0.3,0.3837,800,0.1138,214.5
0.3,102,40,350,0.5,0.3,0.375,800,0.1237,213.8
0.3,103,40,350,0.5,0.3,0.36,800,0.1313,214.8
0.3,104,60,250,0.5,0.3,0.3825,800,0.1212,217.5
0.3,105,40,250,0.5,0.3,0.3688,800,0.12,219.3
0.3,106,40,350,0.5,0.3,0.3688,800,0.1325,216.0
0.3,107,40,250,0.5,0.3,0.3825,800,0.1187,214.3
0.3,108,80,300,0.5,0.3,0.3663,800,0.1163,213.7
0.3,109,60,250,0.5,0.3,0.3738,800,0.1212,215.9
0.3,110,40,250,0.5,0.3,0.3875,800,0.1212,215.6
0.3,111,40,250,0.5,0.3,0.37,800,0.1212,213.6
0.3,112,60,300,0.5,0.3,0.37,800,0.1313,214.5
0.3,113,60,300,0.5,0.3,0.3638,800,0.12,214.1
0.3,114,40,250,0.5,0.3,0.3875,800,0.1175,216.7
0.3,115,80,350,0.5,0.3,0.38,800,0.1363,216.1
0.3,116,40,250,0.5,0.3,0.3837,800,0.1237,214.2
0.3,117,40,250,0.5,0.3,0.375,800,0.125,213.9
0.3,118,60,300,0.5,0.3,0.3775,800,0.1275,216.4
0.3,119,40,250,0.5,0.3,0.3812,800,0.1225,216.0
0.3,120,80,250,0.5,0.3,0.3613,800,0.1237,214.9
0.3,121,60,300,0.5,0.3,0.3675,800,0.13,216.5
0.3,122,40,250,0.5,0.3,0.3738,800,0.1325,214.7
0.3,123,60,250,0.5,0.3,0.38,800,0.1225,215.6
0.3,124,60,350,0.5,0.3,0.3825,800,0.1325,214.2
0.3,125,40,250,0.5,0.3,0.3563,800,0.1212,215.9
0.3,126,40,350,0.5,0.3,0.375,800,0.1175,216.0
0.3,127,40,250,0.5,0.3,0.3887,800,0.1187,215.6
0.3,128,40,350,0.5,0.3,0.3738,800,0.12,216.1
0.3,129,40,250,0.5,0.3,0.3825,800,0.1225,213.9
0.3,130,40,350,0.5,0.3,0.3812,800,0.1338,214.5
0.3,131,40,250,0.5,0.3,0.385,800,0.1288,215.7
0.3,132,80,350,0.5,0.3,0.3787,800,0.1313,212.2
0.3,133,40,350,0.5,0.3,0.3762,800,0.1163,216.3
0.3,134,40,250,0.5,0.3,0.3725,800,0.125,215.8
0.3,135,60,250,0.5,0.3,0.3775,800,0.1263,215.6
0.3,136,80,250,0.5,0.3,0.3787,800,0.1338,214.8
0.3,137,60,350,0.5,0.3,0.3787,800,0.1138,215.7
0.3,138,40,250,0.5,0.3,0.36,800,0.1187,216.9
0.3,139,40,300,0.5,0.3,0.3663,800,0.1237,212.1
0.3,140,60,250,0.5,0.3,0.3775,800,0.1288,214.5
0.3,141,40,300,0.5,0.3,0.3862,800,0.1263,213.1
0.3,142,80,350,0.5,0.3,0.3762,800,0.135,213.6
0.3,143,40,350,0.5,0.3,0.38,800,0.1313,215.2
0.3,144,60,250,0.5,0.3,0.3812,800,0.1187,215.1
0.3,145,60,250,0.5,0.3,0.385,800,0.1237,213.4
0.3,146,40,350,0.5,0.3,0.3837,800,0.12,213.7
0.3,147,60,250,0.5,0.3,0.375,800,0.1263,215.2
0.3,148,40,250,0.5,0.3,0.3825,800,0.14,214.3
0.3,149,60,250,0.5,0.3,0.3688,800,0.1288,213.3
0.3,150,40,250,0.5,0.3,0.3738,800,0.1288,214.5
0.3,151,60,300,0.5,0.3,0.375,800,0.1275,214.7
0.3,152,60,300,0.5,0.3,0.3825,800,0.13,217.7
0.3,153,40,250,0.5,0.3,0.4012,800,0.13,215.5
0.3,154,40,300,0.5,0.3,0.375,800,0.1263,214.1
0.3,155,40,250,0.5,0.3,0.3588,800,0.125,216.1
0.3,156,80,400,0.5,0.3,0.3688,800,0.13,217.0
0.3,157,40,250,0.5,0.3,0.3713,800,0.1175,214.2
0.3,158,60,250,0.5,0.3,0.3513,800,0.1237,214.5
0.3,159,60,250,0.5,0.3,0.3787,800,0.1275,213.6
0.3,160,60,350,0.5,0.3,0.3762,800,0.125,215.4
0.3,161,40,250,0.5,0.3,0.3825,800,0.1187,215.9
0.3,162,60,300,0.5,0.3,0.3762,800,0.1212,216.4
0.3,163,40,250,0.5,0.3,0.3725,800,0.115,215.0
0.3,164,40,250,0.5,0.3,0.38,800,0.1163,213.4
0.3,165,80,250,0.5,0.3,0.3738,800,0.1175,214.3
0.3,166,40,250,0.5,0.3,0.3725,800,0.1187,216.3
0.3,167,60,250,0.5,0.3,0.3925,800,0.13,213.4
0.3,168,60,350,0.5,0.3,0.3725,800,0.1225,214.8
0.3,169,60,250,0.5,0.3,0.3638,800,0.1187,215.4
0.3,170,80,250,0.5,0.3,0.38,800,0.1275,213.9
0.3,171,80,350,0.5,0.3,0.3812,800,0.1275,215.4
0.3,172,80,350,0.5,0.3,0.37,800,0.1163,214.7
0.3,173,60,250,0.5,0.3,0.3762,800,0.1175,212.9
0.3,174,60,250,0.5,0.3,0.3775,800,0.115,212.9
0.3,175,40,250,0.5,0.3,0.385,800,0.125,213.2
0.3,176,60,250,0.5,0.3,0.3787,800,0.12,213.5
0.3,177,60,350,0.5,0.3,0.3675,800,0.1288,214.7
0.3,178,40,250,0.5,0.3,0.3825,800,0.1288,215.5
0.3,179,60,300,0.5,0.3,0.3862,800,0.1338,215.1
0.3,180,60,350,0.5,0.3,0.375,800,0.1288,217.9
0.3,181,40,350,0.5,0.3,0.37,800,0.1237,215.4
0.3,182,40,350,0.5,0.3,0.3837,800,0.1175,216.7
0.3,183,40,300,0.5,0.3,0.3713,800,0.1138,215.9
0.3,184,40,300,0.5,0.3,0.3875,800,0.1163,215.7
0.3,185,60,400,0.5,0.3,0.385,800,0.1263,215.1
0.3,186,40,250,0.5,0.3,0.38,800,0.125,216.8
0.3,187,60,250,0.5,0.3,0.3638,800,0.13,216.0
0.3,188,60,350,0.5,0.3,0.3762,800,0.1263,215.2
0.3,189,40,350,0.5,0.3,0.3762,800,0.1325,214.2
0.3,190,80,250,0.5,0.3,0.3725,800,0.1225,214.6
0.3,191,60,250,0.5,0.3,0.3725,800,0.125,215.2
0.3,192,40,350,0.5,0.3,0.3713,800,0.1313,214.1
0.3,193,60,350,0.5,0.3,0.3725,800,0.1225,216.5
0.3,194,60,350,0.5,0.3,0.3837,800,0.1313,215.9
0.3,195,60,350,0.5,0.3,0.3738,800,0.1237,213.7
0.3,196,60,250,0.5,0.3,0.3937,800,0.1237,215.0
0.3,197,40,250,0.5,0.3,0.3862,800,0.1175,214.4
0.3,198,40,250,0.5,0.3,0.3663,800,0.125,213.6
0.3,199,60,250,0.5,0.3,0.3725,800,0.1275,214.7
0.5,0,40,350,0.5,0.3,0.3912,800,0.1212,214.3
0.5,1,60,250,0.5,0.3,0.3725,800,0.1288,212.9
0.5,2,40,250,0.5,0.3,0.3638,800,0.125,214.8
0.5,3,40,250,0.5,0.3,0.3675,800,0.1125,213.8
0.5,4,40,250,0.5,0.3,0.3725,800,0.13,214.6
0.5,5,60,250,0.5,0.3,0.3713,800,0.1163,213.0
0.5,6,60,250,0.5,0.3,0.3688,800,0.12,212.6
0.5,7,60,350,0.5,0.3,0.3875,800,0.1263,214.1
0.5,8,60,250,0.5,0.3,0.3725,800,0.1163,211.7
0.5,9,60,350,0.5,0.3,0.3862,800,0.125,216.7
0.5,10,60,250,0.5,0.3,0.375,800,0.12,212.8
0.5,11,60,350,0.5,0.3,0.3725,800,0.1237,213.7
0.5,12,60,350,0.5,0.3,0.3738,800,0.125,214.0
0.5,13,60,400,0.5,0.3,0.3625,800,0.1212,213.2
0.5,14,60,250,0.5,0.3,0.3812,800,0.13,213.6
0.5,15,60,350,0.5,0.3,0.3775,800,0.1237,212.9
0.5,16,40,350,0.5,0.3,0.3713,800,0.115,212.9
0.5,17,60,250,0.5,0.3,0.3825,800,0.1187,211.7
0.5,18,60,250,0.5,0.3,0.3825,800,0.1212,212.8
0.5,19,60,250,0.5,0.3,0.3613,800,0.115,212.2
0.5,20,60,250,0.5,0.3,0.3837,800,0.1288,212.4
0.5,21,60,500,0.5,0.3,0.3675,800,0.1275,211.9
0.5,22,60,350,0.5,0.3,0.38,800,0.125,212.2
0.5,23,60,300,0.5,0.3,0.3787,800,0.13,213.1
0.5,24,60,250,0.5,0.3,0.3925,800,0.1225,214.8
0.5,25,40,350,0.5,0.3,0.3875,800,0.1237,210.9
0.5,26,60,250,0.5,0.3,0.3825,800,0.1212,213.6
0.5,27,60,300,0.5,0.3,0.3738,800,0.1225,212.3
0.5,28,40,250,0.5,0.3,0.365,800,0.1175,215.5
0.5,29,60,250,0.5,0.3,0.37,800,0.1275,210.9
0.5,30,40,250,0.5,0.3,0.3762,800,0.115,214.1
0.5,31,40,250,0.5,0.3,0.3825,800,0.1237,215.0
0.5,32,60,250,0.5,0.3,0.3875,800,0.1263,212.0
0.5,33,40,350,0.5,0.3,0.3575,800,0.1187,215.8
0.5,34,60,350,0.5,0.3,0.3588,800,0.125,213.0
0.5,35,60,350,0.5,0.3,0.3762,800,0.13,213.2
0.5,36,60,300,0.5,0.3,0.3937,800,0.1263,213.5
0.5,37,40,350,0.5,0.3,0.365,800,0.1212,212.9
0.5,38,60,350,0.5,0.3,0.375,800,0.1237,213.1
0.5,39,60,250,0.5,0.3,0.38,800,0.1175,213.1
0.5,40,60,400,0.5,0.3,0.3725,800,0.1187,214.5
0.5,41,60,350,0.5,0.3,0.38,800,0.1288,214.1
0.5,42,60,350,0.5,0.3,0.3725,800,0.1263,214.0
0.5,43,60,250,0.5,0.3,0.3825,800,0.1138,215.5
0.5,44,60,350,0.5,0.3,0.3862,800,0.1225,213.3
0.5,45,60,350,0.5,0.3,0.38,800,0.1175,213.6
0.5,46,60,250,0.5,0.3,0.3887,800,0.1275,212.9
0.5,47,60,350,0.5,0.3,0.3887,800,0.125,212.3
0.5,48,60,250,0.5,0.3,0.375,800,0.1187,212.1
0.5,49,60,250,0.5,0.3,0.3725,800,0.125,215.6
0.5,50,60,300,0.5,0.3,0.3775,800,0.1275,213.0
0.5,51,40,350,0.5,0.3,0.3688,800,0.1187,213.4
0.5,52,60,250,0.5,0.3,0.3713,800,0.1225,211.8
0.5,53,60,350,0.5,0.3,0.3713,800,0.1325,212.2
0.5,54,60,250,0.5,0.3,0.3625,800,0.1338,212.3
0.5,55,40,250,0.5,0.3,0.3675,800,0.1237,213.4
0.5,56,40,350,0.5,0.3,0.355,800,0.1263,213.1
0.5,57,60,350,0.5,0.3,0.365,800,0.1187,212.8
0.5,58,40,250,0.5,0.3,0.3613,800,0.1263,211.9
0.5,59,60,350,0.5,0.3,0.3725,800,0.1175,213.0
0.5,60,40,350,0.5,0.3,0.3775,800,0.1225,215.4
0.5,61,60,250,0.5,0.3,0.3762,800,0.125,212.6
0.5,62,60,350,0.5,0.3,0.3837,800,0.12,212.9
0.5,63,40,250,0.5,0.3,0.37,800,0.1212,214.4
0.5,64,60,250,0.5,0.3,0.3713,800,0.1225,212.5
0.5,65,60,250,0.5,0.3,0.3738,800,0.125,212.8
0.5,66,40,300,0.5,0.3,0.3575,800,0.1125,212.8
0.5,67,60,250,0.5,0.3,0.3638,800,0.125,214.0
0.5,68,60,250,0.5,0.3,0.3937,800,0.1225,214.0
0.5,69,60,350,0.5,0.3,0.3625,800,0.1237,212.5
0.5,70,60,250,0.5,0.3,0.395,800,0.1163,214.3
0.5,71,60,350,0.5,0.3,0.3812,800,0.12,215.2
0.5,72,60,300,0.5,0.3,0.37,800,0.1163,214.4
0.5,73,60,400,0.5,0.3,0.375,800,0.1187,213.1
0.5,74,40,250,0.5,0.3,0.3812,800,0.1187,212.5
0.5,75,60,350,0.5,0.3,0.39,800,0.125,212.8
0.5,76,40,350,0.5,0.3,0.3675,800,0.12,212.4
0.5,77,60,350,0.5,0.3,0.3725,800,0.1263,214.3
0.5,78,40,250,0.5,0.3,0.3738,800,0.1275,214.0
0.5,79,60,350,0.5,0.3,0.3825,800,0.125,214.2
0.5,80,60,350,0.5,0.3,0.3762,800,0.1175,214.4
0.5,81,60,350,0.5,0.3,0.3762,800,0.1288,213.7
0.5,82,60,250,0.5,0.3,0.3825,800,0.1263,211.8
0.5,83,60,350,0.5,0.3,0.3762,800,0.1163,213.7
0.5,84,60,250,0.5,0.3,0.3812,800,0.125,213.5
0.5,85,60,250,0.5,0.3,0.3588,800,0.1212,214.3
0.5,86,60,350,0.5,0.3,0.355,800,0.1175,211.7
0.5,87,40,350,0.5,0.3,0.3625,800,0.1175,213.0
0.5,88,40,200,0.7,0.5,0.355,800,0.1163,214.1
0.5,89,60,250,0.5,0.3,0.3762,800,0.1163,214.9
0.5,90,60,350,0.5,0.3,0.38,800,0.1263,211.4
0.5,91,60,250,0.5,0.3,0.3837,800,0.11,213.2
0.5,92,60,250,0.5,0.3,0.3775,800,0.1275,215.1
0.5,93,40,250,0.5,0.3,0.365,800,0.1212,212.8
0.5,94,60,250,0.5,0.3,0.3875,800,0.1338,215.1
0.5,95,60,350,0.5,0.3,0.38,800,0.1263,213.1
0.5,96,60,250,0.5,0.3,0.3762,800,0.1263,212.6
0.5,97,40,350,0.5,0.3,0.39,800,0.1225,213.3
0.5,98,60,350,0.5,0.3,0.3825,800,0.1163,212.2
0.5,99,60,350,0.5,0.3,0.3638,800,0.1275,212.3
0.5,100,60,350,0.5,0.3,0.3688,800,0.1187,210.7
0.5,101,60,350,0.5,0.3,0.375,800,0.12,212.9
0.5,102,40,250,0.5,0.3,0.36,800,0.1225,213.8
0.5,103,60,250,0.5,0.3,0.3738,800,0.1237,214.9
0.5,104,60,250,0.5,0.3,0.3775,800,0.135,212.6
0.5,105,60,250,0.5,0.3,0.3812,800,0.1187,212.0
0.5,106,60,250,0.5,0.3,0.3738,800,0.1288,210.0
0.5,107,60,250,0.5,0.3,0.3812,800,0.1288,213.0
0.5,108,60,250,0.5,0.3,0.3638,800,0.1212,213.9
0.5,109,40,300,0.5,0.3,0.3825,800,0.1187,214.1
0.5,110,60,300,0.5,0.3,0.3738,800,0.125,213.5
0.5,111,40,250,0.5,0.3,0.3775,800,0.1212,210.8
0.5,112,60,250,0.5,0.3,0.3825,800,0.1212,213.5
0.5,113,60,300,0.5,0.3,0.375,800,0.1237,212.0
0.5,114,60,250,0.5,0.3,0.3812,800,0.1138,212.3
0.5,115,40,250,0.5,0.3,0.375,800,0.1187,216.0
0.5,116,60,350,0.5,0.3,0.375,800,0.125,213.0
0.5,117,60,350,0.5,0.3,0.37,800,0.125,211.9
0.5,118,60,300,0.5,0.3,0.3713,800,0.1263,212.9
0.5,119,60,300,0.5,0.3,0.3775,800,0.12,213.6
0.5,120,60,350,0.5,0.3,0.38,800,0.1288,213.0
0.5,121,60,250,0.5,0.3,0.3688,800,0.1237,215.1
0.5,122,60,350,0.5,0.3,0.3738,800,0.1212,214.2
0.5,123,60,350,0.5,0.3,0.3787,800,0.11,215.7
0.5,124,60,250,0.5,0.3,0.3762,800,0.1225,212.8
0.5,125,40,250,0.5,0.3,0.38,800,0.1163,213.0
0.5,126,60,250,0.5,0.3,0.3738,800,0.1212,212.9
0.5,127,60,250,0.5,0.3,0.3725,800,0.13,210.7
0.5,128,60,300,0.5,0.3,0.3812,800,0.12,215.0
0.5,129,60,300,0.5,0.3,0.3812,800,0.1375,213.1
0.5,130,40,300,0.5,0.3,0.3775,800,0.1237,214.4
0.5,131,40,250,0.5,0.3,0.3588,800,0.1113,215.4
0.5,132,60,350,0.5,0.3,0.375,800,0.1237,214.1
0.5,133,60,300,0.5,0.3,0.3613,800,0.1288,214.6
0.5,134,60,300,0.5,0.3,0.3762,800,0.1275,215.3
0.5,135,60,250,0.5,0.3,0.3563,800,0.1187,212.7
0.5,136,60,350,0.5,0.3,0.375,800,0.1288,215.1
0.5,137,40,250,0.5,0.3,0.3675,800,0.1175,214.7
0.5,138,40,250,0.5,0.3,0.37,800,0.1212,214.5
0.5,139,60,250,0.5,0.3,0.3688,800,0.1212,213.2
0.5,140,60,300,0.5,0.3,0.3738,800,0.13,212.4
0.5,141,60,300,0.5,0.3,0.3775,800,0.1288,214.0
0.5,142,60,250,0.5,0.3,0.3738,800,0.125,213.9
0.5,143,60,250,0.5,0.3,0.37,800,0.1212,214.1
0.5,144,60,250,0.5,0.3,0.37,800,0.1187,213.4
0.5,145,60,250,0.5,0.3,0.375,800,0.1163,214.5
0.5,146,40,350,0.5,0.3,0.3525,800,0.1263,214.4
0.5,147,40,250,0.5,0.3,0.3787,800,0.12,213.3
0.5,148,60,250,0.5,0.3,0.3825,800,0.115,213.6
0.5,149,60,350,0.5,0.3,0.3675,800,0.1138,214.0
0.5,150,40,250,0.5,0.3,0.3663,800,0.1113,212.4
0.5,151,40,350,0.5,0.3,0.3738,800,0.1225,211.2
0.5,152,60,250,0.5,0.3,0.385,800,0.1263,213.3
0.5,153,60,350,0.5,0.3,0.3638,800,0.1288,214.3
0.5,154,60,250,0.5,0.3,0.3638,800,0.12,214.5
0.5,155,60,250,0.5,0.3,0.37,800,0.125,212.9
0.5,156,60,300,0.5,0.3,0.37,800,0.1225,214.1
0.5,157,40,250,0.5,0.3,0.3613,800,0.1212,214.6
0.5,158,60,350,0.5,0.3,0.3762,800,0.1237,212.8
0.5,159,60,350,0.5,0.3,0.38,800,0.1275,212.9
0.5,160,60,250,0.5,0.3,0.375,800,0.115,214.6
0.5,161,60,250,0.5,0.3,0.3688,800,0.1087,214.7
0.5,162,60,250,0.5,0.3,0.3862,800,0.115,212.2
0.5,163,40,350,0.5,0.3,0.37,800,0.125,214.5
0.5,164,60,250,0.5,0.3,0.3887,800,0.1288,212.8
0.5,165,40,250,0.5,0.3,0.37,800,0.1187,213.1
0.5,166,40,300,0.5,0.3,0.3663,800,0.115,213.3
0.5,167,60,350,0.5,0.3,0.3875,800,0.1225,212.9
0.5,168,60,350,0.5,0.3,0.37,800,0.1225,213.1
0.5,169,60,250,0.5,0.3,0.3625,800,0.125,213.7
0.5,170,40,350,0.5,0.3,0.3675,800,0.1212,214.9
0.5,171,60,350,0.5,0.3,0.3775,800,0.1263,214.5
0.5,172,60,300,0.5,0.3,0.3638,800,0.115,212.4
0.5,173,60,250,0.5,0.3,0.37,800,0.1138,214.1
0.5,174,60,300,0.5,0.3,0.38,800,0.1225,215.3
0.5,175,40,250,0.5,0.3,0.385,800,0.1113,214.0
0.5,176,40,500,0.5,0.3,0.3762,800,0.1237,212.3
0.5,177,40,250,0.5,0.3,0.375,800,0.1288,212.6
0.5,178,40,250,0.5,0.3,0.3688,800,0.1187,212.6
0.5,179,60,350,0.5,0.3,0.3812,800,0.1237,212.4
0.5,180,60,350,0.5,0.3,0.3787,800,0.1187,212.4
0.5,181,40,250,0.5,0.3,0.375,800,0.1275,214.7
0.5,182,60,250,0.5,0.3,0.3663,800,0.1275,211.8
0.5,183,60,350,0.5,0.3,0.365,800,0.1175,214.2
0.5,184,40,300,0.5,0.3,0.3812,800,0.105,214.0
0.5,185,60,350,0.5,0.3,0.3775,800,0.1175,212.5
0.5,186,60,250,0.5,0.3,0.38,800,0.125,212.4
0.5,187,60,250,0.5,0.3,0.3775,800,0.1338,213.0
0.5,188,40,350,0.5,0.3,0.3725,800,0.1212,212.0
0.5,189,60,300,0.5,0.3,0.3713,800,0.1113,213.7
0.5,190,40,350,0.5,0.3,0.3762,800,0.12,213.6
0.5,191,60,250,0.5,0.3,0.365,800,0.1225,214.8
0.5,192,60,250,0.5,0.3,0.37,800,0.1113,215.6
0.5,193,40,300,0.5,0.3,0.3762,800,0.1187,212.9
0.5,194,60,250,0.5,0.3,0.3812,800,0.12,213.1
0.5,195,60,350,0.5,0.3,0.39,800,0.125,210.9
0.5,196,60,350,0.5,0.3,0.3812,800,0.1163,213.6
0.5,197,60,350,0.5,0.3,0.3762,800,0.1288,213.0
0.5,198,60,350,0.5,0.3,0.3625,800,0.1288,213.7
0.5,199,60,250,0.5,0.3,0.3787,800,0.1237,210.9
